policy,config_id,config,query_count,recall_at_10,p5_per_query_recall,mean_shards_per_query,p95_shards_per_query,aggregate_distance_computations_per_query,p95_aggregate_distance_computations,max_shard_distance_computations_mean,p95_max_shard_distance_computations,p99_max_shard_distance_computations,aggregate_nodes_visited_per_query,p95_max_shard_nodes_visited,worker_cpu_time_us_per_query
P0,0b49a0aa365c7f1e,"{""policy"":""P0"",""fixed_p"":1,""uniform_ef_search"":8,""ef_min"":8,""ef_max"":512}",1000,0.4496,0.0,1.0,1.0,555.516,860.05,555.516,860.05,1060.07,12.415,17.0,251.785
P0,c2fa85a3f0ab9945,"{""policy"":""P0"",""fixed_p"":1,""uniform_ef_search"":16,""ef_min"":8,""ef_max"":512}",1000,0.4995,0.0,1.0,1.0,781.259,1217.05,781.259,1217.05,1433.03,18.392,24.0,315.018
P0,5c045e7c45e353d8,"{""policy"":""P0"",""fixed_p"":1,""uniform_ef_search"":32,""ef_min"":8,""ef_max"":512}",1000,0.566,0.0,1.0,1.0,1337.502,2021.1499999999999,1337.502,2021.1499999999999,2456.1,34.013,40.0,473.586
P0,21ab6f22997bc6b1,"{""policy"":""P0"",""fixed_p"":1,""uniform_ef_search"":64,""ef_min"":8,""ef_max"":512}",1000,0.6189,0.0,1.0,1.0,2365.971,3499.1499999999987,2365.971,3499.1499999999987,4059.18,65.308,71.0,775.983
P0,417e843a3088d802,"{""policy"":""P0"",""fixed_p"":1,""uniform_ef_search"":128,""ef_min"":8,""ef_max"":512}",1000,0.6533,0.0,1.0,1.0,4256.153,6460.699999999999,4256.153,6460.699999999999,7010.259999999998,128.721,132.0,1339.362
P0,c324b6c6b7211da0,"{""policy"":""P0"",""fixed_p"":1,""uniform_ef_search"":256,""ef_min"":8,""ef_max"":512}",1000,0.6801,0.1,1.0,1.0,7629.965,11734.75,7629.965,11734.75,12641.03,256.526,259.0,2390.285
P0,b5b284e41d984446,"{""policy"":""P0"",""fixed_p"":1,""uniform_ef_search"":512,""ef_min"":8,""ef_max"":512}",1000,0.6935,0.1,1.0,1.0,13361.81,20741.049999999996,13361.81,20741.049999999996,22410.37,512.276,513.0,4239.494
P0,0d52546b9c48598c,"{""policy"":""P0"",""fixed_p"":2,""uniform_ef_search"":8,""ef_min"":8,""ef_max"":512}",1000,0.5404,0.0,2.0,2.0,1093.204,1562.1,638.325,960.05,1137.02,25.53,21.0,476.899
P0,f8ff35239f22d22d,"{""policy"":""P0"",""fixed_p"":2,""uniform_ef_search"":16,""ef_min"":8,""ef_max"":512}",1000,0.5989,0.0,2.0,2.0,1557.564,2215.0,898.212,1342.3499999999997,1579.07,37.864,30.0,607.888
P0,08f3182b3aa721f6,"{""policy"":""P0"",""fixed_p"":2,""uniform_ef_search"":32,""ef_min"":8,""ef_max"":512}",1000,0.6752999999999999,0.1,2.0,2.0,2677.201,3765.2999999999997,1535.633,2216.1,2531.5799999999995,69.434,46.0,928.155
P0,da67bf187de3789d,"{""policy"":""P0"",""fixed_p"":2,""uniform_ef_search"":64,""ef_min"":8,""ef_max"":512}",1000,0.7373,0.2,2.0,2.0,4754.694,6655.2,2730.561,3852.6499999999996,4323.04,132.532,80.04999999999995,1542.724
P0,af38d3533799fe47,"{""policy"":""P0"",""fixed_p"":2,""uniform_ef_search"":128,""ef_min"":8,""ef_max"":512}",1000,0.7786000000000001,0.2,2.0,2.0,8575.068,12002.5,4940.019,6734.1,7232.0599999999995,258.88,141.0,2671.676
P0,dcb39bd612eae981,"{""policy"":""P0"",""fixed_p"":2,""uniform_ef_search"":256,""ef_min"":8,""ef_max"":512}",1000,0.8105,0.3,2.0,2.0,15482.706,21856.899999999998,8977.298,12326.15,12793.27,513.985,265.0,4790.511
P0,0829f8f57ab849e7,"{""policy"":""P0"",""fixed_p"":2,""uniform_ef_search"":512,""ef_min"":8,""ef_max"":512}",1000,0.829,0.3,2.0,2.0,27385.471,38859.75,15947.749,22021.55,22720.38,1025.35,520.0,8636.142
P0,0d78a84c38598d90,"{""policy"":""P0"",""fixed_p"":3,""uniform_ef_search"":8,""ef_min"":8,""ef_max"":512}",1000,0.5681,0.0,3.0,3.0,1639.132,2216.2,691.137,987.0999999999999,1151.09,39.473,24.0,697.26
P0,9ded195fc9ecf68a,"{""policy"":""P0"",""fixed_p"":3,""uniform_ef_search"":16,""ef_min"":8,""ef_max"":512}",1000,0.6301,0.1,3.0,3.0,2354.123,3187.25,981.247,1441.0,1635.1699999999998,58.37,33.0,903.732
P0,c6de7039a08707d0,"{""policy"":""P0"",""fixed_p"":3,""uniform_ef_search"":32,""ef_min"":8,""ef_max"":512}",1000,0.7112999999999999,0.2,3.0,3.0,4057.218,5540.25,1671.924,2295.2999999999997,2624.4299999999994,106.387,51.0,1384.913
P0,68ad1afbe4eba899,"{""policy"":""P0"",""fixed_p"":3,""uniform_ef_search"":64,""ef_min"":8,""ef_max"":512}",1000,0.7794,0.29500000000000026,3.0,3.0,7187.982,9738.1,2961.327,4009.999999999999,4391.2,200.933,85.0,2305.785
P0,85591d2ad956ddf2,"{""policy"":""P0"",""fixed_p"":3,""uniform_ef_search"":128,""ef_min"":8,""ef_max"":512}",1000,0.8244,0.3,3.0,3.0,12958.305,17495.399999999994,5330.295,6902.299999999999,7287.139999999999,390.074,146.04999999999995,4001.738
P0,0f1cf690f7612a1e,"{""policy"":""P0"",""fixed_p"":3,""uniform_ef_search"":256,""ef_min"":8,""ef_max"":512}",1000,0.8593,0.4,3.0,3.0,23457.461,31937.85,9685.524,12553.65,12879.279999999999,772.277,268.0,7201.782
P0,4ce505dd83497fff,"{""policy"":""P0"",""fixed_p"":3,""uniform_ef_search"":512,""ef_min"":8,""ef_max"":512}",1000,0.8795,0.5,3.0,3.0,41573.178,57084.299999999996,17235.565,22392.15,22948.05,1539.023,522.0,12994.382
P0,99f64554f021592d,"{""policy"":""P0"",""fixed_p"":4,""uniform_ef_search"":8,""ef_min"":8,""ef_max"":512}",1000,0.5831000000000001,0.1,4.0,4.0,2207.351,2859.25,743.689,1047.0,1240.2799999999997,54.323,27.0,921.336
P0,a3004f723fadd8fe,"{""policy"":""P0"",""fixed_p"":4,""uniform_ef_search"":16,""ef_min"":8,""ef_max"":512}",1000,0.6477,0.1,4.0,4.0,3179.195,4151.699999999999,1057.111,1482.1,1676.06,79.977,35.0,1201.133
P0,e95ef758d4a66d7b,"{""policy"":""P0"",""fixed_p"":4,""uniform_ef_search"":32,""ef_min"":8,""ef_max"":512}",1000,0.7313999999999999,0.2,4.0,4.0,5480.701,7161.4,1794.732,2401.0,2667.2999999999997,144.491,54.0,1852.48
P0,a6b99609271165a3,"{""policy"":""P0"",""fixed_p"":4,""uniform_ef_search"":64,""ef_min"":8,""ef_max"":512}",1000,0.8018,0.3,4.0,4.0,9690.363,12753.0,3149.106,4076.05,4466.12,270.592,89.0,3088.521
P0,1bec8afe1fc0b054,"{""policy"":""P0"",""fixed_p"":4,""uniform_ef_search"":128,""ef_min"":8,""ef_max"":512}",1000,0.8493999999999999,0.4,4.0,4.0,17448.941,22878.6,5662.981,6999.0,7492.2,522.42,150.0,5361.469
P0,3dab823a01b35c5e,"{""policy"":""P0"",""fixed_p"":4,""uniform_ef_search"":256,""ef_min"":8,""ef_max"":512}",1000,0.8859,0.5,4.0,4.0,31586.801,41676.45,10290.842,12641.1,12939.39,1031.431,271.0,9632.836
P0,aa29843b3dee6e57,"{""policy"":""P0"",""fixed_p"":4,""uniform_ef_search"":512,""ef_min"":8,""ef_max"":512}",1000,0.9066000000000001,0.5,4.0,4.0,56024.163,73869.75,18338.187,22547.6,22953.32,2053.443,523.0,17421.684
P0,446b5207cf485460,"{""policy"":""P0"",""fixed_p"":5,""uniform_ef_search"":8,""ef_min"":8,""ef_max"":512}",1000,0.591,0.1,5.0,5.0,2802.246,3542.1499999999996,790.173,1097.0,1278.01,70.119,27.049999999999955,1152.119
P0,aa5dd54171a0f563,"{""policy"":""P0"",""fixed_p"":5,""uniform_ef_search"":16,""ef_min"":8,""ef_max"":512}",1000,0.6565,0.1,5.0,5.0,4032.886,5118.4,1129.455,1543.1,1731.03,102.547,37.0,1504.868
P0,5a847d318c4942b5,"{""policy"":""P0"",""fixed_p"":5,""uniform_ef_search"":32,""ef_min"":8,""ef_max"":512}",1000,0.7425,0.2,5.0,5.0,6958.796,8906.25,1909.325,2452.0,2776.09,183.972,57.0,2338.061
P0,c02cd3dc90254d62,"{""policy"":""P0"",""fixed_p"":5,""uniform_ef_search"":64,""ef_min"":8,""ef_max"":512}",1000,0.8141,0.3,5.0,5.0,12272.231,15567.649999999998,3331.118,4175.1,4618.789999999999,341.879,93.0,3891.525
P0,9d34fdc1db05e160,"{""policy"":""P0"",""fixed_p"":5,""uniform_ef_search"":128,""ef_min"":8,""ef_max"":512}",1000,0.8633,0.4,5.0,5.0,22052.753,28200.5,5954.945,7027.25,7492.2,656.164,154.0,6731.5
P0,ca5880e647a3755f,"{""policy"":""P0"",""fixed_p"":5,""uniform_ef_search"":256,""ef_min"":8,""ef_max"":512}",1000,0.9017999999999999,0.6,5.0,5.0,39878.396,51049.65,10799.355,12664.1,12978.06,1291.339,273.0,12085.214
P0,14f5eafcb0332fbb,"{""policy"":""P0"",""fixed_p"":5,""uniform_ef_search"":512,""ef_min"":8,""ef_max"":512}",1000,0.923,0.6,5.0,5.0,70658.126,90077.84999999999,19215.761,22617.1,22953.32,2568.626,524.0,21886.581
P0,303f9db1f9e1a73c,"{""policy"":""P0"",""fixed_p"":6,""uniform_ef_search"":8,""ef_min"":8,""ef_max"":512}",1000,0.5983999999999999,0.1,6.0,6.0,3444.599,4273.25,841.211,1171.0,1343.1499999999999,86.855,29.0,1392.553
P0,0e66dd3f4c459f82,"{""policy"":""P0"",""fixed_p"":6,""uniform_ef_search"":16,""ef_min"":8,""ef_max"":512}",1000,0.6651,0.1,6.0,6.0,4957.575,6139.25,1200.792,1599.05,1802.1499999999999,126.319,38.049999999999955,1825.937
P0,3110d7fbe3ba6815,"{""policy"":""P0"",""fixed_p"":6,""uniform_ef_search"":32,""ef_min"":8,""ef_max"":512}",1000,0.7525,0.29500000000000026,6.0,6.0,8519.281,10507.449999999999,1999.479,2530.05,2914.06,224.438,58.049999999999955,2836.247
P0,eaeedd9ee1f651c9,"{""policy"":""P0"",""fixed_p"":6,""uniform_ef_search"":64,""ef_min"":8,""ef_max"":512}",1000,0.8259,0.4,6.0,6.0,14991.048,18615.1,3467.262,4259.299999999999,4697.25,414.269,95.0,4709.046
P0,54237e59b90e36fa,"{""policy"":""P0"",""fixed_p"":6,""uniform_ef_search"":128,""ef_min"":8,""ef_max"":512}",1000,0.8762000000000001,0.5,6.0,6.0,26856.416,33241.2,6146.11,7128.349999999999,7603.02,790.553,156.04999999999995,8131.961
P0,eb3013cb87df8000,"{""policy"":""P0"",""fixed_p"":6,""uniform_ef_search"":256,""ef_min"":8,""ef_max"":512}",1000,0.9155,0.6,6.0,6.0,48483.955,60331.1,11107.994,12704.1,12978.06,1551.868,274.04999999999995,14594.466
P0,1ae4a04a9ad7a731,"{""policy"":""P0"",""fixed_p"":6,""uniform_ef_search"":512,""ef_min"":8,""ef_max"":512}",1000,0.9375,0.7,6.0,6.0,85698.88,106694.09999999999,19663.201,22650.4,22985.46,3084.453,525.0,26372.937
P0,61fd2dd5bfa48992,"{""policy"":""P0"",""fixed_p"":7,""uniform_ef_search"":8,""ef_min"":8,""ef_max"":512}",1000,0.6031,0.1,7.0,7.0,4094.472,4992.45,880.366,1212.05,1380.09,104.615,30.0,1642.446
P0,919904318440da24,"{""policy"":""P0"",""fixed_p"":7,""uniform_ef_search"":16,""ef_min"":8,""ef_max"":512}",1000,0.6706,0.1,7.0,7.0,5875.72,7063.549999999999,1249.769,1644.2499999999998,1868.04,150.94,39.0,2150.949
P0,a1925b27f1e763c0,"{""policy"":""P0"",""fixed_p"":7,""uniform_ef_search"":32,""ef_min"":8,""ef_max"":512}",1000,0.7584,0.3,7.0,7.0,10073.235,12251.3,2060.868,2590.1,2937.0699999999997,266.215,61.0,3349.642
P0,a919b07094568633,"{""policy"":""P0"",""fixed_p"":7,""uniform_ef_search"":64,""ef_min"":8,""ef_max"":512}",1000,0.8332,0.4,7.0,7.0,17656.392,21615.6,3548.02,4288.1,4722.28,487.782,97.0,5547.52
P0,eef4b8b07ee446b9,"{""policy"":""P0"",""fixed_p"":7,""uniform_ef_search"":128,""ef_min"":8,""ef_max"":512}",1000,0.8847,0.5,7.0,7.0,31539.349,38291.799999999996,6252.096,7154.05,7605.05,926.179,159.0,9547.651
P0,ea057df962b946f1,"{""policy"":""P0"",""fixed_p"":7,""uniform_ef_search"":256,""ef_min"":8,""ef_max"":512}",1000,0.9242999999999999,0.6,7.0,7.0,56846.598,69344.84999999999,11277.596,12719.1,12984.1,1813.521,276.0,17136.652
P0,68b4de3f083f9d42,"{""policy"":""P0"",""fixed_p"":7,""uniform_ef_search"":512,""ef_min"":8,""ef_max"":512}",1000,0.9462,0.7,7.0,7.0,100263.776,122056.75,19889.098,22703.05,23031.22,3600.893,526.0,30869.029
P0,333a3bad5e95057e,"{""policy"":""P0"",""fixed_p"":8,""uniform_ef_search"":8,""ef_min"":8,""ef_max"":512}",1000,0.6079,0.1,8.0,8.0,4750.787,5735.15,912.236,1233.1499999999999,1399.1499999999999,123.229,31.0,1903.551
P0,e824df74b20487ae,"{""policy"":""P0"",""fixed_p"":8,""uniform_ef_search"":16,""ef_min"":8,""ef_max"":512}",1000,0.676,0.1,8.0,8.0,6807.919,8057.0,1285.378,1674.05,1879.2899999999997,176.767,41.0,2493.098
P0,330b988fe5577adf,"{""policy"":""P0"",""fixed_p"":8,""uniform_ef_search"":32,""ef_min"":8,""ef_max"":512}",1000,0.7651,0.3,8.0,8.0,11647.65,13936.449999999999,2115.626,2615.05,2946.14,309.427,63.0,3886.673
P0,1f7f2632ffdd2c93,"{""policy"":""P0"",""fixed_p"":8,""uniform_ef_search"":64,""ef_min"":8,""ef_max"":512}",1000,0.8405,0.4,8.0,8.0,20346.2,24303.4,3610.791,4315.349999999999,4724.26,562.99,99.0,6414.236
P0,56f8cda4dc331e86,"{""policy"":""P0"",""fixed_p"":8,""uniform_ef_search"":128,""ef_min"":8,""ef_max"":512}",1000,0.8923,0.5,8.0,8.0,36225.353,43486.1,6321.688,7185.15,7610.04,1062.864,161.0,11018.804
P0,b1e3a0699fdb2bf4,"{""policy"":""P0"",""fixed_p"":8,""uniform_ef_search"":256,""ef_min"":8,""ef_max"":512}",1000,0.932,0.7,8.0,8.0,65197.388,78122.75,11367.632,12719.1,12984.1,2076.082,279.0,19768.476
P0,af9440235c54d08c,"{""policy"":""P0"",""fixed_p"":8,""uniform_ef_search"":512,""ef_min"":8,""ef_max"":512}",1000,0.954,0.7,8.0,8.0,114839.226,137084.2,20025.415,22704.2,23053.1,4118.485,527.0,35566.147
P0,80e79d74502f8b50,"{""policy"":""P0"",""fixed_p"":9,""uniform_ef_search"":8,""ef_min"":8,""ef_max"":512}",1000,0.6101,0.1,9.0,9.0,5450.847,6539.4,947.335,1265.1,1437.08,142.858,32.0,2176.367
P0,88d648e4a08653a8,"{""policy"":""P0"",""fixed_p"":9,""uniform_ef_search"":16,""ef_min"":8,""ef_max"":512}",1000,0.6785,0.19500000000000028,9.0,9.0,7789.812,9176.1,1322.119,1713.05,1914.04,203.553,41.0,2848.946
P0,180ad89fc7642bfb,"{""policy"":""P0"",""fixed_p"":9,""uniform_ef_search"":32,""ef_min"":8,""ef_max"":512}",1000,0.7687999999999999,0.3,9.0,9.0,13290.68,15584.9,2167.705,2666.05,2946.14,353.508,64.0,4438.77
P0,6457f4a233d21feb,"{""policy"":""P0"",""fixed_p"":9,""uniform_ef_search"":64,""ef_min"":8,""ef_max"":512}",1000,0.8446,0.4,9.0,9.0,23129.394,27194.449999999997,3669.924,4351.299999999999,4763.01,638.57,102.0,7302.102
P0,ac7f79366b56dc97,"{""policy"":""P0"",""fixed_p"":9,""uniform_ef_search"":128,""ef_min"":8,""ef_max"":512}",1000,0.897,0.6,9.0,9.0,41100.202,47889.6,6375.726,7207.15,7614.11,1200.341,163.0,12536.267
P0,87d0d3ac10d40ff4,"{""policy"":""P0"",""fixed_p"":9,""uniform_ef_search"":256,""ef_min"":8,""ef_max"":512}",1000,0.9372,0.7,9.0,9.0,73837.038,86436.0,11434.9,12721.25,12984.1,2339.241,280.0,22457.702
P0,6f674149f8d2e666,"{""policy"":""P0"",""fixed_p"":9,""uniform_ef_search"":512,""ef_min"":8,""ef_max"":512}",1000,0.9596,0.8,9.0,9.0,129792.202,152382.9,20117.581,22704.2,23053.1,4636.57,528.0,40377.101
P0,9eabfe8e5eb924cd,"{""policy"":""P0"",""fixed_p"":10,""uniform_ef_search"":8,""ef_min"":8,""ef_max"":512}",1000,0.612,0.1,10.0,10.0,6176.681,7313.0,982.057,1291.1999999999998,1502.07,163.661,32.0,2451.191
P0,12e0c4b2b17dd1de,"{""policy"":""P0"",""fixed_p"":10,""uniform_ef_search"":16,""ef_min"":8,""ef_max"":512}",1000,0.6805,0.19500000000000028,10.0,10.0,8800.702,10226.3,1364.823,1761.1,1942.1599999999999,231.481,42.0,3205.565
P0,78558481262c5854,"{""policy"":""P0"",""fixed_p"":10,""uniform_ef_search"":32,""ef_min"":8,""ef_max"":512}",1000,0.7713,0.3,10.0,10.0,14965.181,17311.2,2218.023,2713.1499999999996,2996.5599999999995,398.695,65.0,4991.439
P0,9ed71bdf84182575,"{""policy"":""P0"",""fixed_p"":10,""uniform_ef_search"":64,""ef_min"":8,""ef_max"":512}",1000,0.8473999999999999,0.4,10.0,10.0,25950.934,29890.149999999998,3720.257,4383.1,4763.01,715.313,103.0,8194.843
P0,1ef59d2505dd9bea,"{""policy"":""P0"",""fixed_p"":10,""uniform_ef_search"":128,""ef_min"":8,""ef_max"":512}",1000,0.9002,0.6,10.0,10.0,46010.369,52798.95,6421.521,7231.0,7614.11,1339.191,166.0,14035.786
P0,296ca6c67b1beb13,"{""policy"":""P0"",""fixed_p"":10,""uniform_ef_search"":256,""ef_min"":8,""ef_max"":512}",1000,0.9409,0.7,10.0,10.0,82477.602,94555.9,11481.392,12726.0,12984.1,2603.302,280.0,25090.951
P0,2797e2008bf41be6,"{""policy"":""P0"",""fixed_p"":10,""uniform_ef_search"":512,""ef_min"":8,""ef_max"":512}",1000,0.9637,0.8,10.0,10.0,144664.031,166184.65,20169.165,22704.2,23053.1,5155.661,529.0,45027.894
P0,ca28223809b65282,"{""policy"":""P0"",""fixed_p"":11,""uniform_ef_search"":8,""ef_min"":8,""ef_max"":512}",1000,0.6137999999999999,0.1,11.0,11.0,6872.653,8019.1,1002.74,1308.1499999999999,1522.1,184.421,33.0,2726.332
P0,61637d509488e482,"{""policy"":""P0"",""fixed_p"":11,""uniform_ef_search"":16,""ef_min"":8,""ef_max"":512}",1000,0.6827000000000001,0.2,11.0,11.0,9785.66,11312.449999999999,1390.338,1795.1999999999998,1942.1599999999999,259.774,43.0,3567.426
P0,ba7a3cf44686d266,"{""policy"":""P0"",""fixed_p"":11,""uniform_ef_search"":32,""ef_min"":8,""ef_max"":512}",1000,0.7737999999999999,0.3,11.0,11.0,16569.027,18997.75,2242.491,2731.05,2996.5599999999995,443.756,66.0,5545.653
P0,9d33add99cc3c996,"{""policy"":""P0"",""fixed_p"":11,""uniform_ef_search"":64,""ef_min"":8,""ef_max"":512}",1000,0.8503,0.4,11.0,11.0,28654.906,32563.35,3749.392,4415.1,4764.34,791.974,104.0,9080.251
P0,377c9ca88ec15024,"{""policy"":""P0"",""fixed_p"":11,""uniform_ef_search"":128,""ef_min"":8,""ef_max"":512}",1000,0.9036000000000001,0.6,11.0,11.0,50696.049,57522.149999999994,6438.432,7231.05,7614.11,1477.883,167.04999999999995,15512.514
P0,8144326548b4f864,"{""policy"":""P0"",""fixed_p"":11,""uniform_ef_search"":256,""ef_min"":8,""ef_max"":512}",1000,0.9446,0.7,11.0,11.0,90670.821,102765.3,11496.261,12726.0,12984.1,2867.759,281.04999999999995,27715.543
P0,579d6546fbc63b68,"{""policy"":""P0"",""fixed_p"":11,""uniform_ef_search"":512,""ef_min"":8,""ef_max"":512}",1000,0.9677,0.8,11.0,11.0,158516.236,179973.95,20184.099,22704.2,23053.1,5674.854,530.0,49558.95
P0,abeb604acbab1b1f,"{""policy"":""P0"",""fixed_p"":12,""uniform_ef_search"":8,""ef_min"":8,""ef_max"":512}",1000,0.6153,0.1,12.0,12.0,7554.421,8683.5,1020.305,1314.2999999999997,1522.1,205.385,33.0,2998.176
P0,b8fabd867f7565a3,"{""policy"":""P0"",""fixed_p"":12,""uniform_ef_search"":16,""ef_min"":8,""ef_max"":512}",1000,0.6845,0.2,12.0,12.0,10725.285,12266.0,1409.377,1799.1499999999999,1942.1599999999999,287.699,43.0,3913.882
P0,33978ff44d20c00e,"{""policy"":""P0"",""fixed_p"":12,""uniform_ef_search"":32,""ef_min"":8,""ef_max"":512}",1000,0.7757999999999999,0.3,12.0,12.0,18114.382,20626.699999999997,2261.877,2755.2,3055.05,488.786,66.0,6077.184
P0,a40aada07a76321f,"{""policy"":""P0"",""fixed_p"":12,""uniform_ef_search"":64,""ef_min"":8,""ef_max"":512}",1000,0.8528,0.4,12.0,12.0,31236.738,35517.8,3768.695,4420.0999999999985,4779.19,868.413,105.0,9926.411
P0,27dca1a2daeec164,"{""policy"":""P0"",""fixed_p"":12,""uniform_ef_search"":128,""ef_min"":8,""ef_max"":512}",1000,0.9063,0.6,12.0,12.0,55104.35,62427.25,6449.061,7232.0,7614.11,1615.841,168.0,16918.202
P0,795b1a65b3c74c5f,"{""policy"":""P0"",""fixed_p"":12,""uniform_ef_search"":256,""ef_min"":8,""ef_max"":512}",1000,0.9475,0.7,12.0,12.0,98280.674,111388.9,11504.79,12726.0,12984.1,3131.829,282.0,30144.851
P0,b91e1e3c9d7f36fe,"{""policy"":""P0"",""fixed_p"":12,""uniform_ef_search"":512,""ef_min"":8,""ef_max"":512}",1000,0.9705,0.8,12.0,12.0,171137.484,194573.05,20194.657,22704.2,23053.1,6193.984,530.0,53740.777
P0,678a81e9b235ec52,"{""policy"":""P0"",""fixed_p"":13,""uniform_ef_search"":8,""ef_min"":8,""ef_max"":512}",1000,0.6167999999999999,0.1,13.0,13.0,8261.947,9518.099999999999,1039.45,1339.1,1522.1,226.26,33.0,3270.215
P0,4e63d55d31d80b65,"{""policy"":""P0"",""fixed_p"":13,""uniform_ef_search"":16,""ef_min"":8,""ef_max"":512}",1000,0.6862,0.2,13.0,13.0,11711.936,13278.35,1435.609,1815.05,1974.1,315.686,43.0,4267.146
P0,446fd2108a8abb4b,"{""policy"":""P0"",""fixed_p"":13,""uniform_ef_search"":32,""ef_min"":8,""ef_max"":512}",1000,0.7778999999999999,0.3,13.0,13.0,19720.209,22217.949999999997,2297.421,2785.45,3064.04,533.334,67.0,6611.191
P0,202b5339353057bc,"{""policy"":""P0"",""fixed_p"":13,""uniform_ef_search"":64,""ef_min"":8,""ef_max"":512}",1000,0.8549,0.4,13.0,13.0,33948.887,38439.1,3818.565,4500.599999999999,4881.07,944.443,105.0,10794.835
P0,16a13219ba1b7bef,"{""policy"":""P0"",""fixed_p"":13,""uniform_ef_search"":128,""ef_min"":8,""ef_max"":512}",1000,0.9085,0.6,13.0,13.0,59800.726,67319.65,6528.535,7342.1,7798.11,1753.953,169.0,18352.278
P0,d0dfc66d822300a3,"{""policy"":""P0"",""fixed_p"":13,""uniform_ef_search"":256,""ef_min"":8,""ef_max"":512}",1000,0.9499,0.7,13.0,13.0,106441.135,119760.5,11672.805,12779.0,13089.15,3395.982,283.0,32629.772
P0,b713df29fea4f384,"{""policy"":""P0"",""fixed_p"":13,""uniform_ef_search"":512,""ef_min"":8,""ef_max"":512}",1000,0.9732000000000001,0.8,13.0,13.0,184868.456,208325.75,20637.918,22758.05,23120.01,6713.217,530.0,58046.732
P0,56efd4cfe538fd17,"{""policy"":""P0"",""fixed_p"":14,""uniform_ef_search"":8,""ef_min"":8,""ef_max"":512}",1000,0.6174,0.1,14.0,14.0,8956.465,10292.2,1051.271,1348.1999999999998,1541.1599999999999,247.177,33.0,3541.458
P0,be6137e7432e5bfe,"{""policy"":""P0"",""fixed_p"":14,""uniform_ef_search"":16,""ef_min"":8,""ef_max"":512}",1000,0.687,0.2,14.0,14.0,12663.463,14388.199999999999,1448.946,1821.1999999999998,2017.06,343.434,44.0,4620.57
P0,10ecae6e42b62b02,"{""policy"":""P0"",""fixed_p"":14,""uniform_ef_search"":32,""ef_min"":8,""ef_max"":512}",1000,0.7792,0.3,14.0,14.0,21274.394,23858.25,2319.066,2819.1499999999996,3064.04,577.846,67.0,7143.886
P0,021d26e222c8adf7,"{""policy"":""P0"",""fixed_p"":14,""uniform_ef_search"":64,""ef_min"":8,""ef_max"":512}",1000,0.8563999999999999,0.4,14.0,14.0,36547.261,40857.05,3847.452,4546.15,4888.219999999999,1020.322,106.0,11644.03
P0,2af95bfe6370ac06,"{""policy"":""P0"",""fixed_p"":14,""uniform_ef_search"":128,""ef_min"":8,""ef_max"":512}",1000,0.9101,0.6,14.0,14.0,64260.649,71608.35,6584.608,7408.05,7847.07,1892.026,169.0,19770.43
P0,cccbbf92458e1aa8,"{""policy"":""P0"",""fixed_p"":14,""uniform_ef_search"":256,""ef_min"":8,""ef_max"":512}",1000,0.9515,0.7,14.0,14.0,114061.35,127132.7,11789.626,12816.2,13104.699999999999,3659.747,283.0,35044.536
P0,854b07d1cd243888,"{""policy"":""P0"",""fixed_p"":14,""uniform_ef_search"":512,""ef_min"":8,""ef_max"":512}",1000,0.9749,0.8,14.0,14.0,197458.135,221616.15,20946.521,22793.05,23124.17,7232.286,530.0,62209.16
P0,ebd1496f174824b0,"{""policy"":""P0"",""fixed_p"":15,""uniform_ef_search"":8,""ef_min"":8,""ef_max"":512}",1000,0.6183,0.1,15.0,15.0,9703.126,11199.35,1071.562,1399.05,1578.08,268.488,34.0,3845.973
P0,0231ffa2202c4f99,"{""policy"":""P0"",""fixed_p"":15,""uniform_ef_search"":16,""ef_min"":8,""ef_max"":512}",1000,0.688,0.2,15.0,15.0,13702.125,15540.449999999999,1471.605,1866.0,2046.08,371.828,44.0,5019.358
P0,6678402b2146df97,"{""policy"":""P0"",""fixed_p"":15,""uniform_ef_search"":32,""ef_min"":8,""ef_max"":512}",1000,0.7804,0.3,15.0,15.0,22985.872,25596.35,2353.045,2899.2,3089.2999999999997,623.195,67.0,7751.829
P0,1ce9ee69050d717f,"{""policy"":""P0"",""fixed_p"":15,""uniform_ef_search"":64,""ef_min"":8,""ef_max"":512}",1000,0.8582000000000001,0.5,15.0,15.0,39424.175,43687.65,3900.854,4614.15,5062.13,1097.193,107.0,12623.87
P0,c038b406ab76948b,"{""policy"":""P0"",""fixed_p"":15,""uniform_ef_search"":128,""ef_min"":8,""ef_max"":512}",1000,0.9118999999999999,0.6,15.0,15.0,69214.931,75950.05,6661.06,7464.1,7919.25,2030.427,169.0,21416.43
P0,ee24b6093ec97a47,"{""policy"":""P0"",""fixed_p"":15,""uniform_ef_search"":256,""ef_min"":8,""ef_max"":512}",1000,0.9534,0.7,15.0,15.0,122691.527,134421.3,11920.289,12829.65,13174.22,3924.252,284.0,37925.55
P0,fdf95a1f050aed25,"{""policy"":""P0"",""fixed_p"":15,""uniform_ef_search"":512,""ef_min"":8,""ef_max"":512}",1000,0.9769,0.9,15.0,15.0,212063.047,232072.19999999998,21211.479,22821.8,23141.02,7751.783,531.0,67217.39
P0,f45741785f1b873a,"{""policy"":""P0"",""fixed_p"":16,""uniform_ef_search"":8,""ef_min"":8,""ef_max"":512}",1000,0.6197999999999999,0.1,16.0,16.0,10482.821,11986.55,1091.806,1407.1,1578.08,290.066,34.0,4166.692
P0,5c4520f0f982bd82,"{""policy"":""P0"",""fixed_p"":16,""uniform_ef_search"":16,""ef_min"":8,""ef_max"":512}",1000,0.6897000000000001,0.2,16.0,16.0,14780.116,16632.55,1492.418,1875.1,2046.08,400.554,44.0,5438.346
P0,b2a49b2608c27912,"{""policy"":""P0"",""fixed_p"":16,""uniform_ef_search"":32,""ef_min"":8,""ef_max"":512}",1000,0.7826000000000001,0.3,16.0,16.0,24753.339,27560.1,2385.157,2924.2999999999997,3146.02,668.91,68.0,8389.03
P0,695e7dca4db6f39f,"{""policy"":""P0"",""fixed_p"":16,""uniform_ef_search"":64,""ef_min"":8,""ef_max"":512}",1000,0.861,0.5,16.0,16.0,42431.055,46601.99999999999,3945.81,4633.0,5062.13,1175.061,107.0,13667.818
P0,07e69847718ea3af,"{""policy"":""P0"",""fixed_p"":16,""uniform_ef_search"":128,""ef_min"":8,""ef_max"":512}",1000,0.9153,0.6,16.0,16.0,74447.848,80946.15,6711.524,7528.05,7944.599999999999,2170.405,169.0,23210.429
P0,875dbdbe2e5e3e8a,"{""policy"":""P0"",""fixed_p"":16,""uniform_ef_search"":256,""ef_min"":8,""ef_max"":512}",1000,0.9567,0.8,16.0,16.0,131955.308,142639.15,11983.704,12854.1,13196.09,4189.441,284.04999999999995,41094.43
P0,39e435cfae90771d,"{""policy"":""P0"",""fixed_p"":16,""uniform_ef_search"":512,""ef_min"":8,""ef_max"":512}",1000,0.9805,0.9,16.0,16.0,228256.403,245287.35,21335.319,22821.8,23141.02,8271.63,531.0,72880.372
P1,0a54065045ca7bff,"{""policy"":""P1"",""uniform_ef_search"":8,""ef_min"":8,""ef_max"":512}",1000,0.6102000000000001,0.1,6.263,11.0,3501.424,6713.999999999999,762.103,1107.1499999999999,1286.01,80.962,23.0,1403.819
P1,cd741f938e433297,"{""policy"":""P1"",""uniform_ef_search"":16,""ef_min"":8,""ef_max"":512}",1000,0.6784,0.2,6.263,11.0,5129.813,9897.15,1088.446,1558.05,1802.05,122.178,33.0,1852.539
P1,b89c88bbdb3386d5,"{""policy"":""P1"",""uniform_ef_search"":32,""ef_min"":8,""ef_max"":512}",1000,0.7687,0.3,6.263,11.0,9002.29,17684.85,1841.63,2534.3499999999995,2903.1099999999997,225.479,53.0,2931.645
P1,e62a2b9c534c1b59,"{""policy"":""P1"",""uniform_ef_search"":64,""ef_min"":8,""ef_max"":512}",1000,0.8449,0.4,6.263,11.0,15963.531,30858.399999999994,3196.945,4265.299999999999,4618.36,423.478,90.0,4913.49
P1,998f0f85974aac3e,"{""policy"":""P1"",""uniform_ef_search"":128,""ef_min"":8,""ef_max"":512}",1000,0.8972,0.5,6.263,11.0,28738.299,55513.45,5695.531,7199.4,7614.11,816.096,152.0,8536.244
P1,506ed44810159d6b,"{""policy"":""P1"",""uniform_ef_search"":256,""ef_min"":8,""ef_max"":512}",1000,0.9382,0.7,6.263,11.0,51935.929,100608.04999999999,10300.834,12726.15,12990.04,1611.014,271.0,15394.911
P1,6d28ad1d522389b1,"{""policy"":""P1"",""uniform_ef_search"":512,""ef_min"":8,""ef_max"":512}",1000,0.9611000000000001,0.8,6.263,11.0,91626.36,176755.8,18291.671,22708.2,23053.1,3210.802,520.0,27819.983
P2,c96a67cd19ac66f0,"{""policy"":""P2"",""fixed_p"":1,""alpha"":1,""beta"":4,""ef_min"":8,""ef_max"":512}",1000,0.5738,0.0,1.0,1.0,1407.054,2307.05,1407.054,2307.05,2608.1099999999997,36.917,52.0,499.107
P2,3f7c456270e3625f,"{""policy"":""P2"",""fixed_p"":1,""alpha"":1,""beta"":8,""ef_min"":8,""ef_max"":512}",1000,0.5835,0.0,1.0,1.0,1543.333,2472.05,1543.333,2472.05,2871.4299999999994,40.897,56.0,536.6
P2,531c07e1f9334648,"{""policy"":""P2"",""fixed_p"":1,""alpha"":1,""beta"":16,""ef_min"":8,""ef_max"":512}",1000,0.5962000000000001,0.0,1.0,1.0,1798.927,2827.2,1798.927,2827.2,3136.09,48.663,64.0,613.75
P2,4e62047a763ed600,"{""policy"":""P2"",""fixed_p"":1,""alpha"":1,""beta"":32,""ef_min"":8,""ef_max"":512}",1000,0.6173,0.0,1.0,1.0,2304.099,3493.0,2304.099,3493.0,3817.1,64.348,80.0,762.376
P2,6c5815516e61ebef,"{""policy"":""P2"",""fixed_p"":1,""alpha"":1,""beta"":64,""ef_min"":8,""ef_max"":512}",1000,0.6404,0.0,1.0,1.0,3270.817,4907.349999999999,3270.817,4907.349999999999,5217.11,95.877,112.0,1053.072
P2,80bf247ca00c1dc1,"{""policy"":""P2"",""fixed_p"":1,""alpha"":2,""beta"":4,""ef_min"":8,""ef_max"":512}",1000,0.6184,0.0,1.0,1.0,2361.283,4015.05,2361.283,4015.05,4447.0599999999995,67.342,100.0,780.211
P2,333a7cc558970c53,"{""policy"":""P2"",""fixed_p"":1,""alpha"":2,""beta"":8,""ef_min"":8,""ef_max"":512}",1000,0.6221,0.0,1.0,1.0,2482.191,4161.05,2482.191,4161.05,4625.04,71.232,104.0,818.403
P2,3002ab51f500319e,"{""policy"":""P2"",""fixed_p"":1,""alpha"":2,""beta"":16,""ef_min"":8,""ef_max"":512}",1000,0.6281,0.0,1.0,1.0,2727.058,4464.2,2727.058,4464.2,4938.18,79.138,112.0,898.33
P2,1a516bf36a436450,"{""policy"":""P2"",""fixed_p"":1,""alpha"":2,""beta"":32,""ef_min"":8,""ef_max"":512}",1000,0.6377,0.0,1.0,1.0,3202.141,5069.4,3202.141,5069.4,5608.12,94.864,128.0,1029.678
P2,6f2b595307ade4bd,"{""policy"":""P2"",""fixed_p"":1,""alpha"":2,""beta"":64,""ef_min"":8,""ef_max"":512}",1000,0.6513,0.0,1.0,1.0,4129.563,6326.05,4129.563,6326.05,6864.139999999999,126.697,160.0,1312.976
P2,527c7c313aa2f396,"{""policy"":""P2"",""fixed_p"":1,""alpha"":4,""beta"":4,""ef_min"":8,""ef_max"":512}",1000,0.6489,0.0,1.0,1.0,4094.608,7053.3499999999985,4094.608,7053.3499999999985,7928.17,128.587,196.0,1298.196
P2,86830e995bf9b165,"{""policy"":""P2"",""fixed_p"":1,""alpha"":4,""beta"":8,""ef_min"":8,""ef_max"":512}",1000,0.651,0.0,1.0,1.0,4209.401,7132.749999999998,4209.401,7132.749999999998,8051.19,132.616,200.0,1351.112
P2,6ccb6139c6d1ce6e,"{""policy"":""P2"",""fixed_p"":1,""alpha"":4,""beta"":16,""ef_min"":8,""ef_max"":512}",1000,0.6537999999999999,0.0,1.0,1.0,4432.321,7463.599999999998,4432.321,7463.599999999998,8343.43,140.542,208.0,1412.988
P2,334cc0a5e8aaaf21,"{""policy"":""P2"",""fixed_p"":1,""alpha"":4,""beta"":32,""ef_min"":8,""ef_max"":512}",1000,0.6584,0.0,1.0,1.0,4871.707,7998.599999999999,4871.707,7998.599999999999,8951.16,156.446,224.0,1553.952
P2,7535a68ddcfbda1c,"{""policy"":""P2"",""fixed_p"":1,""alpha"":4,""beta"":64,""ef_min"":8,""ef_max"":512}",1000,0.6664,0.0,1.0,1.0,5727.731,9122.599999999999,5727.731,9122.599999999999,10017.55,188.302,256.0,1826.979
P2,1aeb13f380d086bd,"{""policy"":""P2"",""fixed_p"":1,""alpha"":8,""beta"":4,""ef_min"":8,""ef_max"":512}",1000,0.6733,0.0,1.0,1.0,7156.297,12356.699999999997,7156.297,12356.699999999997,13924.55,251.933,388.0,2273.059
P2,a751d0d21c2139a0,"{""policy"":""P2"",""fixed_p"":1,""alpha"":8,""beta"":8,""ef_min"":8,""ef_max"":512}",1000,0.6736,0.0,1.0,1.0,7256.753,12497.449999999999,7256.753,12497.449999999999,13993.47,255.934,392.0,2309.653
P2,23760f545f1fbe57,"{""policy"":""P2"",""fixed_p"":1,""alpha"":8,""beta"":16,""ef_min"":8,""ef_max"":512}",1000,0.675,0.0,1.0,1.0,7451.492,12732.499999999998,7451.492,12732.499999999998,14252.34,263.871,400.0,2360.827
P2,e9921c9f33866ecb,"{""policy"":""P2"",""fixed_p"":1,""alpha"":8,""beta"":32,""ef_min"":8,""ef_max"":512}",1000,0.6772999999999999,0.09500000000000029,1.0,1.0,7843.576,13157.1,7843.576,13157.1,14731.71,279.812,416.0,2486.455
P2,0f950bbf810ce679,"{""policy"":""P2"",""fixed_p"":1,""alpha"":8,""beta"":64,""ef_min"":8,""ef_max"":512}",1000,0.6815,0.1,1.0,1.0,8611.295,14120.049999999996,8611.295,14120.049999999996,15697.099999999999,311.785,448.0,2731.512
P2,a63cbbe053d19b74,"{""policy"":""P2"",""fixed_p"":1,""alpha"":16,""beta"":4,""ef_min"":8,""ef_max"":512}",1000,0.6886,0.1,1.0,1.0,11222.155,18331.4,11222.155,18331.4,20110.239999999998,427.77,512.0,3573.374
P2,c39b4b3e12f7da50,"{""policy"":""P2"",""fixed_p"":1,""alpha"":16,""beta"":8,""ef_min"":8,""ef_max"":512}",1000,0.6887000000000001,0.1,1.0,1.0,11277.512,18343.0,11277.512,18343.0,20227.06,429.943,512.0,3599.469
P2,1aaf112fe3cffa07,"{""policy"":""P2"",""fixed_p"":1,""alpha"":16,""beta"":16,""ef_min"":8,""ef_max"":512}",1000,0.689,0.1,1.0,1.0,11384.538,18343.0,11384.538,18343.0,20273.79,434.237,512.0,3617.807
P2,d9ff991f44b85001,"{""policy"":""P2"",""fixed_p"":1,""alpha"":16,""beta"":32,""ef_min"":8,""ef_max"":512}",1000,0.6892999999999999,0.1,1.0,1.0,11588.116,18609.95,11588.116,18609.95,20430.85,442.361,512.0,3705.465
P2,96327a6abaa46ad5,"{""policy"":""P2"",""fixed_p"":1,""alpha"":16,""beta"":64,""ef_min"":8,""ef_max"":512}",1000,0.6906,0.1,1.0,1.0,11968.217,18914.8,11968.217,18914.8,20782.36,457.447,513.0,3808.361
P2,67e09a5a3d3496ef,"{""policy"":""P2"",""fixed_p"":2,""alpha"":1,""beta"":4,""ef_min"":8,""ef_max"":512}",1000,0.6724,0.1,2.0,2.0,2076.063,2981.2999999999997,1425.183,2307.05,2608.1099999999997,53.68,52.0,761.463
P2,d86746656881b440,"{""policy"":""P2"",""fixed_p"":2,""alpha"":1,""beta"":8,""ef_min"":8,""ef_max"":512}",1000,0.686,0.1,2.0,2.0,2318.886,3239.1,1568.576,2472.05,2871.4299999999994,60.687,56.0,834.299
P2,a37767c36c1904b3,"{""policy"":""P2"",""fixed_p"":2,""alpha"":1,""beta"":16,""ef_min"":8,""ef_max"":512}",1000,0.7034,0.1,2.0,2.0,2863.671,4003.0,1837.667,2827.2,3136.09,76.521,64.0,995.274
P2,8e2385a6ec5eab72,"{""policy"":""P2"",""fixed_p"":2,""alpha"":1,""beta"":32,""ef_min"":8,""ef_max"":512}",1000,0.7299,0.1,2.0,2.0,3909.271,5349.2,2378.278,3493.0,3817.1,107.906,80.0,1295.827
P2,2219028b99a0f713,"{""policy"":""P2"",""fixed_p"":2,""alpha"":1,""beta"":64,""ef_min"":8,""ef_max"":512}",1000,0.7606,0.2,2.0,2.0,5907.005,8111.9,3466.568,4916.1,5217.11,171.217,112.0,1888.022
P2,b9dd9179c243c249,"{""policy"":""P2"",""fixed_p"":2,""alpha"":2,""beta"":4,""ef_min"":8,""ef_max"":512}",1000,0.7245,0.1,2.0,2.0,3298.789,4793.15,2386.229,4015.05,4447.0599999999995,91.971,100.0,1124.626
P2,94c6dcb66735294e,"{""policy"":""P2"",""fixed_p"":2,""alpha"":2,""beta"":8,""ef_min"":8,""ef_max"":512}",1000,0.7301,0.1,2.0,2.0,3533.639,5110.1,2512.189,4161.05,4625.04,99.166,104.0,1193.533
P2,dca2c9722d3af70c,"{""policy"":""P2"",""fixed_p"":2,""alpha"":2,""beta"":16,""ef_min"":8,""ef_max"":512}",1000,0.7386,0.1,2.0,2.0,4057.741,5725.599999999999,2766.983,4464.2,4938.18,115.055,112.0,1355.283
P2,65549e852dad6db5,"{""policy"":""P2"",""fixed_p"":2,""alpha"":2,""beta"":32,""ef_min"":8,""ef_max"":512}",1000,0.7534,0.19500000000000028,2.0,2.0,5065.532,7079.549999999999,3269.738,5069.4,5608.12,146.648,128.0,1636.734
P2,23d4a0a0611c285f,"{""policy"":""P2"",""fixed_p"":2,""alpha"":2,""beta"":64,""ef_min"":8,""ef_max"":512}",1000,0.7727,0.2,2.0,2.0,7015.02,9675.65,4279.218,6326.05,6864.139999999999,210.294,160.0,2219.421
P2,68c2c6aa0b1f5178,"{""policy"":""P2"",""fixed_p"":2,""alpha"":4,""beta"":4,""ef_min"":8,""ef_max"":512}",1000,0.7624,0.19500000000000028,2.0,2.0,5560.13,8191.45,4133.43,7053.3499999999985,7928.17,169.403,196.0,1795.563
P2,bbf15a0285593d4b,"{""policy"":""P2"",""fixed_p"":2,""alpha"":4,""beta"":8,""ef_min"":8,""ef_max"":512}",1000,0.7657999999999999,0.2,2.0,2.0,5796.113,8460.05,4253.316,7132.749999999998,8051.19,177.057,200.0,1879.732
P2,f020c3c071f4e452,"{""policy"":""P2"",""fixed_p"":2,""alpha"":4,""beta"":16,""ef_min"":8,""ef_max"":512}",1000,0.7701,0.2,2.0,2.0,6281.968,9100.099999999999,4486.458,7463.599999999998,8343.43,192.849,208.0,2020.751
P2,e9d11c8746bec953,"{""policy"":""P2"",""fixed_p"":2,""alpha"":4,""beta"":32,""ef_min"":8,""ef_max"":512}",1000,0.7784,0.2,2.0,2.0,7239.646,10254.1,4950.229,7998.599999999999,8951.16,224.665,224.0,2316.461
P2,9ab9041fb80a1335,"{""policy"":""P2"",""fixed_p"":2,""alpha"":4,""beta"":64,""ef_min"":8,""ef_max"":512}",1000,0.7894,0.2,2.0,2.0,9091.77,12716.4,5862.054,9122.599999999999,10017.55,288.301,256.0,2883.088
P2,b248d6a0c9d2cf35,"{""policy"":""P2"",""fixed_p"":2,""alpha"":8,""beta"":4,""ef_min"":8,""ef_max"":512}",1000,0.7941,0.2,2.0,2.0,9624.604,14205.849999999999,7233.918,12356.699999999997,13924.55,325.597,388.0,3067.369
P2,8e34a287e1010c1b,"{""policy"":""P2"",""fixed_p"":2,""alpha"":8,""beta"":8,""ef_min"":8,""ef_max"":512}",1000,0.7953,0.2,2.0,2.0,9838.806,14418.65,7337.557,12497.449999999999,13993.47,333.264,392.0,3143.524
P2,d5a9fc1d46499aae,"{""policy"":""P2"",""fixed_p"":2,""alpha"":8,""beta"":16,""ef_min"":8,""ef_max"":512}",1000,0.7978,0.2,2.0,2.0,10285.954,14955.0,7540.859,12732.499999999998,14252.34,349.156,400.0,3261.976
P2,1632d69303876ad6,"{""policy"":""P2"",""fixed_p"":2,""alpha"":8,""beta"":32,""ef_min"":8,""ef_max"":512}",1000,0.8018,0.3,2.0,2.0,11177.161,16114.599999999999,7956.043,13157.1,14731.71,380.984,416.0,3529.437
P2,46871645587769cf,"{""policy"":""P2"",""fixed_p"":2,""alpha"":8,""beta"":64,""ef_min"":8,""ef_max"":512}",1000,0.8074,0.3,2.0,2.0,12906.723,18374.55,8776.551,14120.049999999996,15697.099999999999,444.832,448.0,4077.387
P2,4baeba9456e22758,"{""policy"":""P2"",""fixed_p"":2,""alpha"":16,""beta"":4,""ef_min"":8,""ef_max"":512}",1000,0.8164,0.3,2.0,2.0,15550.99,22982.1,11388.2,18331.4,20110.239999999998,567.723,512.0,4938.047
P2,333180e5bbace561,"{""policy"":""P2"",""fixed_p"":2,""alpha"":16,""beta"":8,""ef_min"":8,""ef_max"":512}",1000,0.8166,0.3,2.0,2.0,15710.945,23249.199999999997,11448.753,18343.0,20227.06,573.508,512.0,5000.609
P2,c98ddf60b4df64a3,"{""policy"":""P2"",""fixed_p"":2,""alpha"":16,""beta"":16,""ef_min"":8,""ef_max"":512}",1000,0.8172,0.3,2.0,2.0,16057.304,23766.05,11567.233,18343.0,20273.79,585.812,512.0,5082.96
P2,1884ba770917a03c,"{""policy"":""P2"",""fixed_p"":2,""alpha"":16,""beta"":32,""ef_min"":8,""ef_max"":512}",1000,0.8182999999999999,0.3,2.0,2.0,16718.9,24708.85,11790.137,18609.95,20430.85,609.694,512.0,5325.468
P2,a507199a248a39d5,"{""policy"":""P2"",""fixed_p"":2,""alpha"":16,""beta"":64,""ef_min"":8,""ef_max"":512}",1000,0.8206,0.3,2.0,2.0,18013.151,26302.399999999998,12219.816,18914.8,20782.36,656.865,513.0,5689.569
P2,59a18a1e2301ae9d,"{""policy"":""P2"",""fixed_p"":3,""alpha"":1,""beta"":4,""ef_min"":8,""ef_max"":512}",1000,0.7007000000000001,0.1,3.0,3.0,2647.96,3632.0,1428.762,2307.05,2608.1099999999997,68.297,52.0,988.288
P2,1b3a254dfbd8444f,"{""policy"":""P2"",""fixed_p"":3,""alpha"":1,""beta"":8,""ef_min"":8,""ef_max"":512}",1000,0.7167,0.1,3.0,3.0,2972.423,3996.2999999999997,1576.455,2472.05,2871.4299999999994,77.386,56.0,1084.824
P2,3ae277b1b5da081e,"{""policy"":""P2"",""fixed_p"":3,""alpha"":1,""beta"":16,""ef_min"":8,""ef_max"":512}",1000,0.7369,0.2,3.0,3.0,3819.285,5153.1,1851.304,2827.2,3136.09,101.382,64.0,1330.925
P2,5edcda9a11c4abcf,"{""policy"":""P2"",""fixed_p"":3,""alpha"":1,""beta"":32,""ef_min"":8,""ef_max"":512}",1000,0.767,0.2,3.0,3.0,5437.93,7295.4,2418.872,3493.0,3817.1,149.054,80.0,1796.03
P2,bdc7501ffed5938e,"{""policy"":""P2"",""fixed_p"":3,""alpha"":1,""beta"":64,""ef_min"":8,""ef_max"":512}",1000,0.803,0.3,3.0,3.0,8479.775,11425.5,3574.28,4916.1,5217.11,243.846,112.0,2695.807
P2,4db1ff6d0f4901b8,"{""policy"":""P2"",""fixed_p"":3,""alpha"":2,""beta"":4,""ef_min"":8,""ef_max"":512}",1000,0.7564,0.2,3.0,3.0,4002.476,5430.0,2392.33,4015.05,4447.0599999999995,110.013,100.0,1388.524
P2,975c953e5fac66ed,"{""policy"":""P2"",""fixed_p"":3,""alpha"":2,""beta"":8,""ef_min"":8,""ef_max"":512}",1000,0.763,0.2,3.0,3.0,4341.99,5837.549999999999,2518.396,4161.05,4625.04,119.967,104.0,1488.01
P2,f42a159f7137d997,"{""policy"":""P2"",""fixed_p"":3,""alpha"":2,""beta"":16,""ef_min"":8,""ef_max"":512}",1000,0.7741,0.2,3.0,3.0,5168.654,6884.0999999999985,2777.086,4464.2,4938.18,144.203,112.0,1732.011
P2,fc9ee56319858f5c,"{""policy"":""P2"",""fixed_p"":3,""alpha"":2,""beta"":32,""ef_min"":8,""ef_max"":512}",1000,0.792,0.2,3.0,3.0,6739.765,9132.05,3295.314,5069.4,5608.12,191.957,128.0,2180.569
P2,f61a0100fec8e2e1,"{""policy"":""P2"",""fixed_p"":3,""alpha"":2,""beta"":64,""ef_min"":8,""ef_max"":512}",1000,0.8157000000000001,0.3,3.0,3.0,9719.811,13132.15,4345.333,6326.05,6864.139999999999,287.054,160.0,3059.157
P2,c3e756aaf0e52e0d,"{""policy"":""P2"",""fixed_p"":3,""alpha"":4,""beta"":4,""ef_min"":8,""ef_max"":512}",1000,0.7978999999999999,0.2,3.0,3.0,6559.812,9032.249999999998,4139.697,7053.3499999999985,7928.17,195.565,196.0,2142.044
P2,f243f2e6a18eca12,"{""policy"":""P2"",""fixed_p"":3,""alpha"":4,""beta"":8,""ef_min"":8,""ef_max"":512}",1000,0.8016,0.2,3.0,3.0,6912.828,9504.2,4260.261,7132.749999999998,8051.19,206.472,200.0,2262.923
P2,4079c3dd3a4c67dc,"{""policy"":""P2"",""fixed_p"":3,""alpha"":4,""beta"":16,""ef_min"":8,""ef_max"":512}",1000,0.8081,0.3,3.0,3.0,7689.953,10473.349999999999,4495.559,7463.599999999998,8343.43,230.469,208.0,2482.641
P2,1fbd88ad9f149fe3,"{""policy"":""P2"",""fixed_p"":3,""alpha"":4,""beta"":32,""ef_min"":8,""ef_max"":512}",1000,0.8196,0.3,3.0,3.0,9193.72,12481.15,4969.262,7998.599999999999,8951.16,278.311,224.0,2942.386
P2,14d28ae5f7688771,"{""policy"":""P2"",""fixed_p"":3,""alpha"":4,""beta"":64,""ef_min"":8,""ef_max"":512}",1000,0.8331000000000001,0.3,3.0,3.0,12069.054,16352.249999999998,5903.617,9122.599999999999,10017.55,373.554,256.0,3803.639
P2,cadddd4e583fd2a6,"{""policy"":""P2"",""fixed_p"":3,""alpha"":8,""beta"":4,""ef_min"":8,""ef_max"":512}",1000,0.8345,0.3,3.0,3.0,11199.469,15641.0,7243.141,12356.699999999997,13924.55,368.422,388.0,3578.448
P2,dfa21f473db9d28a,"{""policy"":""P2"",""fixed_p"":3,""alpha"":8,""beta"":8,""ef_min"":8,""ef_max"":512}",1000,0.8365,0.3,3.0,3.0,11536.553,16162.15,7346.634,12497.449999999999,13993.47,379.605,392.0,3693.355
P2,c9aef7b97f9b330c,"{""policy"":""P2"",""fixed_p"":3,""alpha"":8,""beta"":16,""ef_min"":8,""ef_max"":512}",1000,0.8403999999999999,0.3,3.0,3.0,12259.421,16990.699999999997,7551.007,12732.499999999998,14252.34,403.579,400.0,3888.251
P2,8979ff6e6ff7c6eb,"{""policy"":""P2"",""fixed_p"":3,""alpha"":8,""beta"":32,""ef_min"":8,""ef_max"":512}",1000,0.8455,0.3950000000000003,3.0,3.0,13677.034,18732.7,7974.058,13157.1,14731.71,451.389,416.0,4313.928
P2,4f0431382ddb656d,"{""policy"":""P2"",""fixed_p"":3,""alpha"":8,""beta"":64,""ef_min"":8,""ef_max"":512}",1000,0.8525,0.4,3.0,3.0,16402.881,22343.699999999997,8806.852,14120.049999999996,15697.099999999999,546.749,448.0,5162.221
P2,ef3f799f9bfeae07,"{""policy"":""P2"",""fixed_p"":3,""alpha"":16,""beta"":4,""ef_min"":8,""ef_max"":512}",1000,0.8608,0.4,3.0,3.0,18218.259,26414.55,11401.537,18331.4,20110.239999999998,644.189,512.0,5767.557
P2,7343594a399a0977,"{""policy"":""P2"",""fixed_p"":3,""alpha"":16,""beta"":8,""ef_min"":8,""ef_max"":512}",1000,0.8615,0.4,3.0,3.0,18492.522,26823.699999999997,11462.869,18343.0,20227.06,653.484,512.0,5867.493
P2,cb2cb8b279506e7c,"{""policy"":""P2"",""fixed_p"":3,""alpha"":16,""beta"":16,""ef_min"":8,""ef_max"":512}",1000,0.8622000000000001,0.4,3.0,3.0,19095.312,27559.25,11581.846,18343.0,20273.79,673.663,512.0,6016.005
P2,b773c35d90fc1963,"{""policy"":""P2"",""fixed_p"":3,""alpha"":16,""beta"":32,""ef_min"":8,""ef_max"":512}",1000,0.8642000000000001,0.4,3.0,3.0,20262.36,29090.1,11808.979,18609.95,20430.85,713.57,512.0,6412.436
P2,bfe3d3b7529d3a42,"{""policy"":""P2"",""fixed_p"":3,""alpha"":16,""beta"":64,""ef_min"":8,""ef_max"":512}",1000,0.8671,0.4,3.0,3.0,22515.902,32206.35,12247.447,18914.8,20782.36,792.264,513.0,7062.871
P2,de3673885b6a18a6,"{""policy"":""P2"",""fixed_p"":4,""alpha"":1,""beta"":4,""ef_min"":8,""ef_max"":512}",1000,0.7155,0.1,4.0,4.0,3218.735,4261.25,1431.85,2307.05,2608.1099999999997,83.216,52.0,1213.081
P2,34e90a05c8878c38,"{""policy"":""P2"",""fixed_p"":4,""alpha"":1,""beta"":8,""ef_min"":8,""ef_max"":512}",1000,0.7326,0.2,4.0,4.0,3591.931,4689.299999999999,1579.888,2472.05,2871.4299999999994,93.502,56.0,1325.989
P2,618b023475266fc7,"{""policy"":""P2"",""fixed_p"":4,""alpha"":1,""beta"":16,""ef_min"":8,""ef_max"":512}",1000,0.7554,0.2,4.0,4.0,4748.465,6174.05,1861.361,2827.2,3136.09,125.684,64.0,1659.99
P2,cf4c81b53723d241,"{""policy"":""P2"",""fixed_p"":4,""alpha"":1,""beta"":32,""ef_min"":8,""ef_max"":512}",1000,0.7872,0.3,4.0,4.0,6954.089,9020.4,2448.369,3493.0,3817.1,189.689,80.0,2291.351
P2,4b90b3926bc90055,"{""policy"":""P2"",""fixed_p"":4,""alpha"":1,""beta"":64,""ef_min"":8,""ef_max"":512}",1000,0.8251000000000001,0.3,4.0,4.0,11066.31,14600.449999999997,3665.602,4928.05,5217.11,315.978,112.0,3501.596
P2,677fc05f59f3d54f,"{""policy"":""P2"",""fixed_p"":4,""alpha"":2,""beta"":4,""ef_min"":8,""ef_max"":512}",1000,0.7725,0.2,4.0,4.0,4631.057,6063.299999999999,2393.824,4015.05,4447.0599999999995,126.387,100.0,1629.283
P2,2e24eb1307a85081,"{""policy"":""P2"",""fixed_p"":4,""alpha"":2,""beta"":8,""ef_min"":8,""ef_max"":512}",1000,0.7806000000000001,0.2,4.0,4.0,5066.113,6658.2,2521.805,4161.05,4625.04,138.733,104.0,1757.275
P2,994b9b262e775a3f,"{""policy"":""P2"",""fixed_p"":4,""alpha"":2,""beta"":16,""ef_min"":8,""ef_max"":512}",1000,0.793,0.29500000000000026,4.0,4.0,6196.225,8090.4,2781.553,4464.2,4938.18,171.089,112.0,2087.607
P2,b6565c0e2be669f7,"{""policy"":""P2"",""fixed_p"":4,""alpha"":2,""beta"":32,""ef_min"":8,""ef_max"":512}",1000,0.8121,0.3,4.0,4.0,8341.673,10985.25,3307.259,5069.4,5608.12,234.95,128.0,2702.463
P2,6362983ce3d0654b,"{""policy"":""P2"",""fixed_p"":4,""alpha"":2,""beta"":64,""ef_min"":8,""ef_max"":512}",1000,0.838,0.3,4.0,4.0,12390.157,16226.05,4389.151,6326.05,6864.139999999999,361.647,160.0,3890.257
P2,2fbb2d64d5805ac0,"{""policy"":""P2"",""fixed_p"":4,""alpha"":4,""beta"":4,""ef_min"":8,""ef_max"":512}",1000,0.816,0.3,4.0,4.0,7374.237,9850.599999999999,4141.092,7053.3499999999985,7928.17,216.687,196.0,2432.367
P2,f2f9cc2e2a727a3d,"{""policy"":""P2"",""fixed_p"":4,""alpha"":4,""beta"":8,""ef_min"":8,""ef_max"":512}",1000,0.8201,0.3,4.0,4.0,7832.444,10530.75,4261.702,7132.749999999998,8051.19,230.361,200.0,2584.671
P2,cc942f91d37bb589,"{""policy"":""P2"",""fixed_p"":4,""alpha"":4,""beta"":16,""ef_min"":8,""ef_max"":512}",1000,0.8278,0.3,4.0,4.0,8906.85,11927.3,4498.114,7463.599999999998,8343.43,262.421,208.0,2892.635
P2,36bda8b0917108b4,"{""policy"":""P2"",""fixed_p"":4,""alpha"":4,""beta"":32,""ef_min"":8,""ef_max"":512}",1000,0.8406,0.3,4.0,4.0,10978.887,14531.2,4973.536,7998.599999999999,8951.16,326.385,224.0,3511.634
P2,aaa374eed7ab62fb,"{""policy"":""P2"",""fixed_p"":4,""alpha"":4,""beta"":64,""ef_min"":8,""ef_max"":512}",1000,0.8559,0.4,4.0,4.0,14913.927,19608.1,5924.13,9122.599999999999,10017.55,453.214,256.0,4674.109
P2,65d6de3c2d363076,"{""policy"":""P2"",""fixed_p"":4,""alpha"":8,""beta"":4,""ef_min"":8,""ef_max"":512}",1000,0.8537,0.4,4.0,4.0,12378.47,16837.35,7244.067,12356.699999999997,13924.55,399.318,388.0,3971.958
P2,cea8aedc61573aad,"{""policy"":""P2"",""fixed_p"":4,""alpha"":8,""beta"":8,""ef_min"":8,""ef_max"":512}",1000,0.8563999999999999,0.4,4.0,4.0,12834.734,17473.15,7347.772,12497.449999999999,13993.47,413.721,392.0,4120.801
P2,01cabc333ac43b86,"{""policy"":""P2"",""fixed_p"":4,""alpha"":8,""beta"":16,""ef_min"":8,""ef_max"":512}",1000,0.8616,0.4,4.0,4.0,13840.372,18708.5,7552.786,12732.499999999998,14252.34,445.624,400.0,4391.19
P2,82e51035c44d6e05,"{""policy"":""P2"",""fixed_p"":4,""alpha"":8,""beta"":32,""ef_min"":8,""ef_max"":512}",1000,0.8676,0.4,4.0,4.0,15811.66,21174.399999999998,7978.024,13157.1,14731.71,509.487,416.0,4975.321
P2,ebf7cf21ef4322a9,"{""policy"":""P2"",""fixed_p"":4,""alpha"":8,""beta"":64,""ef_min"":8,""ef_max"":512}",1000,0.8764,0.4,4.0,4.0,19574.838,26134.55,8815.333,14120.049999999996,15697.099999999999,636.266,448.0,6141.322
P2,266ee86389c1f3a6,"{""policy"":""P2"",""fixed_p"":4,""alpha"":16,""beta"":4,""ef_min"":8,""ef_max"":512}",1000,0.8831,0.5,4.0,4.0,20115.148,28869.299999999996,11402.052,18331.4,20110.239999999998,695.381,512.0,6365.971
P2,d240ac2c22f3fd1e,"{""policy"":""P2"",""fixed_p"":4,""alpha"":16,""beta"":8,""ef_min"":8,""ef_max"":512}",1000,0.8837999999999999,0.5,4.0,4.0,20501.914,29499.35,11463.48,18343.0,20227.06,707.851,512.0,6492.898
P2,8ff4b409a7c95e7d,"{""policy"":""P2"",""fixed_p"":4,""alpha"":16,""beta"":16,""ef_min"":8,""ef_max"":512}",1000,0.8852000000000001,0.5,4.0,4.0,21374.55,30595.05,11583.008,18343.0,20273.79,735.892,512.0,6712.961
P2,64d550f6d5e40c0a,"{""policy"":""P2"",""fixed_p"":4,""alpha"":16,""beta"":32,""ef_min"":8,""ef_max"":512}",1000,0.8879,0.5,4.0,4.0,23072.598,33019.1,11810.848,18609.95,20430.85,791.684,512.0,7274.934
P2,fcd9b364c7e6b373,"{""policy"":""P2"",""fixed_p"":4,""alpha"":16,""beta"":64,""ef_min"":8,""ef_max"":512}",1000,0.892,0.5,4.0,4.0,26339.865,37189.09999999999,12252.135,18914.8,20782.36,901.974,513.0,8227.77
P2,12bd0dba7f46c75d,"{""policy"":""P2"",""fixed_p"":5,""alpha"":1,""beta"":4,""ef_min"":8,""ef_max"":512}",1000,0.7229,0.1,5.0,5.0,3813.879,4982.1,1436.751,2307.05,2608.1099999999997,99.019,52.0,1444.202
P2,77b75b908f4633c0,"{""policy"":""P2"",""fixed_p"":5,""alpha"":1,""beta"":8,""ef_min"":8,""ef_max"":512}",1000,0.7405,0.2,5.0,5.0,4210.514,5344.849999999999,1582.985,2472.05,2871.4299999999994,109.88,56.0,1564.103
P2,7753c643c5a4d510,"{""policy"":""P2"",""fixed_p"":5,""alpha"":1,""beta"":16,""ef_min"":8,""ef_max"":512}",1000,0.7645,0.2,5.0,5.0,5675.614,7261.1,1874.187,2827.2,3136.09,150.096,64.0,1983.279
P2,2b884f4926b954bd,"{""policy"":""P2"",""fixed_p"":5,""alpha"":1,""beta"":32,""ef_min"":8,""ef_max"":512}",1000,0.7981,0.3,5.0,5.0,8492.471,10787.05,2484.324,3493.0,3817.1,230.759,80.0,2789.982
P2,4e44796d128f534b,"{""policy"":""P2"",""fixed_p"":5,""alpha"":1,""beta"":64,""ef_min"":8,""ef_max"":512}",1000,0.8376,0.4,5.0,5.0,13706.245,17454.4,3763.607,4929.05,5217.11,388.875,112.0,4319.271
P2,68bb346598465f6c,"{""policy"":""P2"",""fixed_p"":5,""alpha"":2,""beta"":4,""ef_min"":8,""ef_max"":512}",1000,0.7803,0.2,5.0,5.0,5245.475,6768.999999999999,2394.376,4015.05,4447.0599999999995,142.687,100.0,1865.586
P2,4166b1adddbccce2,"{""policy"":""P2"",""fixed_p"":5,""alpha"":2,""beta"":8,""ef_min"":8,""ef_max"":512}",1000,0.789,0.2,5.0,5.0,5745.19,7400.749999999999,2523.034,4161.05,4625.04,156.647,104.0,2012.7
P2,4f9a4f3be118bf19,"{""policy"":""P2"",""fixed_p"":5,""alpha"":2,""beta"":16,""ef_min"":8,""ef_max"":512}",1000,0.8022999999999999,0.3,5.0,5.0,7191.464,9232.599999999999,2785.329,4464.2,4938.18,197.267,112.0,2427.852
P2,1084aad8abc2082c,"{""policy"":""P2"",""fixed_p"":5,""alpha"":2,""beta"":32,""ef_min"":8,""ef_max"":512}",1000,0.823,0.3,5.0,5.0,9938.968,12730.15,3318.511,5069.4,5608.12,277.639,128.0,3215.248
P2,f4c2f2cac781e7b9,"{""policy"":""P2"",""fixed_p"":5,""alpha"":2,""beta"":64,""ef_min"":8,""ef_max"":512}",1000,0.8503999999999999,0.4,5.0,5.0,15081.541,19274.55,4442.082,6326.05,6864.139999999999,436.006,160.0,4720.327
P2,2e613039a2a4b513,"{""policy"":""P2"",""fixed_p"":5,""alpha"":4,""beta"":4,""ef_min"":8,""ef_max"":512}",1000,0.8242999999999999,0.3,5.0,5.0,8100.475,10647.599999999999,4141.189,7053.3499999999985,7928.17,235.759,196.0,2698.301
P2,aacd85c84d3be773,"{""policy"":""P2"",""fixed_p"":5,""alpha"":4,""beta"":8,""ef_min"":8,""ef_max"":512}",1000,0.8288,0.3,5.0,5.0,8651.154,11399.699999999999,4262.17,7132.749999999998,8051.19,251.811,200.0,2877.267
P2,d969fb364580cd42,"{""policy"":""P2"",""fixed_p"":5,""alpha"":4,""beta"":16,""ef_min"":8,""ef_max"":512}",1000,0.8376,0.3,5.0,5.0,10027.724,13185.15,4498.78,7463.599999999998,8343.43,291.892,208.0,3267.514
P2,37be741aac4564eb,"{""policy"":""P2"",""fixed_p"":5,""alpha"":4,""beta"":32,""ef_min"":8,""ef_max"":512}",1000,0.852,0.4,5.0,5.0,12694.54,16523.25,4976.055,7998.599999999999,8951.16,372.276,224.0,4053.681
P2,a45d9fe0ff649a81,"{""policy"":""P2"",""fixed_p"":5,""alpha"":4,""beta"":64,""ef_min"":8,""ef_max"":512}",1000,0.8684,0.4,5.0,5.0,17715.029,22808.149999999998,5939.255,9122.599999999999,10017.55,530.703,256.0,5527.516
P2,4f2d263cf210d713,"{""policy"":""P2"",""fixed_p"":5,""alpha"":8,""beta"":4,""ef_min"":8,""ef_max"":512}",1000,0.8635,0.4,5.0,5.0,13349.062,18000.449999999997,7244.067,12356.699999999997,13924.55,424.674,388.0,4307.036
P2,67afd7d918826416,"{""policy"":""P2"",""fixed_p"":5,""alpha"":8,""beta"":8,""ef_min"":8,""ef_max"":512}",1000,0.8667,0.4,5.0,5.0,13914.777,18785.6,7347.813,12497.449999999999,13993.47,441.929,392.0,4485.471
P2,3dbfab2ced5e72db,"{""policy"":""P2"",""fixed_p"":5,""alpha"":8,""beta"":16,""ef_min"":8,""ef_max"":512}",1000,0.8726,0.4,5.0,5.0,15212.315,20432.7,7552.786,12732.499999999998,14252.34,481.768,400.0,4838.903
P2,b1d0df5a3fd14818,"{""policy"":""P2"",""fixed_p"":5,""alpha"":8,""beta"":32,""ef_min"":8,""ef_max"":512}",1000,0.8795,0.5,5.0,5.0,17767.86,23471.0,7978.775,13157.1,14731.71,561.963,416.0,5583.784
P2,581cee34cc0d8094,"{""policy"":""P2"",""fixed_p"":5,""alpha"":8,""beta"":64,""ef_min"":8,""ef_max"":512}",1000,0.8893,0.5,5.0,5.0,22601.473,29611.7,8819.228,14120.049999999996,15697.099999999999,720.176,448.0,7056.08
P2,2229231a4fcfe34c,"{""policy"":""P2"",""fixed_p"":5,""alpha"":16,""beta"":4,""ef_min"":8,""ef_max"":512}",1000,0.895,0.5,5.0,5.0,21581.693,31002.05,11402.052,18331.4,20110.239999999998,734.143,512.0,6834.831
P2,7aed42b0abf70802,"{""policy"":""P2"",""fixed_p"":5,""alpha"":16,""beta"":8,""ef_min"":8,""ef_max"":512}",1000,0.8957999999999999,0.5,5.0,5.0,22074.41,31726.499999999993,11463.48,18343.0,20227.06,749.422,512.0,6984.914
P2,e84fac5de5d31030,"{""policy"":""P2"",""fixed_p"":5,""alpha"":16,""beta"":16,""ef_min"":8,""ef_max"":512}",1000,0.8974,0.5,5.0,5.0,23215.114,33217.049999999996,11583.008,18343.0,20273.79,784.883,512.0,7288.695
P2,b01b2e54e32484b3,"{""policy"":""P2"",""fixed_p"":5,""alpha"":16,""beta"":32,""ef_min"":8,""ef_max"":512}",1000,0.9004,0.5,5.0,5.0,25482.04,36146.8,11811.812,18609.95,20430.85,856.945,512.0,8004.466
P2,f60f1be42a49cd2d,"{""policy"":""P2"",""fixed_p"":5,""alpha"":16,""beta"":64,""ef_min"":8,""ef_max"":512}",1000,0.9057000000000001,0.6,5.0,5.0,29804.187,41841.8,12254.224,18914.8,20782.36,998.758,513.0,9262.859
P2,6a2aa88e8c895bec,"{""policy"":""P2"",""fixed_p"":6,""alpha"":1,""beta"":4,""ef_min"":8,""ef_max"":512}",1000,0.7303,0.2,6.0,6.0,4456.232,5657.25,1442.819,2307.05,2608.1099999999997,115.755,52.0,1684.723
P2,fd128928fd0067bb,"{""policy"":""P2"",""fixed_p"":6,""alpha"":1,""beta"":8,""ef_min"":8,""ef_max"":512}",1000,0.7482000000000001,0.2,6.0,6.0,4863.365,6116.05,1586.482,2472.05,2871.4299999999994,126.865,56.0,1807.287
P2,b22c971efe059c2a,"{""policy"":""P2"",""fixed_p"":6,""alpha"":1,""beta"":16,""ef_min"":8,""ef_max"":512}",1000,0.7734,0.3,6.0,6.0,6651.856,8299.449999999997,1884.197,2827.2,3136.09,175.129,64.0,2316.427
P2,1a0b4813a0cbea36,"{""policy"":""P2"",""fixed_p"":6,""alpha"":1,""beta"":32,""ef_min"":8,""ef_max"":512}",1000,0.808,0.3,6.0,6.0,10100.343,12598.349999999999,2517.072,3493.0,3817.1,272.419,80.0,3298.14
P2,d87d974ef0e8806a,"{""policy"":""P2"",""fixed_p"":6,""alpha"":1,""beta"":64,""ef_min"":8,""ef_max"":512}",1000,0.8492999999999999,0.4,6.0,6.0,16461.741,20490.45,3838.495,4930.05,5228.549999999999,462.273,112.0,5142.531
P2,66e50f5d848415bd,"{""policy"":""P2"",""fixed_p"":6,""alpha"":2,""beta"":4,""ef_min"":8,""ef_max"":512}",1000,0.7878,0.2,6.0,6.0,5894.729,7462.15,2394.682,4015.05,4447.0599999999995,159.584,100.0,2108.853
P2,e1a9586057457ff9,"{""policy"":""P2"",""fixed_p"":6,""alpha"":2,""beta"":8,""ef_min"":8,""ef_max"":512}",1000,0.797,0.3,6.0,6.0,6442.564,8168.799999999999,2523.213,4161.05,4625.04,174.673,104.0,2268.02
P2,375d73e602fd627c,"{""policy"":""P2"",""fixed_p"":6,""alpha"":2,""beta"":16,""ef_min"":8,""ef_max"":512}",1000,0.8112999999999999,0.3,6.0,6.0,8216.661,10350.05,2787.406,4464.2,4938.18,223.498,112.0,2772.857
P2,d249a2e620625033,"{""policy"":""P2"",""fixed_p"":6,""alpha"":2,""beta"":32,""ef_min"":8,""ef_max"":512}",1000,0.8327,0.3,6.0,6.0,11592.051,14590.55,3331.549,5069.4,5608.12,320.41,128.0,3736.25
P2,60044e1a3a5ad53c,"{""policy"":""P2"",""fixed_p"":6,""alpha"":2,""beta"":64,""ef_min"":8,""ef_max"":512}",1000,0.862,0.4,6.0,6.0,17878.704,22341.5,4484.994,6326.05,6864.139999999999,510.531,160.0,5556.455
P2,25828c85414a1fef,"{""policy"":""P2"",""fixed_p"":6,""alpha"":4,""beta"":4,""ef_min"":8,""ef_max"":512}",1000,0.8322,0.3,6.0,6.0,8818.31,11448.8,4141.189,7053.3499999999985,7928.17,254.28,196.0,2959.793
P2,cbad6805660063b9,"{""policy"":""P2"",""fixed_p"":6,""alpha"":4,""beta"":8,""ef_min"":8,""ef_max"":512}",1000,0.8368,0.3,6.0,6.0,9457.425,12294.1,4262.17,7132.749999999998,8051.19,272.435,200.0,3162.06
P2,6daf53243cfcd274,"{""policy"":""P2"",""fixed_p"":6,""alpha"":4,""beta"":16,""ef_min"":8,""ef_max"":512}",1000,0.8463999999999999,0.3,6.0,6.0,11141.495,14487.15,4499.355,7463.599999999998,8343.43,320.334,208.0,3638.617
P2,12af35c953617fdb,"{""policy"":""P2"",""fixed_p"":6,""alpha"":4,""beta"":32,""ef_min"":8,""ef_max"":512}",1000,0.8622000000000001,0.4,6.0,6.0,14434.22,18432.899999999998,4979.685,7998.599999999999,8951.16,417.294,224.0,4599.527
P2,23ff89a144c1628c,"{""policy"":""P2"",""fixed_p"":6,""alpha"":4,""beta"":64,""ef_min"":8,""ef_max"":512}",1000,0.8802000000000001,0.5,6.0,6.0,20594.48,26058.649999999998,5957.313,9122.599999999999,10017.55,607.481,256.0,6394.45
P2,45ec77d9179bc01c,"{""policy"":""P2"",""fixed_p"":6,""alpha"":8,""beta"":4,""ef_min"":8,""ef_max"":512}",1000,0.8717,0.4,6.0,6.0,14238.459,19048.35,7244.067,12356.699999999997,13924.55,447.394,388.0,4615.552
P2,d26f39ff3cb77697,"{""policy"":""P2"",""fixed_p"":6,""alpha"":8,""beta"":8,""ef_min"":8,""ef_max"":512}",1000,0.8755,0.4,6.0,6.0,14909.552,19960.399999999998,7347.813,12497.449999999999,13993.47,467.232,392.0,4823.408
P2,cca52b034039d6f5,"{""policy"":""P2"",""fixed_p"":6,""alpha"":8,""beta"":16,""ef_min"":8,""ef_max"":512}",1000,0.8823,0.5,6.0,6.0,16511.75,22003.449999999997,7552.786,12732.499999999998,14252.34,514.973,400.0,5262.512
P2,80194cfb78770361,"{""policy"":""P2"",""fixed_p"":6,""alpha"":8,""beta"":32,""ef_min"":8,""ef_max"":512}",1000,0.8905,0.5,6.0,6.0,19674.813,25723.7,7978.775,13157.1,14731.71,611.454,416.0,6179.056
P2,cd1ab4523bfac99e,"{""policy"":""P2"",""fixed_p"":6,""alpha"":8,""beta"":64,""ef_min"":8,""ef_max"":512}",1000,0.9012,0.5,6.0,6.0,25640.23,33206.4,8821.192,14120.049999999996,15697.099999999999,801.375,448.0,7959.156
P2,aca830c80cd1a408,"{""policy"":""P2"",""fixed_p"":6,""alpha"":16,""beta"":4,""ef_min"":8,""ef_max"":512}",1000,0.9047000000000001,0.6,6.0,6.0,22837.829,32941.799999999996,11402.052,18331.4,20110.239999999998,766.196,512.0,7241.039
P2,acec76cacbd144b8,"{""policy"":""P2"",""fixed_p"":6,""alpha"":16,""beta"":8,""ef_min"":8,""ef_max"":512}",1000,0.9062,0.6,6.0,6.0,23423.099,33829.9,11463.48,18343.0,20227.06,783.878,512.0,7416.969
P2,48ff4dd48b73aad2,"{""policy"":""P2"",""fixed_p"":6,""alpha"":16,""beta"":16,""ef_min"":8,""ef_max"":512}",1000,0.908,0.6,6.0,6.0,24857.043,35757.2,11583.008,18343.0,20273.79,827.065,512.0,7800.297
P2,d9445040163def1d,"{""policy"":""P2"",""fixed_p"":6,""alpha"":16,""beta"":32,""ef_min"":8,""ef_max"":512}",1000,0.9117999999999999,0.6,6.0,6.0,27720.441,39177.2,11811.812,18609.95,20430.85,915.331,512.0,8686.414
P2,987589a903fc9f81,"{""policy"":""P2"",""fixed_p"":6,""alpha"":16,""beta"":64,""ef_min"":8,""ef_max"":512}",1000,0.918,0.6,6.0,6.0,33152.144,46053.6,12254.986,18914.8,20782.36,1088.787,513.0,10256.785
P2,1ad897ba9a8d2f99,"{""policy"":""P2"",""fixed_p"":7,""alpha"":1,""beta"":4,""ef_min"":8,""ef_max"":512}",1000,0.735,0.2,7.0,7.0,5106.105,6442.349999999999,1448.578,2307.05,2608.1099999999997,133.515,52.0,1934.623
P2,b3b6705dac6d9a41,"{""policy"":""P2"",""fixed_p"":7,""alpha"":1,""beta"":8,""ef_min"":8,""ef_max"":512}",1000,0.753,0.2,7.0,7.0,5516.143,6800.299999999999,1590.152,2472.05,2871.4299999999994,144.69,56.0,2056.438
P2,ff4701a77db774be,"{""policy"":""P2"",""fixed_p"":7,""alpha"":1,""beta"":16,""ef_min"":8,""ef_max"":512}",1000,0.779,0.3,7.0,7.0,7604.691,9280.849999999999,1891.922,2827.2,3136.09,200.599,64.0,2653.192
P2,e65b32909a108787,"{""policy"":""P2"",""fixed_p"":7,""alpha"":1,""beta"":32,""ef_min"":8,""ef_max"":512}",1000,0.814,0.3,7.0,7.0,11686.467,14215.699999999999,2541.073,3493.0,3817.1,315.022,80.0,3818.427
P2,58144f48eded8e74,"{""policy"":""P2"",""fixed_p"":7,""alpha"":1,""beta"":64,""ef_min"":8,""ef_max"":512}",1000,0.8566,0.4,7.0,7.0,19158.452,23374.1,3884.747,4931.2,5228.549999999999,536.637,112.0,5989.321
P2,e4f3c43a88a38292,"{""policy"":""P2"",""fixed_p"":7,""alpha"":2,""beta"":4,""ef_min"":8,""ef_max"":512}",1000,0.7925,0.3,7.0,7.0,6545.008,8177.15,2395.288,4015.05,4447.0599999999995,177.354,100.0,2358.622
P2,416e388ed11329d2,"{""policy"":""P2"",""fixed_p"":7,""alpha"":2,""beta"":8,""ef_min"":8,""ef_max"":512}",1000,0.8018,0.3,7.0,7.0,7117.689,8866.1,2523.682,4161.05,4625.04,193.027,104.0,2522.631
P2,f28f31b7f5408fb7,"{""policy"":""P2"",""fixed_p"":7,""alpha"":2,""beta"":16,""ef_min"":8,""ef_max"":512}",1000,0.8169,0.3,7.0,7.0,9201.113,11386.55,2788.638,4464.2,4938.18,249.772,112.0,3116.954
P2,eecc6cbabca8c2d5,"{""policy"":""P2"",""fixed_p"":7,""alpha"":2,""beta"":32,""ef_min"":8,""ef_max"":512}",1000,0.8392000000000001,0.4,7.0,7.0,13208.418,16395.05,3338.675,5069.4,5608.12,363.786,128.0,4264.791
P2,d6023a0e17acea44,"{""policy"":""P2"",""fixed_p"":7,""alpha"":2,""beta"":64,""ef_min"":8,""ef_max"":512}",1000,0.8693,0.5,7.0,7.0,20605.217,25299.949999999997,4512.935,6326.05,6864.139999999999,585.716,160.0,6410.05
P2,538350051276ef96,"{""policy"":""P2"",""fixed_p"":7,""alpha"":4,""beta"":4,""ef_min"":8,""ef_max"":512}",1000,0.8371000000000001,0.3,7.0,7.0,9501.105,12168.0,4141.189,7053.3499999999985,7928.17,272.802,196.0,3217.959
P2,bb63594e9c8ee1e4,"{""policy"":""P2"",""fixed_p"":7,""alpha"":4,""beta"":8,""ef_min"":8,""ef_max"":512}",1000,0.842,0.3950000000000003,7.0,7.0,10209.342,13089.1,4262.17,7132.749999999998,8051.19,292.609,200.0,3437.254
P2,96201e17bf30662e,"{""policy"":""P2"",""fixed_p"":7,""alpha"":4,""beta"":16,""ef_min"":8,""ef_max"":512}",1000,0.8522000000000001,0.4,7.0,7.0,12194.407,15605.599999999999,4499.361,7463.599999999998,8343.43,348.283,208.0,4001.137
P2,948787a04ea00329,"{""policy"":""P2"",""fixed_p"":7,""alpha"":4,""beta"":32,""ef_min"":8,""ef_max"":512}",1000,0.8689,0.4,7.0,7.0,16107.435,20361.05,4980.974,7998.599999999999,8951.16,462.137,224.0,5142.368
P2,89130bc4dc9a411c,"{""policy"":""P2"",""fixed_p"":7,""alpha"":4,""beta"":64,""ef_min"":8,""ef_max"":512}",1000,0.8877,0.5,7.0,7.0,23372.892,29132.0,5965.62,9122.599999999999,10017.55,684.113,256.0,7261.495
P2,94ff7a4610ee4ca9,"{""policy"":""P2"",""fixed_p"":7,""alpha"":8,""beta"":4,""ef_min"":8,""ef_max"":512}",1000,0.8769,0.4,7.0,7.0,15041.385,20047.4,7244.067,12356.699999999997,13924.55,468.791,388.0,4903.617
P2,97c8904775d72ed5,"{""policy"":""P2"",""fixed_p"":7,""alpha"":8,""beta"":8,""ef_min"":8,""ef_max"":512}",1000,0.881,0.5,7.0,7.0,15802.32,21141.45,7347.813,12497.449999999999,13993.47,490.861,392.0,5137.416
P2,d4ea67a0492b288c,"{""policy"":""P2"",""fixed_p"":7,""alpha"":8,""beta"":16,""ef_min"":8,""ef_max"":512}",1000,0.8884,0.5,7.0,7.0,17691.703,23415.699999999997,7552.786,12732.499999999998,14252.34,546.09,400.0,5660.845
P2,0abcb852e22c5bc1,"{""policy"":""P2"",""fixed_p"":7,""alpha"":8,""beta"":32,""ef_min"":8,""ef_max"":512}",1000,0.8972,0.5,7.0,7.0,21470.058,27817.749999999996,7978.965,13157.1,14731.71,659.444,416.0,6754.7
P2,2c3c0c5c937c73f7,"{""policy"":""P2"",""fixed_p"":7,""alpha"":8,""beta"":64,""ef_min"":8,""ef_max"":512}",1000,0.9087999999999999,0.6,7.0,7.0,28520.856,36234.049999999996,8822.682,14120.049999999996,15697.099999999999,880.854,448.0,8857.268
P2,757ca4f6b43765c7,"{""policy"":""P2"",""fixed_p"":7,""alpha"":16,""beta"":4,""ef_min"":8,""ef_max"":512}",1000,0.9107999999999999,0.6,7.0,7.0,23900.505,34462.35,11402.052,18331.4,20110.239999999998,794.111,512.0,7600.599
P2,48f1dbdd413807cb,"{""policy"":""P2"",""fixed_p"":7,""alpha"":16,""beta"":8,""ef_min"":8,""ef_max"":512}",1000,0.9123,0.6,7.0,7.0,24565.393,35507.1,11463.48,18343.0,20227.06,813.796,512.0,7796.404
P2,881714592ce36b45,"{""policy"":""P2"",""fixed_p"":7,""alpha"":16,""beta"":16,""ef_min"":8,""ef_max"":512}",1000,0.9144,0.6,7.0,7.0,26273.339,37515.0,11583.008,18343.0,20273.79,864.293,512.0,8260.689
P2,a72b4455367f211c,"{""policy"":""P2"",""fixed_p"":7,""alpha"":16,""beta"":32,""ef_min"":8,""ef_max"":512}",1000,0.919,0.6,7.0,7.0,29745.09,41741.1,11811.812,18609.95,20430.85,969.506,512.0,9329.97
P2,403938dec9bdd531,"{""policy"":""P2"",""fixed_p"":7,""alpha"":16,""beta"":64,""ef_min"":8,""ef_max"":512}",1000,0.9257000000000001,0.6,7.0,7.0,36248.716,49751.25,12255.048,18914.8,20782.36,1174.353,513.0,11214.443
P2,4215888c3a9d8671,"{""policy"":""P2"",""fixed_p"":8,""alpha"":1,""beta"":4,""ef_min"":8,""ef_max"":512}",1000,0.7397,0.2,8.0,8.0,5762.42,7120.349999999999,1455.262,2307.05,2608.1099999999997,152.129,52.0,2195.728
P2,ed620f5358a8f67a,"{""policy"":""P2"",""fixed_p"":8,""alpha"":1,""beta"":8,""ef_min"":8,""ef_max"":512}",1000,0.7576,0.2,8.0,8.0,6173.328,7514.45,1594.435,2472.05,2871.4299999999994,163.326,56.0,2318.225
P2,3d7aad861d505da2,"{""policy"":""P2"",""fixed_p"":8,""alpha"":1,""beta"":16,""ef_min"":8,""ef_max"":512}",1000,0.7843,0.3,8.0,8.0,8561.549,10301.949999999999,1898.369,2827.2,3136.09,227.025,64.0,3003.314
P2,28f6a0a52bc0f16f,"{""policy"":""P2"",""fixed_p"":8,""alpha"":1,""beta"":32,""ef_min"":8,""ef_max"":512}",1000,0.8207000000000001,0.3950000000000003,8.0,8.0,13280.958,15981.35,2562.114,3493.0,3817.1,358.773,80.0,4360.102
P2,8c5e1e4fb14edb6b,"{""policy"":""P2"",""fixed_p"":8,""alpha"":1,""beta"":64,""ef_min"":8,""ef_max"":512}",1000,0.8639,0.5,8.0,8.0,21863.11,26218.05,3920.598,4931.2,5228.549999999999,612.259,112.0,6855.629
P2,3294b6bb96f54c43,"{""policy"":""P2"",""fixed_p"":8,""alpha"":2,""beta"":4,""ef_min"":8,""ef_max"":512}",1000,0.7971,0.3,8.0,8.0,7201.479,8891.05,2396.221,4015.05,4447.0599999999995,195.972,100.0,2619.786
P2,8696075ec3d98ab7,"{""policy"":""P2"",""fixed_p"":8,""alpha"":2,""beta"":8,""ef_min"":8,""ef_max"":512}",1000,0.8065,0.3,8.0,8.0,7785.777,9541.3,2524.169,4161.05,4625.04,211.936,104.0,2786.311
P2,73012063e0606c6a,"{""policy"":""P2"",""fixed_p"":8,""alpha"":2,""beta"":16,""ef_min"":8,""ef_max"":512}",1000,0.8222999999999999,0.3,8.0,8.0,10180.896,12441.949999999999,2790.289,4464.2,4938.18,276.778,112.0,3472.816
P2,039095c0dfb6ee58,"{""policy"":""P2"",""fixed_p"":8,""alpha"":2,""beta"":32,""ef_min"":8,""ef_max"":512}",1000,0.8459,0.4,8.0,8.0,14817.952,18119.0,3345.272,5069.4,5608.12,407.953,128.0,4811.465
P2,348a69a089d6b983,"{""policy"":""P2"",""fixed_p"":8,""alpha"":2,""beta"":64,""ef_min"":8,""ef_max"":512}",1000,0.8766,0.5,8.0,8.0,23328.506,28114.05,4531.613,6326.05,6864.139999999999,661.849,160.0,7281.631
P2,36cb4e67ed81c1ec,"{""policy"":""P2"",""fixed_p"":8,""alpha"":4,""beta"":4,""ef_min"":8,""ef_max"":512}",1000,0.8418,0.4,8.0,8.0,10171.711,12854.3,4141.189,7053.3499999999985,7928.17,291.781,196.0,3482.844
P2,2a48736411a932d2,"{""policy"":""P2"",""fixed_p"":8,""alpha"":4,""beta"":8,""ef_min"":8,""ef_max"":512}",1000,0.847,0.4,8.0,8.0,10927.184,13833.699999999999,4262.17,7132.749999999998,8051.19,312.764,200.0,3713.068
P2,0e52ddf274cf4273,"{""policy"":""P2"",""fixed_p"":8,""alpha"":4,""beta"":16,""ef_min"":8,""ef_max"":512}",1000,0.8578,0.4,8.0,8.0,13214.505,16720.249999999996,4499.361,7463.599999999998,8343.43,376.316,208.0,4366.511
P2,c6a0f7d92acb4772,"{""policy"":""P2"",""fixed_p"":8,""alpha"":4,""beta"":32,""ef_min"":8,""ef_max"":512}",1000,0.8755,0.5,8.0,8.0,17758.582,22112.6,4981.583,7998.599999999999,8951.16,507.397,224.0,5702.122
P2,447db60ca63a2c0b,"{""policy"":""P2"",""fixed_p"":8,""alpha"":4,""beta"":64,""ef_min"":8,""ef_max"":512}",1000,0.8949,0.5,8.0,8.0,26132.48,31958.799999999996,5970.017,9122.599999999999,10017.55,761.278,256.0,8143.703
P2,ea69033443c3b1fd,"{""policy"":""P2"",""fixed_p"":8,""alpha"":8,""beta"":4,""ef_min"":8,""ef_max"":512}",1000,0.8817,0.5,8.0,8.0,15777.241,20817.6,7244.067,12356.699999999997,13924.55,489.394,388.0,5184.815
P2,31e271005e20c68b,"{""policy"":""P2"",""fixed_p"":8,""alpha"":8,""beta"":8,""ef_min"":8,""ef_max"":512}",1000,0.8861,0.5,8.0,8.0,16607.728,22072.649999999998,7347.813,12497.449999999999,13993.47,513.198,392.0,5437.802
P2,329a5e55f2c04260,"{""policy"":""P2"",""fixed_p"":8,""alpha"":8,""beta"":16,""ef_min"":8,""ef_max"":512}",1000,0.8942,0.5,8.0,8.0,18800.916,24722.399999999998,7552.786,12732.499999999998,14252.34,576.421,400.0,6052.499
P2,339fe8da261c1a14,"{""policy"":""P2"",""fixed_p"":8,""alpha"":8,""beta"":32,""ef_min"":8,""ef_max"":512}",1000,0.9038999999999999,0.6,8.0,8.0,23198.939,29777.149999999998,7978.965,13157.1,14731.71,706.764,416.0,7333.976
P2,949478a58092ae27,"{""policy"":""P2"",""fixed_p"":8,""alpha"":8,""beta"":64,""ef_min"":8,""ef_max"":512}",1000,0.9157000000000001,0.6,8.0,8.0,31341.844,39324.4,8823.252,14120.049999999996,15697.099999999999,959.797,448.0,9758.786
P2,8f837e5fab65beab,"{""policy"":""P2"",""fixed_p"":8,""alpha"":16,""beta"":4,""ef_min"":8,""ef_max"":512}",1000,0.9162,0.6,8.0,8.0,24813.976,35425.55,11402.052,18331.4,20110.239999999998,819.256,512.0,7930.506
P2,944200383cd94691,"{""policy"":""P2"",""fixed_p"":8,""alpha"":16,""beta"":8,""ef_min"":8,""ef_max"":512}",1000,0.9181,0.6,8.0,8.0,25545.662,36718.1,11463.48,18343.0,20227.06,840.641,512.0,8147.689
P2,42b992a315fa4229,"{""policy"":""P2"",""fixed_p"":8,""alpha"":16,""beta"":16,""ef_min"":8,""ef_max"":512}",1000,0.9208,0.6,8.0,8.0,27540.363,39270.9,11583.008,18343.0,20273.79,898.774,512.0,8697.066
P2,da72110733effdf8,"{""policy"":""P2"",""fixed_p"":8,""alpha"":16,""beta"":32,""ef_min"":8,""ef_max"":512}",1000,0.9258,0.6,8.0,8.0,31618.892,44115.2,11811.812,18609.95,20430.85,1020.794,512.0,9949.876
P2,c00f7c7a141e42bb,"{""policy"":""P2"",""fixed_p"":8,""alpha"":16,""beta"":64,""ef_min"":8,""ef_max"":512}",1000,0.9328,0.7,8.0,8.0,39214.277,53214.5,12255.317,18914.8,20782.36,1257.414,513.0,12149.686
P2,650edbd67e99346e,"{""policy"":""P2"",""fixed_p"":9,""alpha"":1,""beta"":4,""ef_min"":8,""ef_max"":512}",1000,0.7417999999999999,0.2,9.0,9.0,6462.48,7936.9,1461.466,2307.05,2608.1099999999997,171.758,52.0,2468.544
P2,7c0f35443642d0dd,"{""policy"":""P2"",""fixed_p"":9,""alpha"":1,""beta"":8,""ef_min"":8,""ef_max"":512}",1000,0.7597,0.2,9.0,9.0,6873.698,8274.0,1598.682,2472.05,2871.4299999999994,182.964,56.0,2590.774
P2,aa0817f123239b95,"{""policy"":""P2"",""fixed_p"":9,""alpha"":1,""beta"":16,""ef_min"":8,""ef_max"":512}",1000,0.7871,0.3,9.0,9.0,9559.728,11335.0,1904.32,2827.2,3136.09,254.196,64.0,3364.82
P2,4cf2f917a86393ba,"{""policy"":""P2"",""fixed_p"":9,""alpha"":1,""beta"":32,""ef_min"":8,""ef_max"":512}",1000,0.8245,0.4,9.0,9.0,14937.663,17659.6,2579.201,3493.0,3817.1,403.22,80.0,4916.46
P2,b8017e6915d2f845,"{""policy"":""P2"",""fixed_p"":9,""alpha"":1,""beta"":64,""ef_min"":8,""ef_max"":512}",1000,0.868,0.5,9.0,9.0,24657.565,29095.25,3957.382,4936.0,5283.2699999999995,688.155,112.0,7747.454
P2,9537d48bfd38e829,"{""policy"":""P2"",""fixed_p"":9,""alpha"":2,""beta"":4,""ef_min"":8,""ef_max"":512}",1000,0.7992,0.3,9.0,9.0,7901.539,9671.399999999998,2396.497,4015.05,4447.0599999999995,215.601,100.0,2892.564
P2,5eeba1f47d7e8e43,"{""policy"":""P2"",""fixed_p"":9,""alpha"":2,""beta"":8,""ef_min"":8,""ef_max"":512}",1000,0.8087000000000001,0.3,9.0,9.0,8491.726,10278.699999999999,2524.389,4161.05,4625.04,231.717,104.0,3059.779
P2,e230418659af6f26,"{""policy"":""P2"",""fixed_p"":9,""alpha"":2,""beta"":16,""ef_min"":8,""ef_max"":512}",1000,0.8252,0.3,9.0,9.0,11192.259,13432.35,2790.837,4464.2,4938.18,304.31,112.0,3837.091
P2,1759b279f88d0396,"{""policy"":""P2"",""fixed_p"":9,""alpha"":2,""beta"":32,""ef_min"":8,""ef_max"":512}",1000,0.8497,0.4,9.0,9.0,16485.794,19758.049999999996,3351.809,5069.4,5608.12,452.691,128.0,5372.738
P2,9fc3d93467202b72,"{""policy"":""P2"",""fixed_p"":9,""alpha"":2,""beta"":64,""ef_min"":8,""ef_max"":512}",1000,0.8807,0.5,9.0,9.0,26134.663,31088.149999999998,4552.887,6326.05,6864.139999999999,738.076,160.0,8170.81
P2,0ca35dff13b5e995,"{""policy"":""P2"",""fixed_p"":9,""alpha"":4,""beta"":4,""ef_min"":8,""ef_max"":512}",1000,0.844,0.4,9.0,9.0,10877.66,13510.0,4141.189,7053.3499999999985,7928.17,311.562,196.0,3757.011
P2,7ae2e5bf299efef1,"{""policy"":""P2"",""fixed_p"":9,""alpha"":4,""beta"":8,""ef_min"":8,""ef_max"":512}",1000,0.8493999999999999,0.4,9.0,9.0,11662.404,14619.349999999999,4262.17,7132.749999999998,8051.19,333.304,200.0,3996.722
P2,f91ca48a9616e4c0,"{""policy"":""P2"",""fixed_p"":9,""alpha"":4,""beta"":16,""ef_min"":8,""ef_max"":512}",1000,0.8607,0.4,9.0,9.0,14255.108,17881.7,4499.361,7463.599999999998,8343.43,404.575,208.0,4738.722
P2,fd32137e602d4edf,"{""policy"":""P2"",""fixed_p"":9,""alpha"":4,""beta"":32,""ef_min"":8,""ef_max"":512}",1000,0.8793,0.5,9.0,9.0,19451.686,23834.149999999998,4982.874,7998.599999999999,8951.16,552.826,224.0,6268.362
P2,880b30be175618ff,"{""policy"":""P2"",""fixed_p"":9,""alpha"":4,""beta"":64,""ef_min"":8,""ef_max"":512}",1000,0.899,0.5950000000000003,9.0,9.0,28961.826,34916.75,5979.147,9122.599999999999,10017.55,838.148,256.0,9043.409
P2,83afc6fdecc07a3a,"{""policy"":""P2"",""fixed_p"":9,""alpha"":8,""beta"":4,""ef_min"":8,""ef_max"":512}",1000,0.8842000000000001,0.5,9.0,9.0,16519.977,21542.1,7244.067,12356.699999999997,13924.55,510.147,388.0,5470.791
P2,a709928aa435aff7,"{""policy"":""P2"",""fixed_p"":9,""alpha"":8,""beta"":8,""ef_min"":8,""ef_max"":512}",1000,0.8887,0.5,9.0,9.0,17407.061,22986.35,7347.813,12497.449999999999,13993.47,535.357,392.0,5737.308
P2,587fc6df9aa18956,"{""policy"":""P2"",""fixed_p"":9,""alpha"":8,""beta"":16,""ef_min"":8,""ef_max"":512}",1000,0.8974,0.5,9.0,9.0,19899.919,26059.05,7552.786,12732.499999999998,14252.34,606.196,400.0,6440.06
P2,722b17070356ebce,"{""policy"":""P2"",""fixed_p"":9,""alpha"":8,""beta"":32,""ef_min"":8,""ef_max"":512}",1000,0.9077999999999999,0.6,9.0,9.0,24939.491,31705.2,7979.054,13157.1,14731.71,753.472,416.0,7912.807
P2,97752944641b1ff9,"{""policy"":""P2"",""fixed_p"":9,""alpha"":8,""beta"":64,""ef_min"":8,""ef_max"":512}",1000,0.9198,0.6,9.0,9.0,34219.333,42382.5,8824.536,14120.049999999996,15697.099999999999,1038.02,448.0,10673.337
P2,f3fc1d5297d00b11,"{""policy"":""P2"",""fixed_p"":9,""alpha"":16,""beta"":4,""ef_min"":8,""ef_max"":512}",1000,0.9193,0.6,9.0,9.0,25677.264,36609.95,11402.052,18331.4,20110.239999999998,843.04,512.0,8247.505
P2,31d592d138d6209a,"{""policy"":""P2"",""fixed_p"":9,""alpha"":16,""beta"":8,""ef_min"":8,""ef_max"":512}",1000,0.9214,0.6,9.0,9.0,26461.22,38001.85,11463.48,18343.0,20227.06,865.778,512.0,8478.195
P2,5e6d4019db011542,"{""policy"":""P2"",""fixed_p"":9,""alpha"":16,""beta"":16,""ef_min"":8,""ef_max"":512}",1000,0.9242999999999999,0.6,9.0,9.0,28744.016,40922.299999999996,11583.008,18343.0,20273.79,931.356,512.0,9114.255
P2,472c3d9a768245a2,"{""policy"":""P2"",""fixed_p"":9,""alpha"":16,""beta"":32,""ef_min"":8,""ef_max"":512}",1000,0.9299,0.7,9.0,9.0,33457.223,46331.35,11811.812,18609.95,20430.85,1070.161,512.0,10552.407
P2,72cd2758d2ab6f41,"{""policy"":""P2"",""fixed_p"":9,""alpha"":16,""beta"":64,""ef_min"":8,""ef_max"":512}",1000,0.9371,0.7,9.0,9.0,42180.721,56411.649999999994,12255.317,18914.8,20782.36,1338.19,513.0,13086.422
P2,941c3ef327cc3e5a,"{""policy"":""P2"",""fixed_p"":10,""alpha"":1,""beta"":4,""ef_min"":8,""ef_max"":512}",1000,0.7437,0.2,10.0,10.0,7188.314,8698.05,1467.121,2307.05,2608.1099999999997,192.561,52.0,2743.368
P2,971a3dcc81e97133,"{""policy"":""P2"",""fixed_p"":10,""alpha"":1,""beta"":8,""ef_min"":8,""ef_max"":512}",1000,0.7616,0.2,10.0,10.0,7599.532,8989.1,1601.987,2472.05,2871.4299999999994,203.767,56.0,2865.25
P2,02e9fe90d55f0e2d,"{""policy"":""P2"",""fixed_p"":10,""alpha"":1,""beta"":16,""ef_min"":8,""ef_max"":512}",1000,0.7891,0.3,10.0,10.0,10577.117,12309.2,1912.069,2827.2,3136.09,282.284,64.0,3723.63
P2,9902d380ee84f8b9,"{""policy"":""P2"",""fixed_p"":10,""alpha"":1,""beta"":32,""ef_min"":8,""ef_max"":512}",1000,0.827,0.4,10.0,10.0,16617.582,19374.1,2599.441,3493.0,3817.1,448.558,80.0,5472.114
P2,f7201f56ac62a0bf,"{""policy"":""P2"",""fixed_p"":10,""alpha"":1,""beta"":64,""ef_min"":8,""ef_max"":512}",1000,0.8707999999999999,0.5,10.0,10.0,27484.6,31905.2,3986.149,4936.0,5283.2699999999995,765.038,112.0,8644.991
P2,5a9b23d5003f748b,"{""policy"":""P2"",""fixed_p"":10,""alpha"":2,""beta"":4,""ef_min"":8,""ef_max"":512}",1000,0.8011,0.3,10.0,10.0,8627.373,10435.55,2397.534,4015.05,4447.0599999999995,236.404,100.0,3167.388
P2,7410d4336c88a9dd,"{""policy"":""P2"",""fixed_p"":10,""alpha"":2,""beta"":8,""ef_min"":8,""ef_max"":512}",1000,0.8107000000000001,0.3,10.0,10.0,9218.579,11008.649999999998,2525.206,4161.05,4625.04,252.541,104.0,3334.456
P2,60ae168923f13261,"{""policy"":""P2"",""fixed_p"":10,""alpha"":2,""beta"":16,""ef_min"":8,""ef_max"":512}",1000,0.8272999999999999,0.3,10.0,10.0,12218.139,14463.15,2792.39,4464.2,4938.18,332.608,112.0,4198.438
P2,67e1385a0799ff36,"{""policy"":""P2"",""fixed_p"":10,""alpha"":2,""beta"":32,""ef_min"":8,""ef_max"":512}",1000,0.8522000000000001,0.4,10.0,10.0,18171.808,21439.05,3357.047,5069.4,5608.12,498.182,128.0,5928.388
P2,25054e2b790762ba,"{""policy"":""P2"",""fixed_p"":10,""alpha"":2,""beta"":64,""ef_min"":8,""ef_max"":512}",1000,0.8835,0.5,10.0,10.0,28967.268,33943.9,4568.659,6326.05,6864.139999999999,815.099,160.0,9070.826
P2,aeeddf8c62bf23ad,"{""policy"":""P2"",""fixed_p"":10,""alpha"":4,""beta"":4,""ef_min"":8,""ef_max"":512}",1000,0.846,0.4,10.0,10.0,11604.513,14200.1,4141.242,7053.3499999999985,7928.17,332.386,196.0,4031.921
P2,faf2dcae2785626c,"{""policy"":""P2"",""fixed_p"":10,""alpha"":4,""beta"":8,""ef_min"":8,""ef_max"":512}",1000,0.8513999999999999,0.4,10.0,10.0,12407.336,15303.649999999998,4262.17,7132.749999999998,8051.19,354.553,200.0,4276.821
P2,9b0fdf86dc0e7bfd,"{""policy"":""P2"",""fixed_p"":10,""alpha"":4,""beta"":16,""ef_min"":8,""ef_max"":512}",1000,0.8629,0.4,10.0,10.0,15300.323,18810.399999999998,4499.575,7463.599999999998,8343.43,433.321,208.0,5105.59
P2,c13c468e312e1929,"{""policy"":""P2"",""fixed_p"":10,""alpha"":4,""beta"":32,""ef_min"":8,""ef_max"":512}",1000,0.8817999999999999,0.5,10.0,10.0,21150.039,25671.199999999997,4983.823,7998.599999999999,8951.16,598.639,224.0,6828.572
P2,259430bac9ffb7d5,"{""policy"":""P2"",""fixed_p"":10,""alpha"":4,""beta"":64,""ef_min"":8,""ef_max"":512}",1000,0.9017999999999999,0.6,10.0,10.0,31804.758,37711.15,5985.555,9122.599999999999,10017.55,915.47,256.0,9946.039
P2,3a0a3ce3dbc3f95b,"{""policy"":""P2"",""fixed_p"":10,""alpha"":8,""beta"":4,""ef_min"":8,""ef_max"":512}",1000,0.8863,0.5,10.0,10.0,17267.165,22268.099999999995,7244.067,12356.699999999997,13924.55,531.449,388.0,5751.313
P2,7da9a6feb30949e1,"{""policy"":""P2"",""fixed_p"":10,""alpha"":8,""beta"":8,""ef_min"":8,""ef_max"":512}",1000,0.8907999999999999,0.5,10.0,10.0,18183.417,23760.4,7347.813,12497.449999999999,13993.47,557.374,392.0,6024.989
P2,588fb95e05dae205,"{""policy"":""P2"",""fixed_p"":10,""alpha"":8,""beta"":16,""ef_min"":8,""ef_max"":512}",1000,0.8996000000000001,0.5,10.0,10.0,20973.917,27014.299999999996,7552.786,12732.499999999998,14252.34,635.651,400.0,6815.116
P2,933aeb7c8536ea1d,"{""policy"":""P2"",""fixed_p"":10,""alpha"":8,""beta"":32,""ef_min"":8,""ef_max"":512}",1000,0.9103,0.6,10.0,10.0,26665.465,33418.05,7979.054,13157.1,14731.71,800.002,416.0,8480.23
P2,f63a95fc5dad4126,"{""policy"":""P2"",""fixed_p"":10,""alpha"":8,""beta"":64,""ef_min"":8,""ef_max"":512}",1000,0.9226,0.6,10.0,10.0,37085.52,45271.75,8825.742,14120.049999999996,15697.099999999999,1115.984,448.0,11577.402
P2,05f27fc8b55875e5,"{""policy"":""P2"",""fixed_p"":10,""alpha"":16,""beta"":4,""ef_min"":8,""ef_max"":512}",1000,0.9214,0.6,10.0,10.0,26485.364,37556.6,11402.052,18331.4,20110.239999999998,865.823,512.0,8545.357
P2,febb1cea4769df14,"{""policy"":""P2"",""fixed_p"":10,""alpha"":16,""beta"":8,""ef_min"":8,""ef_max"":512}",1000,0.9235,0.6,10.0,10.0,27297.1,39060.7,11463.48,18343.0,20227.06,889.247,512.0,8783.335
P2,6ab9f3a87e921014,"{""policy"":""P2"",""fixed_p"":10,""alpha"":16,""beta"":16,""ef_min"":8,""ef_max"":512}",1000,0.9266,0.6,10.0,10.0,29872.818,42257.7,11583.008,18343.0,20273.79,962.207,512.0,9502.047
P2,c7bc730a3aae4a7a,"{""policy"":""P2"",""fixed_p"":10,""alpha"":16,""beta"":32,""ef_min"":8,""ef_max"":512}",1000,0.9324,0.7,10.0,10.0,35229.924,48156.85,11811.812,18609.95,20430.85,1117.925,512.0,11129.577
P2,96923d848ea3c820,"{""policy"":""P2"",""fixed_p"":10,""alpha"":16,""beta"":64,""ef_min"":8,""ef_max"":512}",1000,0.9399,0.7,10.0,10.0,45096.16,59895.649999999994,12255.372,18914.8,20782.36,1417.506,513.0,14005.415
P2,c1af9e616bdc7ae3,"{""policy"":""P2"",""fixed_p"":11,""alpha"":1,""beta"":4,""ef_min"":8,""ef_max"":512}",1000,0.7455,0.2,11.0,11.0,7884.286,9503.1,1469.876,2307.05,2608.1099999999997,213.321,52.0,3018.509
P2,e9ae3d6e08023b29,"{""policy"":""P2"",""fixed_p"":11,""alpha"":1,""beta"":8,""ef_min"":8,""ef_max"":512}",1000,0.7634,0.2,11.0,11.0,8295.504,9759.1,1603.377,2472.05,2871.4299999999994,224.527,56.0,3140.793
P2,580684e1f6586eeb,"{""policy"":""P2"",""fixed_p"":11,""alpha"":1,""beta"":16,""ef_min"":8,""ef_max"":512}",1000,0.7914,0.3,11.0,11.0,11565.615,13439.0,1916.672,2827.2,3136.09,310.665,64.0,4088.083
P2,2bed0bcc563db16a,"{""policy"":""P2"",""fixed_p"":11,""alpha"":1,""beta"":32,""ef_min"":8,""ef_max"":512}",1000,0.8295,0.4,11.0,11.0,18223.105,20994.95,2607.669,3493.0,3817.1,493.661,80.0,6026.733
P2,9097843104822630,"{""policy"":""P2"",""fixed_p"":11,""alpha"":1,""beta"":64,""ef_min"":8,""ef_max"":512}",1000,0.8737,0.5,11.0,11.0,30190.671,34666.15,3999.576,4936.05,5310.13,841.762,112.0,9529.435
P2,6746325732368382,"{""policy"":""P2"",""fixed_p"":11,""alpha"":2,""beta"":4,""ef_min"":8,""ef_max"":512}",1000,0.8029,0.3,11.0,11.0,9323.345,11215.05,2397.817,4015.05,4447.0599999999995,257.164,100.0,3442.529
P2,53e8fa8bd2cb40a3,"{""policy"":""P2"",""fixed_p"":11,""alpha"":2,""beta"":8,""ef_min"":8,""ef_max"":512}",1000,0.8125,0.3,11.0,11.0,9914.659,11760.0,2525.433,4161.05,4625.04,273.304,104.0,3610.197
P2,7e8c8575bb9602ab,"{""policy"":""P2"",""fixed_p"":11,""alpha"":2,""beta"":16,""ef_min"":8,""ef_max"":512}",1000,0.8296,0.3,11.0,11.0,13208.507,15537.849999999999,2793.656,4464.2,4938.18,361.037,112.0,4563.065
P2,cec33ce76e51ce04,"{""policy"":""P2"",""fixed_p"":11,""alpha"":2,""beta"":32,""ef_min"":8,""ef_max"":512}",1000,0.8547,0.4,11.0,11.0,19779.57,23118.15,3360.001,5069.4,5608.12,543.349,128.0,6484.556
P2,7fc3a583fd5efdc0,"{""policy"":""P2"",""fixed_p"":11,""alpha"":2,""beta"":64,""ef_min"":8,""ef_max"":512}",1000,0.8864,0.5,11.0,11.0,31675.512,36786.0,4574.305,6326.05,6864.139999999999,891.883,160.0,9955.945
P2,b4f9a97cb41ceab6,"{""policy"":""P2"",""fixed_p"":11,""alpha"":4,""beta"":4,""ef_min"":8,""ef_max"":512}",1000,0.8478,0.4,11.0,11.0,12300.593,14914.449999999999,4141.242,7053.3499999999985,7928.17,353.149,196.0,4307.096
P2,5c0c7452af266436,"{""policy"":""P2"",""fixed_p"":11,""alpha"":4,""beta"":8,""ef_min"":8,""ef_max"":512}",1000,0.8533999999999999,0.4,11.0,11.0,13111.936,16050.05,4262.17,7132.749999999998,8051.19,375.528,200.0,4555.178
P2,3f5d0abb4b3dcd8e,"{""policy"":""P2"",""fixed_p"":11,""alpha"":4,""beta"":16,""ef_min"":8,""ef_max"":512}",1000,0.8652000000000001,0.4,11.0,11.0,16297.472,19912.45,4499.608,7463.599999999998,8343.43,461.916,208.0,5471.386
P2,67c985197705a1d9,"{""policy"":""P2"",""fixed_p"":11,""alpha"":4,""beta"":32,""ef_min"":8,""ef_max"":512}",1000,0.8843,0.5,11.0,11.0,22763.571,27226.5,4984.134,7998.599999999999,8951.16,643.955,224.0,7385.237
P2,7e2d7613e80741d9,"{""policy"":""P2"",""fixed_p"":11,""alpha"":4,""beta"":64,""ef_min"":8,""ef_max"":512}",1000,0.9047000000000001,0.6,11.0,11.0,34518.706,40497.1,5986.971,9122.599999999999,10017.55,992.417,256.0,10831.886
P2,e681f6234c059932,"{""policy"":""P2"",""fixed_p"":11,""alpha"":8,""beta"":4,""ef_min"":8,""ef_max"":512}",1000,0.8883,0.5,11.0,11.0,17971.863,23054.55,7244.067,12356.699999999997,13924.55,552.426,388.0,6029.503
P2,6c115af7ee3fcde8,"{""policy"":""P2"",""fixed_p"":11,""alpha"":8,""beta"":8,""ef_min"":8,""ef_max"":512}",1000,0.8927999999999999,0.5,11.0,11.0,18903.057,24543.7,7347.813,12497.449999999999,13993.47,578.726,392.0,6305.842
P2,3f26c477c875408b,"{""policy"":""P2"",""fixed_p"":11,""alpha"":8,""beta"":16,""ef_min"":8,""ef_max"":512}",1000,0.9018999999999999,0.5,11.0,11.0,21985.875,28033.399999999998,7552.786,12732.499999999998,14252.34,664.603,400.0,7184.606
P2,9c4f7781a7ac7aec,"{""policy"":""P2"",""fixed_p"":11,""alpha"":8,""beta"":32,""ef_min"":8,""ef_max"":512}",1000,0.9127000000000001,0.6,11.0,11.0,28292.147,35359.2,7979.054,13157.1,14731.71,845.685,416.0,9041.331
P2,5839dd6957071f5f,"{""policy"":""P2"",""fixed_p"":11,""alpha"":8,""beta"":64,""ef_min"":8,""ef_max"":512}",1000,0.9254,0.6,11.0,11.0,39811.768,48060.49999999999,8825.742,14120.049999999996,15697.099999999999,1193.263,448.0,12466.874
P2,406416a806f23bb6,"{""policy"":""P2"",""fixed_p"":11,""alpha"":16,""beta"":4,""ef_min"":8,""ef_max"":512}",1000,0.9234,0.6,11.0,11.0,27217.519,38360.4,11402.052,18331.4,20110.239999999998,887.483,512.0,8830.446
P2,2fb14904ef1d9ac1,"{""policy"":""P2"",""fixed_p"":11,""alpha"":16,""beta"":8,""ef_min"":8,""ef_max"":512}",1000,0.9256,0.6,11.0,11.0,28044.223,40023.95,11463.48,18343.0,20227.06,911.269,512.0,9072.147
P2,02bfc418be098fec,"{""policy"":""P2"",""fixed_p"":11,""alpha"":16,""beta"":16,""ef_min"":8,""ef_max"":512}",1000,0.9289,0.6,11.0,11.0,30911.769,43502.05,11583.008,18343.0,20273.79,991.865,512.0,9879.302
P2,416bc8aa7556e22b,"{""policy"":""P2"",""fixed_p"":11,""alpha"":16,""beta"":32,""ef_min"":8,""ef_max"":512}",1000,0.9349,0.7,11.0,11.0,36881.941,49918.399999999994,11811.812,18609.95,20430.85,1164.27,512.0,11697.158
P2,009a5846a7094e12,"{""policy"":""P2"",""fixed_p"":11,""alpha"":16,""beta"":64,""ef_min"":8,""ef_max"":512}",1000,0.9427000000000001,0.7,11.0,11.0,47846.843,62714.1,12255.372,18914.8,20782.36,1495.483,513.0,14902.406
P2,7a5cb3803f92e123,"{""policy"":""P2"",""fixed_p"":12,""alpha"":1,""beta"":4,""ef_min"":8,""ef_max"":512}",1000,0.747,0.2,12.0,12.0,8566.054,10122.0,1475.094,2307.05,2608.1099999999997,234.285,52.0,3290.353
P2,4d4173b67541a711,"{""policy"":""P2"",""fixed_p"":12,""alpha"":1,""beta"":8,""ef_min"":8,""ef_max"":512}",1000,0.7649,0.2,12.0,12.0,8977.272,10454.65,1606.207,2472.05,2871.4299999999994,245.491,56.0,3412.442
P2,1f27d85125e894d6,"{""policy"":""P2"",""fixed_p"":12,""alpha"":1,""beta"":16,""ef_min"":8,""ef_max"":512}",1000,0.7932,0.3,12.0,12.0,12507.013,14411.05,1920.096,2827.2,3136.09,338.64,64.0,4435.051
P2,a6459759bf073e4e,"{""policy"":""P2"",""fixed_p"":12,""alpha"":1,""beta"":32,""ef_min"":8,""ef_max"":512}",1000,0.8315,0.4,12.0,12.0,19769.702,22633.1,2615.219,3493.0,3817.1,538.735,80.0,6559.237
P2,d3b1301a40378b5e,"{""policy"":""P2"",""fixed_p"":12,""alpha"":1,""beta"":64,""ef_min"":8,""ef_max"":512}",1000,0.8761,0.5,12.0,12.0,32773.927,37601.4,4008.733,4936.05,5310.13,918.25,112.0,10375.045
P2,3d584b285c30e936,"{""policy"":""P2"",""fixed_p"":12,""alpha"":2,""beta"":4,""ef_min"":8,""ef_max"":512}",1000,0.8044,0.3,12.0,12.0,10005.113,11858.65,2398.521,4015.05,4447.0599999999995,278.128,100.0,3714.373
P2,945cab798529b834,"{""policy"":""P2"",""fixed_p"":12,""alpha"":2,""beta"":8,""ef_min"":8,""ef_max"":512}",1000,0.814,0.3,12.0,12.0,10596.427,12493.3,2525.611,4161.05,4625.04,294.268,104.0,3881.749
P2,5a67d0b709b84f50,"{""policy"":""P2"",""fixed_p"":12,""alpha"":2,""beta"":16,""ef_min"":8,""ef_max"":512}",1000,0.8314,0.3,12.0,12.0,14151.493,16577.3,2794.505,4464.2,4938.18,389.058,112.0,4910.226
P2,16ce617342b1cd12,"{""policy"":""P2"",""fixed_p"":12,""alpha"":2,""beta"":32,""ef_min"":8,""ef_max"":512}",1000,0.8566,0.4,12.0,12.0,21327.683,24750.75,3362.924,5069.4,5608.12,588.463,128.0,7016.462
P2,5bda4f1011f9ddc0,"{""policy"":""P2"",""fixed_p"":12,""alpha"":2,""beta"":64,""ef_min"":8,""ef_max"":512}",1000,0.8887,0.5,12.0,12.0,34259.423,39430.2,4578.706,6326.05,6864.139999999999,968.394,160.0,10801.475
P2,6b1ace485a7d9cee,"{""policy"":""P2"",""fixed_p"":12,""alpha"":4,""beta"":4,""ef_min"":8,""ef_max"":512}",1000,0.8492000000000001,0.4,12.0,12.0,12982.361,15620.3,4141.242,7053.3499999999985,7928.17,374.113,196.0,4578.94
P2,348ccfbfd51c6308,"{""policy"":""P2"",""fixed_p"":12,""alpha"":4,""beta"":8,""ef_min"":8,""ef_max"":512}",1000,0.8548,0.4,12.0,12.0,13796.079,16790.25,4262.17,7132.749999999998,8051.19,396.551,200.0,4827.232
P2,abe9f05993b537b7,"{""policy"":""P2"",""fixed_p"":12,""alpha"":4,""beta"":16,""ef_min"":8,""ef_max"":512}",1000,0.8669,0.4,12.0,12.0,17242.531,20864.05,4499.608,7463.599999999998,8343.43,489.995,208.0,5819.063
P2,b691fdc587cf173f,"{""policy"":""P2"",""fixed_p"":12,""alpha"":4,""beta"":32,""ef_min"":8,""ef_max"":512}",1000,0.8861,0.5,12.0,12.0,24313.725,28789.15,4984.544,7998.599999999999,8951.16,689.128,224.0,7919.932
P2,b6373453f5c045eb,"{""policy"":""P2"",""fixed_p"":12,""alpha"":4,""beta"":64,""ef_min"":8,""ef_max"":512}",1000,0.9068999999999999,0.6,12.0,12.0,37104.493,43455.4,5988.058,9122.599999999999,10017.55,1068.98,256.0,11678.186
P2,e0381d9d4ccfe93e,"{""policy"":""P2"",""fixed_p"":12,""alpha"":8,""beta"":4,""ef_min"":8,""ef_max"":512}",1000,0.8897,0.5,12.0,12.0,18656.006,23792.799999999996,7244.067,12356.699999999997,13924.55,573.449,388.0,6301.557
P2,7700e554ecfce254,"{""policy"":""P2"",""fixed_p"":12,""alpha"":8,""beta"":8,""ef_min"":8,""ef_max"":512}",1000,0.8941,0.5,12.0,12.0,19592.458,25272.449999999997,7347.813,12497.449999999999,13993.47,599.894,392.0,6579.69
P2,70ac05390a62db10,"{""policy"":""P2"",""fixed_p"":12,""alpha"":8,""beta"":16,""ef_min"":8,""ef_max"":512}",1000,0.9035,0.5,12.0,12.0,22938.557,29152.299999999992,7552.786,12732.499999999998,14252.34,692.879,400.0,7534.351
P2,56f4269c80d42259,"{""policy"":""P2"",""fixed_p"":12,""alpha"":8,""beta"":32,""ef_min"":8,""ef_max"":512}",1000,0.9145,0.6,12.0,12.0,29847.164,37109.35,7979.054,13157.1,14731.71,891.005,416.0,9576.739
P2,73c4a40ef37e3e66,"{""policy"":""P2"",""fixed_p"":12,""alpha"":8,""beta"":64,""ef_min"":8,""ef_max"":512}",1000,0.9276,0.6,12.0,12.0,42401.906,50938.65,8825.742,14120.049999999996,15697.099999999999,1269.962,448.0,13315.257
P2,155157966dd0c4da,"{""policy"":""P2"",""fixed_p"":12,""alpha"":16,""beta"":4,""ef_min"":8,""ef_max"":512}",1000,0.9247000000000001,0.6,12.0,12.0,27912.354,39013.899999999994,11402.052,18331.4,20110.239999999998,908.805,512.0,9105.515
P2,b3794dc6741da489,"{""policy"":""P2"",""fixed_p"":12,""alpha"":16,""beta"":8,""ef_min"":8,""ef_max"":512}",1000,0.9269,0.6,12.0,12.0,28746.681,40703.4,11463.48,18343.0,20227.06,932.788,512.0,9349.284
P2,8f2d08a7eb691ee3,"{""policy"":""P2"",""fixed_p"":12,""alpha"":16,""beta"":16,""ef_min"":8,""ef_max"":512}",1000,0.9305,0.6950000000000003,12.0,12.0,31874.311,44425.649999999994,11583.008,18343.0,20273.79,1020.428,512.0,10232.04
P2,a37744a01a018757,"{""policy"":""P2"",""fixed_p"":12,""alpha"":16,""beta"":32,""ef_min"":8,""ef_max"":512}",1000,0.9367000000000001,0.7,12.0,12.0,38448.477,51670.9,11811.812,18609.95,20430.85,1209.925,512.0,12235.928
P2,97b7d97b01ba6868,"{""policy"":""P2"",""fixed_p"":12,""alpha"":16,""beta"":64,""ef_min"":8,""ef_max"":512}",1000,0.9449,0.7,12.0,12.0,50445.943,65255.29999999999,12255.372,18914.8,20782.36,1572.46,513.0,15753.027
P2,7305fb396ab1c379,"{""policy"":""P2"",""fixed_p"":13,""alpha"":1,""beta"":4,""ef_min"":8,""ef_max"":512}",1000,0.7485,0.2,13.0,13.0,9273.58,10894.2,1479.145,2307.05,2608.1099999999997,255.16,52.0,3562.392
P2,39bca1c09d946d42,"{""policy"":""P2"",""fixed_p"":13,""alpha"":1,""beta"":8,""ef_min"":8,""ef_max"":512}",1000,0.7664,0.2,13.0,13.0,9684.798,11210.249999999998,1608.276,2472.05,2871.4299999999994,266.366,56.0,3684.637
P2,be3360354a621769,"{""policy"":""P2"",""fixed_p"":13,""alpha"":1,""beta"":16,""ef_min"":8,""ef_max"":512}",1000,0.7948999999999999,0.3,13.0,13.0,13494.427,15339.15,1925.558,2827.2,3136.09,366.643,64.0,4788.611
P2,02d390564bde4ba0,"{""policy"":""P2"",""fixed_p"":13,""alpha"":1,""beta"":32,""ef_min"":8,""ef_max"":512}",1000,0.8336,0.4,13.0,13.0,21375.771,24335.85,2632.181,3493.0,3817.1,583.291,80.0,7093.086
P2,b995b714b01bce1d,"{""policy"":""P2"",""fixed_p"":13,""alpha"":1,""beta"":64,""ef_min"":8,""ef_max"":512}",1000,0.8782000000000001,0.5,13.0,13.0,35486.21,40369.05,4043.332,4943.0,5310.13,994.285,112.0,11243.559
P2,06a563f51d729c1e,"{""policy"":""P2"",""fixed_p"":13,""alpha"":2,""beta"":4,""ef_min"":8,""ef_max"":512}",1000,0.8059,0.3,13.0,13.0,10712.639,12571.05,2398.77,4015.05,4447.0599999999995,299.003,100.0,3986.412
P2,5f2aeb53044e1740,"{""policy"":""P2"",""fixed_p"":13,""alpha"":2,""beta"":8,""ef_min"":8,""ef_max"":512}",1000,0.8155,0.3,13.0,13.0,11303.953,13191.699999999999,2525.611,4161.05,4625.04,315.143,104.0,4154.05
P2,1ab704538d5a7d15,"{""policy"":""P2"",""fixed_p"":13,""alpha"":2,""beta"":16,""ef_min"":8,""ef_max"":512}",1000,0.8331000000000001,0.4,13.0,13.0,15139.144,17543.55,2795.252,4464.2,4938.18,417.066,112.0,5264.073
P2,2a10ba36714dad5c,"{""policy"":""P2"",""fixed_p"":13,""alpha"":2,""beta"":32,""ef_min"":8,""ef_max"":512}",1000,0.8587,0.4,13.0,13.0,22934.323,26392.5,3368.849,5069.4,5608.12,633.034,128.0,7550.662
P2,ec0e48d3f89c94fb,"{""policy"":""P2"",""fixed_p"":13,""alpha"":2,""beta"":64,""ef_min"":8,""ef_max"":512}",1000,0.8907999999999999,0.5,13.0,13.0,36971.76,42312.95,4595.323,6326.05,6864.139999999999,1044.431,160.0,11670.318
P2,79bd37b6a9d59bc9,"{""policy"":""P2"",""fixed_p"":13,""alpha"":4,""beta"":4,""ef_min"":8,""ef_max"":512}",1000,0.8507,0.4,13.0,13.0,13689.887,16308.249999999998,4141.242,7053.3499999999985,7928.17,394.988,196.0,4850.979
P2,60739ebea00864f8,"{""policy"":""P2"",""fixed_p"":13,""alpha"":4,""beta"":8,""ef_min"":8,""ef_max"":512}",1000,0.8563,0.4,13.0,13.0,14504.751,17497.2,4262.17,7132.749999999998,8051.19,417.455,200.0,5099.422
P2,82accce0a4e726ad,"{""policy"":""P2"",""fixed_p"":13,""alpha"":4,""beta"":16,""ef_min"":8,""ef_max"":512}",1000,0.8686,0.4,13.0,13.0,18230.848,21825.5,4499.608,7463.599999999998,8343.43,518.022,208.0,6172.947
P2,73ab7f3fc349e950,"{""policy"":""P2"",""fixed_p"":13,""alpha"":4,""beta"":32,""ef_min"":8,""ef_max"":512}",1000,0.8882000000000001,0.5,13.0,13.0,25920.644,30575.1,4986.014,7998.599999999999,8951.16,733.706,224.0,8453.706
P2,04f6e0c10967a9c0,"{""policy"":""P2"",""fixed_p"":13,""alpha"":4,""beta"":64,""ef_min"":8,""ef_max"":512}",1000,0.909,0.6,13.0,13.0,39817.134,46212.299999999996,5993.906,9122.599999999999,10017.55,1145.026,256.0,12547.291
P2,0e5081b87635cc63,"{""policy"":""P2"",""fixed_p"":13,""alpha"":8,""beta"":4,""ef_min"":8,""ef_max"":512}",1000,0.8912,0.5,13.0,13.0,19364.678,24537.1,7244.067,12356.699999999997,13924.55,594.353,388.0,6573.747
P2,1273045b94586937,"{""policy"":""P2"",""fixed_p"":13,""alpha"":8,""beta"":8,""ef_min"":8,""ef_max"":512}",1000,0.8956000000000001,0.5,13.0,13.0,20302.603,26067.8,7347.813,12497.449999999999,13993.47,620.833,392.0,6852.241
P2,b8792ca57ed7d7f3,"{""policy"":""P2"",""fixed_p"":13,""alpha"":8,""beta"":16,""ef_min"":8,""ef_max"":512}",1000,0.9052,0.5950000000000003,13.0,13.0,23927.801,30102.55,7552.786,12732.499999999998,14252.34,720.929,400.0,7888.811
P2,83b288bffbd4743e,"{""policy"":""P2"",""fixed_p"":13,""alpha"":8,""beta"":32,""ef_min"":8,""ef_max"":512}",1000,0.9166,0.6,13.0,13.0,31455.333,38546.1,7979.188,13157.1,14731.71,935.614,416.0,10110.988
P2,b3b8489cfc96141e,"{""policy"":""P2"",""fixed_p"":13,""alpha"":8,""beta"":64,""ef_min"":8,""ef_max"":512}",1000,0.9297000000000001,0.6,13.0,13.0,45115.8,53472.25,8827.469,14120.049999999996,15697.099999999999,1346.041,448.0,14183.715
P2,7c86f2634965d31f,"{""policy"":""P2"",""fixed_p"":13,""alpha"":16,""beta"":4,""ef_min"":8,""ef_max"":512}",1000,0.9262,0.6,13.0,13.0,28624.165,39694.45,11402.052,18331.4,20110.239999999998,929.784,512.0,9378.686
P2,a5c752016675901c,"{""policy"":""P2"",""fixed_p"":13,""alpha"":16,""beta"":8,""ef_min"":8,""ef_max"":512}",1000,0.9284,0.6,13.0,13.0,29459.419,41462.049999999996,11463.48,18343.0,20227.06,953.79,512.0,9623.031
P2,e15c3fb2b19b0209,"{""policy"":""P2"",""fixed_p"":13,""alpha"":16,""beta"":16,""ef_min"":8,""ef_max"":512}",1000,0.9322,0.6950000000000003,13.0,13.0,32867.496,45527.6,11583.008,18343.0,20273.79,1048.568,512.0,10587.46
P2,0c80fd6e139cba5e,"{""policy"":""P2"",""fixed_p"":13,""alpha"":16,""beta"":32,""ef_min"":8,""ef_max"":512}",1000,0.9388,0.7,13.0,13.0,40058.189,53406.75,11811.812,18609.95,20430.85,1254.584,512.0,12770.481
P2,0d1f5f655e4bac84,"{""policy"":""P2"",""fixed_p"":13,""alpha"":16,""beta"":64,""ef_min"":8,""ef_max"":512}",1000,0.947,0.7,13.0,13.0,53161.825,67873.7,12256.577,18914.8,20782.36,1648.596,513.0,16622.464
P2,62f96f194fa13c1d,"{""policy"":""P2"",""fixed_p"":14,""alpha"":1,""beta"":4,""ef_min"":8,""ef_max"":512}",1000,0.7491,0.2,14.0,14.0,9968.098,11640.25,1481.383,2307.05,2608.1099999999997,276.077,52.0,3833.635
P2,de1473e1ff12686b,"{""policy"":""P2"",""fixed_p"":14,""alpha"":1,""beta"":8,""ef_min"":8,""ef_max"":512}",1000,0.767,0.2,14.0,14.0,10379.316,11963.3,1609.683,2472.05,2871.4299999999994,287.283,56.0,3955.863
P2,63d4abd490bd21a9,"{""policy"":""P2"",""fixed_p"":14,""alpha"":1,""beta"":16,""ef_min"":8,""ef_max"":512}",1000,0.7957000000000001,0.3,14.0,14.0,14446.005,16429.899999999998,1929.519,2827.2,3136.09,394.392,64.0,5142.036
P2,3942a4206be11be8,"{""policy"":""P2"",""fixed_p"":14,""alpha"":1,""beta"":32,""ef_min"":8,""ef_max"":512}",1000,0.8349,0.4,14.0,14.0,22930.012,25901.75,2640.036,3493.0,3817.1,627.804,80.0,7625.677
P2,3388949374ea8a75,"{""policy"":""P2"",""fixed_p"":14,""alpha"":1,""beta"":64,""ef_min"":8,""ef_max"":512}",1000,0.8797,0.5,14.0,14.0,38084.584,43021.1,4059.774,4943.25,5323.03,1070.164,112.0,12092.801
P2,e31d7f90f81b17f4,"{""policy"":""P2"",""fixed_p"":14,""alpha"":2,""beta"":4,""ef_min"":8,""ef_max"":512}",1000,0.8065,0.3,14.0,14.0,11407.157,13318.3,2398.84,4015.05,4447.0599999999995,319.92,100.0,4257.655
P2,840b6e0c5cb52ec1,"{""policy"":""P2"",""fixed_p"":14,""alpha"":2,""beta"":8,""ef_min"":8,""ef_max"":512}",1000,0.8161,0.3,14.0,14.0,11998.471,13911.9,2525.611,4161.05,4625.04,336.06,104.0,4425.287
P2,be3003dbd88ee867,"{""policy"":""P2"",""fixed_p"":14,""alpha"":2,""beta"":16,""ef_min"":8,""ef_max"":512}",1000,0.8339,0.4,14.0,14.0,16090.782,18528.05,2796.462,4464.2,4938.18,444.816,112.0,5617.469
P2,50d86fde7746e27c,"{""policy"":""P2"",""fixed_p"":14,""alpha"":2,""beta"":32,""ef_min"":8,""ef_max"":512}",1000,0.86,0.4,14.0,14.0,24488.564,27831.35,3371.133,5069.4,5608.12,677.547,128.0,8083.327
P2,1a7cbc1a9a862f0b,"{""policy"":""P2"",""fixed_p"":14,""alpha"":2,""beta"":64,""ef_min"":8,""ef_max"":512}",1000,0.8923,0.5,14.0,14.0,39570.134,44972.95,4602.081,6326.05,6864.139999999999,1120.31,160.0,12519.642
P2,a45f4fbb91277d2c,"{""policy"":""P2"",""fixed_p"":14,""alpha"":4,""beta"":4,""ef_min"":8,""ef_max"":512}",1000,0.8513,0.4,14.0,14.0,14384.405,17039.5,4141.242,7053.3499999999985,7928.17,415.905,196.0,5122.222
P2,284d35ae03a66df1,"{""policy"":""P2"",""fixed_p"":14,""alpha"":4,""beta"":8,""ef_min"":8,""ef_max"":512}",1000,0.8569,0.4,14.0,14.0,15199.614,18192.0,4262.17,7132.749999999998,8051.19,438.379,200.0,5370.789
P2,8058de3b53f32d87,"{""policy"":""P2"",""fixed_p"":14,""alpha"":4,""beta"":16,""ef_min"":8,""ef_max"":512}",1000,0.8694,0.4,14.0,14.0,19182.486,22880.1,4500.245,7463.599999999998,8343.43,545.772,208.0,6526.364
P2,4e69af260d325418,"{""policy"":""P2"",""fixed_p"":14,""alpha"":4,""beta"":32,""ef_min"":8,""ef_max"":512}",1000,0.8895,0.5,14.0,14.0,27474.989,32010.25,4986.157,7998.599999999999,8951.16,778.221,224.0,8986.434
P2,acf012ba79afe5c9,"{""policy"":""P2"",""fixed_p"":14,""alpha"":4,""beta"":64,""ef_min"":8,""ef_max"":512}",1000,0.9105,0.6,14.0,14.0,42415.508,48789.25,5994.687,9122.599999999999,10017.55,1220.905,256.0,13396.633
P2,75ef6f8c4c33a3bd,"{""policy"":""P2"",""fixed_p"":14,""alpha"":8,""beta"":4,""ef_min"":8,""ef_max"":512}",1000,0.8917999999999999,0.5,14.0,14.0,20059.541,25172.6,7244.067,12356.699999999997,13924.55,615.277,388.0,6845.114
P2,a68289291e9f3fd1,"{""policy"":""P2"",""fixed_p"":14,""alpha"":8,""beta"":8,""ef_min"":8,""ef_max"":512}",1000,0.8962,0.5,14.0,14.0,20997.805,26681.249999999996,7347.813,12497.449999999999,13993.47,641.763,392.0,7123.677
P2,378fa9dff8db4e10,"{""policy"":""P2"",""fixed_p"":14,""alpha"":8,""beta"":16,""ef_min"":8,""ef_max"":512}",1000,0.906,0.6,14.0,14.0,24879.487,31031.05,7552.786,12732.499999999998,14252.34,748.68,400.0,8242.275
P2,192ccc34c2284d89,"{""policy"":""P2"",""fixed_p"":14,""alpha"":8,""beta"":32,""ef_min"":8,""ef_max"":512}",1000,0.9178999999999999,0.6,14.0,14.0,33009.88,40193.3,7979.188,13157.1,14731.71,980.133,416.0,10643.815
P2,6bb3df623658dfd2,"{""policy"":""P2"",""fixed_p"":14,""alpha"":8,""beta"":64,""ef_min"":8,""ef_max"":512}",1000,0.9312,0.6,14.0,14.0,47714.174,56249.1,8827.469,14120.049999999996,15697.099999999999,1421.92,448.0,15032.986
P2,9e4a9a724b659b8e,"{""policy"":""P2"",""fixed_p"":14,""alpha"":16,""beta"":4,""ef_min"":8,""ef_max"":512}",1000,0.9268,0.6,14.0,14.0,29319.478,40339.65,11402.052,18331.4,20110.239999999998,950.716,512.0,9650.115
P2,ac877b086bd1493e,"{""policy"":""P2"",""fixed_p"":14,""alpha"":16,""beta"":8,""ef_min"":8,""ef_max"":512}",1000,0.929,0.6,14.0,14.0,30154.78,42103.75,11463.48,18343.0,20227.06,974.723,512.0,9894.507
P2,9498a8e8d45d985f,"{""policy"":""P2"",""fixed_p"":14,""alpha"":16,""beta"":16,""ef_min"":8,""ef_max"":512}",1000,0.933,0.7,14.0,14.0,33819.605,46347.34999999999,11583.008,18343.0,20273.79,1076.327,512.0,10941.066
P2,0b906946be6eb699,"{""policy"":""P2"",""fixed_p"":14,""alpha"":16,""beta"":32,""ef_min"":8,""ef_max"":512}",1000,0.9401,0.7,14.0,14.0,41613.18,54977.9,11811.812,18609.95,20430.85,1299.113,512.0,13303.416
P2,bfb40e46057ae293,"{""policy"":""P2"",""fixed_p"":14,""alpha"":16,""beta"":64,""ef_min"":8,""ef_max"":512}",1000,0.9485,0.7,14.0,14.0,55760.443,70504.95,12256.577,18914.8,20782.36,1724.48,513.0,17471.878
P2,1193687189e9abe6,"{""policy"":""P2"",""fixed_p"":15,""alpha"":1,""beta"":4,""ef_min"":8,""ef_max"":512}",1000,0.75,0.2,15.0,15.0,10714.759,12580.849999999999,1488.935,2307.05,2608.1099999999997,297.388,52.0,4138.15
P2,24dec503a61eff7d,"{""policy"":""P2"",""fixed_p"":15,""alpha"":1,""beta"":8,""ef_min"":8,""ef_max"":512}",1000,0.7679,0.2,15.0,15.0,11125.977,12796.75,1615.804,2472.05,2871.4299999999994,308.594,56.0,4260.378
P2,3daf0f7153e26061,"{""policy"":""P2"",""fixed_p"":15,""alpha"":1,""beta"":16,""ef_min"":8,""ef_max"":512}",1000,0.7967000000000001,0.3,15.0,15.0,15484.667,17502.6,1936.665,2827.2,3136.09,422.786,64.0,5540.824
P2,b99189219b10150b,"{""policy"":""P2"",""fixed_p"":15,""alpha"":1,""beta"":32,""ef_min"":8,""ef_max"":512}",1000,0.8361000000000001,0.4,15.0,15.0,24641.49,27627.0,2656.424,3493.0,3817.1,673.153,80.0,8233.62
P2,ec0c52a9af27456a,"{""policy"":""P2"",""fixed_p"":15,""alpha"":1,""beta"":64,""ef_min"":8,""ef_max"":512}",1000,0.8815,0.5,15.0,15.0,40961.498,45657.35,4100.285,4972.05,5326.0,1147.035,112.0,13072.641
P2,33cceaded0a4133d,"{""policy"":""P2"",""fixed_p"":15,""alpha"":2,""beta"":4,""ef_min"":8,""ef_max"":512}",1000,0.8074,0.3,15.0,15.0,12153.818,14175.15,2400.429,4015.05,4447.0599999999995,341.231,100.0,4562.17
P2,4ba347c2f4a08944,"{""policy"":""P2"",""fixed_p"":15,""alpha"":2,""beta"":8,""ef_min"":8,""ef_max"":512}",1000,0.817,0.3,15.0,15.0,12745.132,14676.2,2526.781,4161.05,4625.04,357.371,104.0,4729.802
P2,1823095ad55acddc,"{""policy"":""P2"",""fixed_p"":15,""alpha"":2,""beta"":16,""ef_min"":8,""ef_max"":512}",1000,0.8349,0.4,15.0,15.0,17129.444,19453.2,2797.835,4464.2,4938.18,473.21,112.0,6016.257
P2,ddaef65407451f9a,"{""policy"":""P2"",""fixed_p"":15,""alpha"":2,""beta"":32,""ef_min"":8,""ef_max"":512}",1000,0.8612000000000001,0.4,15.0,15.0,26200.042,29625.45,3378.944,5069.4,5608.12,722.896,128.0,8691.27
P2,968043c84b55e1b4,"{""policy"":""P2"",""fixed_p"":15,""alpha"":2,""beta"":64,""ef_min"":8,""ef_max"":512}",1000,0.8941,0.5,15.0,15.0,42447.048,47705.3,4626.868,6326.05,6864.139999999999,1197.181,160.0,13499.482
P2,c52a401c89372c00,"{""policy"":""P2"",""fixed_p"":15,""alpha"":4,""beta"":4,""ef_min"":8,""ef_max"":512}",1000,0.8522000000000001,0.4,15.0,15.0,15131.066,17739.25,4141.599,7053.3499999999985,7928.17,437.216,196.0,5426.737
P2,2dbd96cee20a4253,"{""policy"":""P2"",""fixed_p"":15,""alpha"":4,""beta"":8,""ef_min"":8,""ef_max"":512}",1000,0.8578,0.4,15.0,15.0,15946.275,18881.0,4262.483,7132.749999999998,8051.19,459.69,200.0,5675.304
P2,ff8edb0ce68d3e90,"{""policy"":""P2"",""fixed_p"":15,""alpha"":4,""beta"":16,""ef_min"":8,""ef_max"":512}",1000,0.8704,0.4,15.0,15.0,20221.148,23761.3,4500.543,7463.599999999998,8343.43,574.166,208.0,6925.152
P2,0da0cf6c6888d769,"{""policy"":""P2"",""fixed_p"":15,""alpha"":4,""beta"":32,""ef_min"":8,""ef_max"":512}",1000,0.8907,0.5,15.0,15.0,29186.467,33646.299999999996,4987.14,7998.599999999999,8951.16,823.57,224.0,9594.377
P2,7d387563fb595d18,"{""policy"":""P2"",""fixed_p"":15,""alpha"":4,""beta"":64,""ef_min"":8,""ef_max"":512}",1000,0.9123,0.6,15.0,15.0,45292.422,51282.7,6003.204,9122.599999999999,10017.55,1297.776,256.0,14376.473
P2,b5287c197a1dce56,"{""policy"":""P2"",""fixed_p"":15,""alpha"":8,""beta"":4,""ef_min"":8,""ef_max"":512}",1000,0.8927,0.5,15.0,15.0,20806.202,25824.7,7244.067,12356.699999999997,13924.55,636.588,388.0,7149.629
P2,58aefc11220e76db,"{""policy"":""P2"",""fixed_p"":15,""alpha"":8,""beta"":8,""ef_min"":8,""ef_max"":512}",1000,0.8971,0.5,15.0,15.0,21744.466,27248.25,7347.813,12497.449999999999,13993.47,663.074,392.0,7428.192
P2,4431443ff9c1b1c2,"{""policy"":""P2"",""fixed_p"":15,""alpha"":8,""beta"":16,""ef_min"":8,""ef_max"":512}",1000,0.907,0.6,15.0,15.0,25918.149,31918.2,7552.786,12732.499999999998,14252.34,777.074,400.0,8641.063
P2,daa3f33f0c19254d,"{""policy"":""P2"",""fixed_p"":15,""alpha"":8,""beta"":32,""ef_min"":8,""ef_max"":512}",1000,0.9191,0.6,15.0,15.0,34721.358,41818.899999999994,7979.188,13157.1,14731.71,1025.482,416.0,11251.758
P2,2dc4c2fdfd4af28f,"{""policy"":""P2"",""fixed_p"":15,""alpha"":8,""beta"":64,""ef_min"":8,""ef_max"":512}",1000,0.933,0.7,15.0,15.0,50591.088,58854.0,8827.469,14120.049999999996,15697.099999999999,1498.791,448.0,16012.826
P2,3a278f12a62a912c,"{""policy"":""P2"",""fixed_p"":15,""alpha"":16,""beta"":4,""ef_min"":8,""ef_max"":512}",1000,0.9277000000000001,0.6,15.0,15.0,30066.139,40950.549999999996,11402.052,18331.4,20110.239999999998,972.027,512.0,9954.63
P2,305e1be624bf450e,"{""policy"":""P2"",""fixed_p"":15,""alpha"":16,""beta"":8,""ef_min"":8,""ef_max"":512}",1000,0.9299,0.6,15.0,15.0,30901.441,42645.299999999996,11463.48,18343.0,20227.06,996.034,512.0,10199.022
P2,6bfbd682a06c9564,"{""policy"":""P2"",""fixed_p"":15,""alpha"":16,""beta"":16,""ef_min"":8,""ef_max"":512}",1000,0.934,0.7,15.0,15.0,34858.267,47294.19999999999,11583.008,18343.0,20273.79,1104.721,512.0,11339.854
P2,2e72f39b396e0e42,"{""policy"":""P2"",""fixed_p"":15,""alpha"":16,""beta"":32,""ef_min"":8,""ef_max"":512}",1000,0.9412999999999999,0.7,15.0,15.0,43324.658,56521.0,11811.812,18609.95,20430.85,1344.462,512.0,13911.359
P2,5266af6d0ef4e42c,"{""policy"":""P2"",""fixed_p"":15,""alpha"":16,""beta"":64,""ef_min"":8,""ef_max"":512}",1000,0.9502999999999999,0.7,15.0,15.0,58637.357,73041.74999999999,12256.577,18914.8,20782.36,1801.351,513.0,18451.718
P2,d29623778d6ed46c,"{""policy"":""P2"",""fixed_p"":16,""alpha"":1,""beta"":4,""ef_min"":8,""ef_max"":512}",1000,0.7514,0.2,16.0,16.0,11494.454,13370.25,1494.59,2307.05,2608.1099999999997,318.966,52.0,4458.869
P2,188408073397299f,"{""policy"":""P2"",""fixed_p"":16,""alpha"":1,""beta"":8,""ef_min"":8,""ef_max"":512}",1000,0.7693,0.2,16.0,16.0,11905.672,13629.1,1619.217,2472.05,2871.4299999999994,330.172,56.0,4581.097
P2,e8bdd3525a69764b,"{""policy"":""P2"",""fixed_p"":16,""alpha"":1,""beta"":16,""ef_min"":8,""ef_max"":512}",1000,0.7984,0.3,16.0,16.0,16562.658,18634.6,1941.644,2827.2,3136.09,451.512,64.0,5959.812
P2,232511264e97d6b5,"{""policy"":""P2"",""fixed_p"":16,""alpha"":1,""beta"":32,""ef_min"":8,""ef_max"":512}",1000,0.8382999999999999,0.4,16.0,16.0,26408.957,29597.7,2671.992,3493.0,3817.1,718.868,80.0,8870.821
P2,6c035a053cdd4ab6,"{""policy"":""P2"",""fixed_p"":16,""alpha"":1,""beta"":64,""ef_min"":8,""ef_max"":512}",1000,0.8843,0.5,16.0,16.0,43968.378,48647.0,4126.929,4985.25,5326.0,1224.903,112.0,14116.589
P2,7957e681fc97e045,"{""policy"":""P2"",""fixed_p"":16,""alpha"":2,""beta"":4,""ef_min"":8,""ef_max"":512}",1000,0.8088,0.3,16.0,16.0,12933.513,14968.15,2401.052,4015.05,4447.0599999999995,362.809,100.0,4882.889
P2,7d7b22516c105ea4,"{""policy"":""P2"",""fixed_p"":16,""alpha"":2,""beta"":8,""ef_min"":8,""ef_max"":512}",1000,0.8184,0.3,16.0,16.0,13524.827,15455.25,2527.235,4161.05,4625.04,378.949,104.0,5050.521
P2,ca7d74c9103f873c,"{""policy"":""P2"",""fixed_p"":16,""alpha"":2,""beta"":16,""ef_min"":8,""ef_max"":512}",1000,0.8366,0.4,16.0,16.0,18207.435,20593.0,2798.96,4464.2,4938.18,501.936,112.0,6435.245
P2,644339b30ce24622,"{""policy"":""P2"",""fixed_p"":16,""alpha"":2,""beta"":32,""ef_min"":8,""ef_max"":512}",1000,0.8634,0.4,16.0,16.0,27967.509,31511.25,3384.693,5069.4,5608.12,768.611,128.0,9328.471
P2,d578689bcb8e86a4,"{""policy"":""P2"",""fixed_p"":16,""alpha"":2,""beta"":64,""ef_min"":8,""ef_max"":512}",1000,0.8969,0.6,16.0,16.0,45453.928,50546.5,4638.952,6326.05,6864.139999999999,1275.049,160.0,14543.43
P2,8d1646e80034b879,"{""policy"":""P2"",""fixed_p"":16,""alpha"":4,""beta"":4,""ef_min"":8,""ef_max"":512}",1000,0.8536,0.4,16.0,16.0,15910.761,18514.45,4141.599,7053.3499999999985,7928.17,458.794,196.0,5747.456
P2,83d803dc551989ca,"{""policy"":""P2"",""fixed_p"":16,""alpha"":4,""beta"":8,""ef_min"":8,""ef_max"":512}",1000,0.8592000000000001,0.4,16.0,16.0,16725.97,19756.1,4262.483,7132.749999999998,8051.19,481.268,200.0,5996.023
P2,e55651b354682be3,"{""policy"":""P2"",""fixed_p"":16,""alpha"":4,""beta"":16,""ef_min"":8,""ef_max"":512}",1000,0.8721,0.4950000000000003,16.0,16.0,21299.139,24799.55,4500.55,7463.599999999998,8343.43,602.892,208.0,7344.14
P2,89a970763e83ebc2,"{""policy"":""P2"",""fixed_p"":16,""alpha"":4,""beta"":32,""ef_min"":8,""ef_max"":512}",1000,0.8929,0.5,16.0,16.0,30953.934,35482.35,4988.566,7998.599999999999,8951.16,869.285,224.0,10231.578
P2,7225663eb8e702af,"{""policy"":""P2"",""fixed_p"":16,""alpha"":4,""beta"":64,""ef_min"":8,""ef_max"":512}",1000,0.9151,0.6,16.0,16.0,48299.302,54297.95,6007.147,9122.599999999999,10017.55,1375.644,256.0,15420.421
P2,dd7a3b9ea39e9c0d,"{""policy"":""P2"",""fixed_p"":16,""alpha"":8,""beta"":4,""ef_min"":8,""ef_max"":512}",1000,0.8941,0.5,16.0,16.0,21585.897,26576.1,7244.067,12356.699999999997,13924.55,658.166,388.0,7470.348
P2,bae2e32d58e2ecab,"{""policy"":""P2"",""fixed_p"":16,""alpha"":8,""beta"":8,""ef_min"":8,""ef_max"":512}",1000,0.8985,0.5,16.0,16.0,22524.161,28015.05,7347.813,12497.449999999999,13993.47,684.652,392.0,7748.911
P2,43ceaac1ec092683,"{""policy"":""P2"",""fixed_p"":16,""alpha"":8,""beta"":16,""ef_min"":8,""ef_max"":512}",1000,0.9087000000000001,0.6,16.0,16.0,26996.14,32921.35,7552.786,12732.499999999998,14252.34,805.8,400.0,9060.051
P2,f5bd121099250b76,"{""policy"":""P2"",""fixed_p"":16,""alpha"":8,""beta"":32,""ef_min"":8,""ef_max"":512}",1000,0.9213,0.6,16.0,16.0,36488.825,43526.7,7979.188,13157.1,14731.71,1071.197,416.0,11888.959
P2,31bbea0176539bb8,"{""policy"":""P2"",""fixed_p"":16,""alpha"":8,""beta"":64,""ef_min"":8,""ef_max"":512}",1000,0.9357000000000001,0.7,16.0,16.0,53597.968,61574.149999999994,8828.359,14120.049999999996,15697.099999999999,1576.659,448.0,17056.774
P2,4f160026ceffab2c,"{""policy"":""P2"",""fixed_p"":16,""alpha"":16,""beta"":4,""ef_min"":8,""ef_max"":512}",1000,0.9291,0.6,16.0,16.0,30845.834,41823.649999999994,11402.052,18331.4,20110.239999999998,993.605,512.0,10275.349
P2,7c3ec30181835b4b,"{""policy"":""P2"",""fixed_p"":16,""alpha"":16,""beta"":8,""ef_min"":8,""ef_max"":512}",1000,0.9312999999999999,0.6950000000000003,16.0,16.0,31681.136,43355.24999999999,11463.48,18343.0,20227.06,1017.612,512.0,10519.741
P2,f8699b31c3b101a4,"{""policy"":""P2"",""fixed_p"":16,""alpha"":16,""beta"":16,""ef_min"":8,""ef_max"":512}",1000,0.9357000000000001,0.7,16.0,16.0,35936.258,48517.65,11583.008,18343.0,20273.79,1133.447,512.0,11758.842
P2,1114e004bbbd7d97,"{""policy"":""P2"",""fixed_p"":16,""alpha"":16,""beta"":32,""ef_min"":8,""ef_max"":512}",1000,0.9434,0.7,16.0,16.0,45092.125,58169.45,11811.812,18609.95,20430.85,1390.177,512.0,14548.56
P2,e8afd1f5d2b25e36,"{""policy"":""P2"",""fixed_p"":16,""alpha"":16,""beta"":64,""ef_min"":8,""ef_max"":512}",1000,0.9529,0.7,16.0,16.0,61644.237,75720.85,12256.577,18914.8,20782.36,1879.219,513.0,19495.666
P3,e7972f0fb23a4132,"{""policy"":""P3"",""alpha"":1,""beta"":4,""ef_min"":8,""ef_max"":512}",1000,0.7419,0.2,6.263,11.0,4513.057,7713.599999999999,1439.604,2307.05,2608.1099999999997,109.862,52.0,1695.996
P3,d72ec85154fba925,"{""policy"":""P3"",""alpha"":1,""beta"":8,""ef_min"":8,""ef_max"":512}",1000,0.7597999999999999,0.2,6.263,11.0,4924.275,8338.5,1583.096,2472.05,2871.4299999999994,121.068,56.0,1818.224
P3,292d5183cbeaa920,"{""policy"":""P3"",""alpha"":1,""beta"":16,""ef_min"":8,""ef_max"":512}",1000,0.7871,0.3,6.263,11.0,6912.355,12229.0,1874.988,2827.2,3136.09,173.136,64.0,2374.005
P3,6393d4ec9e3896f2,"{""policy"":""P3"",""alpha"":1,""beta"":32,""ef_min"":8,""ef_max"":512}",1000,0.8244,0.4,6.263,11.0,10657.908,19698.899999999998,2483.847,3493.0,3817.1,275.437,80.0,3413.436
P3,6c90089b461b5375,"{""policy"":""P3"",""alpha"":1,""beta"":64,""ef_min"":8,""ef_max"":512}",1000,0.8683,0.5,6.263,11.0,17500.854,32668.25,3713.102,4930.05,5283.2699999999995,473.32,112.0,5362.261
P3,344cb859294ea8f0,"{""policy"":""P3"",""alpha"":2,""beta"":4,""ef_min"":8,""ef_max"":512}",1000,0.7992999999999999,0.3,6.263,11.0,5952.116,9500.649999999998,2393.844,4015.05,4447.0599999999995,153.705,100.0,2120.016
P3,25c7a9e29d8c4a1b,"{""policy"":""P3"",""alpha"":2,""beta"":8,""ef_min"":8,""ef_max"":512}",1000,0.8089,0.3,6.263,11.0,6543.43,10595.2,2522.547,4161.05,4625.04,169.845,104.0,2287.648
P3,78c7c8e25a68b85a,"{""policy"":""P3"",""alpha"":2,""beta"":16,""ef_min"":8,""ef_max"":512}",1000,0.8252999999999999,0.3,6.263,11.0,8557.132,14472.349999999999,2786.005,4464.2,4938.18,223.56,112.0,2849.438
P3,be29b05e5d7897b3,"{""policy"":""P3"",""alpha"":2,""beta"":32,""ef_min"":8,""ef_max"":512}",1000,0.8496,0.4,6.263,11.0,12216.46,21620.749999999996,3324.645,5069.4,5608.12,325.18,128.0,3871.086
P3,2ea0b8de6fd0db5c,"{""policy"":""P3"",""alpha"":2,""beta"":64,""ef_min"":8,""ef_max"":512}",1000,0.881,0.5,6.263,11.0,18986.404,34802.2,4426.043,6326.05,6864.139999999999,523.466,160.0,5789.102
P3,814d6720c48a72dd,"{""policy"":""P3"",""alpha"":4,""beta"":4,""ef_min"":8,""ef_max"":512}",1000,0.8442000000000001,0.4,6.263,11.0,8929.364,13675.5,4141.189,7053.3499999999985,7928.17,249.69,196.0,2984.583
P3,7c005f1374fb912b,"{""policy"":""P3"",""alpha"":4,""beta"":8,""ef_min"":8,""ef_max"":512}",1000,0.8498,0.4,6.263,11.0,9744.573,15308.849999999999,4262.17,7132.749999999998,8051.19,272.164,200.0,3233.15
P3,358a491001887f24,"{""policy"":""P3"",""alpha"":4,""beta"":16,""ef_min"":8,""ef_max"":512}",1000,0.8609,0.4,6.263,11.0,11648.836,18779.899999999998,4498.871,7463.599999999998,8343.43,324.516,208.0,3758.333
P3,54157b37569f2f20,"{""policy"":""P3"",""alpha"":4,""beta"":32,""ef_min"":8,""ef_max"":512}",1000,0.8793,0.5,6.263,11.0,15202.885,25872.3,4978.768,7998.599999999999,8951.16,425.854,224.0,4774.193
P3,2c4c5214ba1ae4e5,"{""policy"":""P3"",""alpha"":4,""beta"":64,""ef_min"":8,""ef_max"":512}",1000,0.8994,0.6,6.263,11.0,21831.778,38754.65,5943.358,9122.599999999999,10017.55,624.061,256.0,6666.093
P3,dd0c067bf87bc724,"{""policy"":""P3"",""alpha"":8,""beta"":4,""ef_min"":8,""ef_max"":512}",1000,0.8847999999999999,0.5,6.263,11.0,14604.5,22101.25,7244.067,12356.699999999997,13924.55,449.062,388.0,4707.475
P3,0b91ed752bb6a7d1,"{""policy"":""P3"",""alpha"":8,""beta"":8,""ef_min"":8,""ef_max"":512}",1000,0.8893,0.5,6.263,11.0,15542.764,23630.8,7347.813,12497.449999999999,13993.47,475.548,392.0,4986.038
P3,ccc466d26ad2afba,"{""policy"":""P3"",""alpha"":8,""beta"":16,""ef_min"":8,""ef_max"":512}",1000,0.8977999999999999,0.5,6.263,11.0,17345.837,27076.55,7552.786,12732.499999999998,14252.34,527.424,400.0,5474.244
P3,d784bfe0d0b18bd6,"{""policy"":""P3"",""alpha"":8,""beta"":32,""ef_min"":8,""ef_max"":512}",1000,0.9078999999999999,0.6,6.263,11.0,20737.776,33500.799999999996,7978.965,13157.1,14731.71,627.766,416.0,6431.574
P3,810fe91a31e09709,"{""policy"":""P3"",""alpha"":8,""beta"":64,""ef_min"":8,""ef_max"":512}",1000,0.9202,0.6,6.263,11.0,27130.444,46005.399999999994,8819.737,14120.049999999996,15697.099999999999,825.076,448.0,8302.446
P3,fdd1cea4e811c4f6,"{""policy"":""P3"",""alpha"":16,""beta"":4,""ef_min"":8,""ef_max"":512}",1000,0.9201,0.6,6.263,11.0,23864.437,37707.7,11402.052,18331.4,20110.239999999998,784.501,512.0,7512.476
P3,52729bdd5babfc1b,"{""policy"":""P3"",""alpha"":16,""beta"":8,""ef_min"":8,""ef_max"":512}",1000,0.9223,0.6,6.263,11.0,24699.739,39527.95,11463.48,18343.0,20227.06,808.508,512.0,7756.868
P3,5b8b43de6bcec348,"{""policy"":""P3"",""alpha"":16,""beta"":16,""ef_min"":8,""ef_max"":512}",1000,0.9248999999999999,0.6,6.263,11.0,26285.955,42662.549999999996,11583.008,18343.0,20273.79,855.071,512.0,8173.035
P3,1bad3cd36c2f007b,"{""policy"":""P3"",""alpha"":16,""beta"":32,""ef_min"":8,""ef_max"":512}",1000,0.9301,0.7,6.263,11.0,29341.076,49016.6,11811.812,18609.95,20430.85,946.746,512.0,9091.175
P3,32391ffa87f44c71,"{""policy"":""P3"",""alpha"":16,""beta"":64,""ef_min"":8,""ef_max"":512}",1000,0.9375,0.7,6.263,11.0,35176.713,60388.499999999985,12254.224,18914.8,20782.36,1127.636,513.0,10741.338
