policy,config_id,config,query_count,recall_at_10,p5_per_query_recall,mean_shards_per_query,p95_shards_per_query,aggregate_distance_computations_per_query,p95_aggregate_distance_computations,max_shard_distance_computations_mean,p95_max_shard_distance_computations,p99_max_shard_distance_computations,aggregate_nodes_visited_per_query,p95_max_shard_nodes_visited,worker_cpu_time_us_per_query
P0,0b49a0aa365c7f1e,"{""policy"":""P0"",""fixed_p"":1,""uniform_ef_search"":8,""ef_min"":8,""ef_max"":512}",1000,0.43960000000000005,0.0,1.0,1.0,531.214,836.2499999999998,531.214,836.2499999999998,1027.03,12.41,17.049999999999955,240.412
P0,c2fa85a3f0ab9945,"{""policy"":""P0"",""fixed_p"":1,""uniform_ef_search"":16,""ef_min"":8,""ef_max"":512}",1000,0.48710000000000003,0.0,1.0,1.0,742.878,1118.05,742.878,1118.05,1334.01,18.394,24.0,301.704
P0,5c045e7c45e353d8,"{""policy"":""P0"",""fixed_p"":1,""uniform_ef_search"":32,""ef_min"":8,""ef_max"":512}",1000,0.541,0.0,1.0,1.0,1262.504,1875.1499999999999,1262.504,1875.1499999999999,2236.13,33.92,40.0,454.337
P0,21ab6f22997bc6b1,"{""policy"":""P0"",""fixed_p"":1,""uniform_ef_search"":64,""ef_min"":8,""ef_max"":512}",1000,0.5836,0.0,1.0,1.0,2211.718,3323.5999999999995,2211.718,3323.5999999999995,3619.06,65.128,70.0,741.57
P0,417e843a3088d802,"{""policy"":""P0"",""fixed_p"":1,""uniform_ef_search"":128,""ef_min"":8,""ef_max"":512}",1000,0.6117,0.0,1.0,1.0,3932.368,5948.05,3932.368,5948.05,6418.07,128.641,131.0,1263.72
P0,c324b6c6b7211da0,"{""policy"":""P0"",""fixed_p"":1,""uniform_ef_search"":256,""ef_min"":8,""ef_max"":512}",1000,0.6299,0.1,1.0,1.0,6901.079,10501.4,6901.079,10501.4,11259.01,256.364,258.0,2203.774
P0,b5b284e41d984446,"{""policy"":""P0"",""fixed_p"":1,""uniform_ef_search"":512,""ef_min"":8,""ef_max"":512}",1000,0.6416000000000001,0.1,1.0,1.0,11742.351,17789.15,11742.351,17789.15,18914.769999999997,512.231,513.0,3837.884
P0,0d52546b9c48598c,"{""policy"":""P0"",""fixed_p"":2,""uniform_ef_search"":8,""ef_min"":8,""ef_max"":512}",1000,0.5378,0.0,2.0,2.0,1060.2,1501.1499999999999,613.348,926.05,1089.1799999999998,25.372,20.0,463.583
P0,f8ff35239f22d22d,"{""policy"":""P0"",""fixed_p"":2,""uniform_ef_search"":16,""ef_min"":8,""ef_max"":512}",1000,0.5943999999999999,0.0,2.0,2.0,1495.09,2106.05,852.67,1284.3499999999997,1481.1899999999998,37.578,28.0,588.81
P0,08f3182b3aa721f6,"{""policy"":""P0"",""fixed_p"":2,""uniform_ef_search"":32,""ef_min"":8,""ef_max"":512}",1000,0.6613,0.1,2.0,2.0,2559.333,3567.1,1451.376,2057.4999999999995,2437.1,68.963,45.0,895.248
P0,da67bf187de3789d,"{""policy"":""P0"",""fixed_p"":2,""uniform_ef_search"":64,""ef_min"":8,""ef_max"":512}",1000,0.7132000000000001,0.1,2.0,2.0,4504.375,6085.4,2560.899,3527.1,3875.05,131.551,77.0,1480.385
P0,af38d3533799fe47,"{""policy"":""P0"",""fixed_p"":2,""uniform_ef_search"":128,""ef_min"":8,""ef_max"":512}",1000,0.7495,0.2,2.0,2.0,8022.428,10929.15,4579.327,6264.699999999999,6511.07,258.049,137.0,2537.848
P0,dcb39bd612eae981,"{""policy"":""P0"",""fixed_p"":2,""uniform_ef_search"":256,""ef_min"":8,""ef_max"":512}",1000,0.7717,0.2,2.0,2.0,14136.115,19267.899999999998,8087.455,11061.1,11449.09,513.153,262.0,4458.462
P0,0829f8f57ab849e7,"{""policy"":""P0"",""fixed_p"":2,""uniform_ef_search"":512,""ef_min"":8,""ef_max"":512}",1000,0.7858999999999999,0.29500000000000026,2.0,2.0,24119.494,32852.95,13785.694,18523.05,19281.01,1024.885,517.05,7808.835
P0,0d78a84c38598d90,"{""policy"":""P0"",""fixed_p"":3,""uniform_ef_search"":8,""ef_min"":8,""ef_max"":512}",1000,0.5732,0.0,3.0,3.0,1605.373,2173.3499999999995,675.01,1003.0999999999999,1181.2599999999998,38.798,22.0,681.802
P0,9ded195fc9ecf68a,"{""policy"":""P0"",""fixed_p"":3,""uniform_ef_search"":16,""ef_min"":8,""ef_max"":512}",1000,0.6347999999999999,0.1,3.0,3.0,2284.528,3045.1499999999996,946.913,1398.4999999999995,1595.09,57.425,30.0,878.306
P0,c6de7039a08707d0,"{""policy"":""P0"",""fixed_p"":3,""uniform_ef_search"":32,""ef_min"":8,""ef_max"":512}",1000,0.7058,0.1,3.0,3.0,3924.281,5222.1,1613.429,2273.2,2592.1,104.87,48.0,1346.369
P0,68ad1afbe4eba899,"{""policy"":""P0"",""fixed_p"":3,""uniform_ef_search"":64,""ef_min"":8,""ef_max"":512}",1000,0.7637,0.2,3.0,3.0,6910.071,9066.2,2836.038,3718.1499999999996,4030.1099999999997,198.934,81.0,2230.346
P0,85591d2ad956ddf2,"{""policy"":""P0"",""fixed_p"":3,""uniform_ef_search"":128,""ef_min"":8,""ef_max"":512}",1000,0.8044,0.3,3.0,3.0,12304.417,16186.05,5051.179,6393.1,6649.33,388.36,142.0,3839.4
P0,0f1cf690f7612a1e,"{""policy"":""P0"",""fixed_p"":3,""uniform_ef_search"":256,""ef_min"":8,""ef_max"":512}",1000,0.8294,0.3,3.0,3.0,21678.387,28499.4,8918.468,11259.05,11574.21,770.554,265.0,6746.133
P0,4ce505dd83497fff,"{""policy"":""P0"",""fixed_p"":3,""uniform_ef_search"":512,""ef_min"":8,""ef_max"":512}",1000,0.8446,0.3,3.0,3.0,36927.782,48643.59999999999,15171.837,18990.899999999998,19511.16,1537.983,520.0,11835.304
P0,99f64554f021592d,"{""policy"":""P0"",""fixed_p"":4,""uniform_ef_search"":8,""ef_min"":8,""ef_max"":512}",1000,0.59,0.1,4.0,4.0,2158.908,2828.099999999999,724.239,1044.1499999999999,1253.3799999999997,52.849,24.049999999999955,902.317
P0,a3004f723fadd8fe,"{""policy"":""P0"",""fixed_p"":4,""uniform_ef_search"":16,""ef_min"":8,""ef_max"":512}",1000,0.6531,0.1,4.0,4.0,3091.983,4061.2999999999997,1020.735,1465.1999999999998,1636.1499999999999,78.228,32.0,1169.696
P0,e95ef758d4a66d7b,"{""policy"":""P0"",""fixed_p"":4,""uniform_ef_search"":32,""ef_min"":8,""ef_max"":512}",1000,0.7269,0.2,4.0,4.0,5319.763,6953.5,1734.077,2386.05,2642.08,142.032,51.0,1806.514
P0,a6b99609271165a3,"{""policy"":""P0"",""fixed_p"":4,""uniform_ef_search"":64,""ef_min"":8,""ef_max"":512}",1000,0.7867999999999999,0.2,4.0,4.0,9342.207,12092.649999999998,3021.39,3855.1499999999996,4183.03,267.395,85.0,2981.338
P0,1bec8afe1fc0b054,"{""policy"":""P0"",""fixed_p"":4,""uniform_ef_search"":128,""ef_min"":8,""ef_max"":512}",1000,0.8295,0.3,4.0,4.0,16608.369,21470.649999999998,5358.343,6465.45,6732.139999999999,519.339,144.04999999999995,5128.852
P0,3dab823a01b35c5e,"{""policy"":""P0"",""fixed_p"":4,""uniform_ef_search"":256,""ef_min"":8,""ef_max"":512}",1000,0.8552000000000001,0.4,4.0,4.0,29259.996,37751.45,9457.805,11334.0,11617.06,1028.513,266.0,9028.038
P0,aa29843b3dee6e57,"{""policy"":""P0"",""fixed_p"":4,""uniform_ef_search"":512,""ef_min"":8,""ef_max"":512}",1000,0.8717999999999999,0.4,4.0,4.0,49760.289,64241.6,16063.489,19120.35,19527.0,2051.527,521.0,15867.08
P0,446b5207cf485460,"{""policy"":""P0"",""fixed_p"":5,""uniform_ef_search"":8,""ef_min"":8,""ef_max"":512}",1000,0.6042000000000001,0.1,5.0,5.0,2727.059,3475.2,765.236,1076.05,1261.2999999999997,67.569,26.0,1127.171
P0,aa5dd54171a0f563,"{""policy"":""P0"",""fixed_p"":5,""uniform_ef_search"":16,""ef_min"":8,""ef_max"":512}",1000,0.6691,0.1,5.0,5.0,3915.933,5058.699999999999,1079.684,1508.05,1718.03,99.656,34.0,1468.3
P0,5a847d318c4942b5,"{""policy"":""P0"",""fixed_p"":5,""uniform_ef_search"":32,""ef_min"":8,""ef_max"":512}",1000,0.7457999999999999,0.2,5.0,5.0,6749.06,8620.599999999999,1840.193,2425.4999999999995,2693.06,180.187,54.0,2272.96
P0,c02cd3dc90254d62,"{""policy"":""P0"",""fixed_p"":5,""uniform_ef_search"":64,""ef_min"":8,""ef_max"":512}",1000,0.8072,0.3,5.0,5.0,11807.303,14908.15,3171.486,3891.1,4187.13,336.441,86.04999999999995,3745.594
P0,9d34fdc1db05e160,"{""policy"":""P0"",""fixed_p"":5,""uniform_ef_search"":128,""ef_min"":8,""ef_max"":512}",1000,0.8511,0.4,5.0,5.0,20977.818,26397.4,5607.796,6490.05,6753.42,650.974,146.0,6447.119
P0,ca5880e647a3755f,"{""policy"":""P0"",""fixed_p"":5,""uniform_ef_search"":256,""ef_min"":8,""ef_max"":512}",1000,0.8776,0.5,5.0,5.0,36948.517,46572.0,9898.503,11388.2,11636.19,1287.088,268.0,11369.784
P0,14f5eafcb0332fbb,"{""policy"":""P0"",""fixed_p"":5,""uniform_ef_search"":512,""ef_min"":8,""ef_max"":512}",1000,0.8954,0.5,5.0,5.0,62729.712,78945.7,16792.567,19238.0,19603.21,2565.618,522.0,19888.277
P0,303f9db1f9e1a73c,"{""policy"":""P0"",""fixed_p"":6,""uniform_ef_search"":8,""ef_min"":8,""ef_max"":512}",1000,0.6115,0.1,6.0,6.0,3322.807,4173.0,803.116,1116.2999999999997,1293.03,83.099,27.0,1356.01
P0,0e66dd3f4c459f82,"{""policy"":""P0"",""fixed_p"":6,""uniform_ef_search"":16,""ef_min"":8,""ef_max"":512}",1000,0.6771,0.1,6.0,6.0,4770.321,5987.1,1130.927,1531.6499999999994,1721.2699999999998,121.802,35.0,1770.376
P0,3110d7fbe3ba6815,"{""policy"":""P0"",""fixed_p"":6,""uniform_ef_search"":32,""ef_min"":8,""ef_max"":512}",1000,0.7551,0.2,6.0,6.0,8213.51,10244.3,1921.828,2457.05,2729.24,218.744,56.0,2746.279
P0,eaeedd9ee1f651c9,"{""policy"":""P0"",""fixed_p"":6,""uniform_ef_search"":64,""ef_min"":8,""ef_max"":512}",1000,0.8179,0.3,6.0,6.0,14342.387,17840.1,3286.142,3964.45,4229.02,406.188,88.0,4524.633
P0,54237e59b90e36fa,"{""policy"":""P0"",""fixed_p"":6,""uniform_ef_search"":128,""ef_min"":8,""ef_max"":512}",1000,0.8627,0.4,6.0,6.0,25449.806,31590.749999999996,5784.35,6533.15,6810.2,783.297,148.0,7777.067
P0,eb3013cb87df8000,"{""policy"":""P0"",""fixed_p"":6,""uniform_ef_search"":256,""ef_min"":8,""ef_max"":512}",1000,0.8903,0.5,6.0,6.0,44758.947,55651.84999999999,10203.043,11408.1,11647.08,1546.231,270.0,13696.988
P0,1ae4a04a9ad7a731,"{""policy"":""P0"",""fixed_p"":6,""uniform_ef_search"":512,""ef_min"":8,""ef_max"":512}",1000,0.9083,0.6,6.0,6.0,75758.469,94122.4,17302.776,19283.05,19635.14,3080.153,522.05,23926.841
P0,61fd2dd5bfa48992,"{""policy"":""P0"",""fixed_p"":7,""uniform_ef_search"":8,""ef_min"":8,""ef_max"":512}",1000,0.617,0.1,7.0,7.0,3924.808,4813.1,838.054,1150.05,1325.1,99.288,28.0,1586.02
P0,919904318440da24,"{""policy"":""P0"",""fixed_p"":7,""uniform_ef_search"":16,""ef_min"":8,""ef_max"":512}",1000,0.6839,0.1,7.0,7.0,5631.635,6921.15,1177.056,1575.05,1766.06,144.847,37.0,2077.656
P0,a1925b27f1e763c0,"{""policy"":""P0"",""fixed_p"":7,""uniform_ef_search"":32,""ef_min"":8,""ef_max"":512}",1000,0.7633,0.2,7.0,7.0,9671.264,11931.199999999999,1981.756,2533.5499999999993,2793.2299999999996,258.291,57.0,3218.055
P0,a919b07094568633,"{""policy"":""P0"",""fixed_p"":7,""uniform_ef_search"":64,""ef_min"":8,""ef_max"":512}",1000,0.8275,0.3,7.0,7.0,16834.425,20700.85,3360.464,3996.1,4231.2,476.893,90.0,5292.005
P0,eef4b8b07ee446b9,"{""policy"":""P0"",""fixed_p"":7,""uniform_ef_search"":128,""ef_min"":8,""ef_max"":512}",1000,0.8734,0.4,7.0,7.0,29809.379,36567.7,5895.936,6561.1,6810.469999999999,916.466,152.0,9083.911
P0,ea057df962b946f1,"{""policy"":""P0"",""fixed_p"":7,""uniform_ef_search"":256,""ef_min"":8,""ef_max"":512}",1000,0.9017000000000001,0.6,7.0,7.0,52312.713,64337.45,10391.437,11446.1,11655.14,1805.841,270.04999999999995,15980.593
P0,68b4de3f083f9d42,"{""policy"":""P0"",""fixed_p"":7,""uniform_ef_search"":512,""ef_min"":8,""ef_max"":512}",1000,0.9196,0.6,7.0,7.0,88272.478,108167.4,17619.089,19348.15,19649.3,3595.163,523.0,27843.082
P0,333a3bad5e95057e,"{""policy"":""P0"",""fixed_p"":8,""uniform_ef_search"":8,""ef_min"":8,""ef_max"":512}",1000,0.6207999999999999,0.1,8.0,8.0,4533.072,5486.25,862.615,1166.1,1335.05,115.991,29.0,1822.258
P0,e824df74b20487ae,"{""policy"":""P0"",""fixed_p"":8,""uniform_ef_search"":16,""ef_min"":8,""ef_max"":512}",1000,0.6886,0.1,8.0,8.0,6505.423,7860.2,1213.362,1581.1,1772.1299999999999,168.521,38.0,2389.303
P0,330b988fe5577adf,"{""policy"":""P0"",""fixed_p"":8,""uniform_ef_search"":32,""ef_min"":8,""ef_max"":512}",1000,0.7687999999999999,0.29500000000000026,8.0,8.0,11154.273,13589.449999999999,2028.128,2555.0,2793.2299999999996,298.655,58.0,3695.924
P0,1f7f2632ffdd2c93,"{""policy"":""P0"",""fixed_p"":8,""uniform_ef_search"":64,""ef_min"":8,""ef_max"":512}",1000,0.8338,0.4,8.0,8.0,19371.504,23728.15,3413.653,4042.7999999999993,4281.01,548.531,92.0,6073.633
P0,56f8cda4dc331e86,"{""policy"":""P0"",""fixed_p"":8,""uniform_ef_search"":128,""ef_min"":8,""ef_max"":512}",1000,0.8804,0.5,8.0,8.0,34197.071,41568.15,5965.875,6574.25,6857.139999999999,1050.007,153.04999999999995,10402.486
P0,b1e3a0699fdb2bf4,"{""policy"":""P0"",""fixed_p"":8,""uniform_ef_search"":256,""ef_min"":8,""ef_max"":512}",1000,0.9093,0.6,8.0,8.0,59865.661,72708.65,10499.402,11476.05,11669.09,2065.937,271.0,18261.561
P0,af9440235c54d08c,"{""policy"":""P0"",""fixed_p"":8,""uniform_ef_search"":512,""ef_min"":8,""ef_max"":512}",1000,0.9277000000000001,0.6,8.0,8.0,100648.252,122541.15,17798.695,19374.05,19679.04,4110.563,524.0,31751.833
P0,80e79d74502f8b50,"{""policy"":""P0"",""fixed_p"":9,""uniform_ef_search"":8,""ef_min"":8,""ef_max"":512}",1000,0.6223,0.1,9.0,9.0,5157.336,6214.15,883.768,1176.1499999999999,1335.05,133.02,29.0,2065.932
P0,88d648e4a08653a8,"{""policy"":""P0"",""fixed_p"":9,""uniform_ef_search"":16,""ef_min"":8,""ef_max"":512}",1000,0.6908,0.19500000000000028,9.0,9.0,7409.712,8860.15,1244.34,1603.05,1785.11,192.69,39.0,2712.198
P0,180ad89fc7642bfb,"{""policy"":""P0"",""fixed_p"":9,""uniform_ef_search"":32,""ef_min"":8,""ef_max"":512}",1000,0.7719,0.3,9.0,9.0,12676.877,15312.599999999999,2064.32,2581.1499999999996,2816.2699999999995,339.538,59.049999999999955,4195.487
P0,6457f4a233d21feb,"{""policy"":""P0"",""fixed_p"":9,""uniform_ef_search"":64,""ef_min"":8,""ef_max"":512}",1000,0.8372999999999999,0.4,9.0,9.0,21959.838,26493.199999999997,3451.685,4075.3999999999996,4301.07,620.402,94.0,6875.922
P0,ac7f79366b56dc97,"{""policy"":""P0"",""fixed_p"":9,""uniform_ef_search"":128,""ef_min"":8,""ef_max"":512}",1000,0.8844,0.5,9.0,9.0,38706.451,46585.75,6018.994,6595.05,6885.13,1184.296,156.0,11767.147
P0,87d0d3ac10d40ff4,"{""policy"":""P0"",""fixed_p"":9,""uniform_ef_search"":256,""ef_min"":8,""ef_max"":512}",1000,0.914,0.6,9.0,9.0,67615.421,81638.84999999999,10577.843,11481.05,11678.07,2326.654,273.0,20605.72
P0,6f674149f8d2e666,"{""policy"":""P0"",""fixed_p"":9,""uniform_ef_search"":512,""ef_min"":8,""ef_max"":512}",1000,0.9325,0.6950000000000003,9.0,9.0,113351.803,137851.0,17934.648,19396.45,19679.04,4626.509,525.0,35736.082
P0,9eabfe8e5eb924cd,"{""policy"":""P0"",""fixed_p"":10,""uniform_ef_search"":8,""ef_min"":8,""ef_max"":512}",1000,0.6251,0.1,10.0,10.0,5808.712,6941.4,912.084,1201.2999999999997,1360.1,150.963,30.0,2321.093
P0,12e0c4b2b17dd1de,"{""policy"":""P0"",""fixed_p"":10,""uniform_ef_search"":16,""ef_min"":8,""ef_max"":512}",1000,0.6942999999999999,0.2,10.0,10.0,8332.315,9831.15,1273.722,1616.05,1796.01,217.634,39.0,3042.732
P0,78558481262c5854,"{""policy"":""P0"",""fixed_p"":10,""uniform_ef_search"":32,""ef_min"":8,""ef_max"":512}",1000,0.7758999999999999,0.3,10.0,10.0,14211.734,16902.85,2098.265,2607.3499999999995,2843.17,381.033,60.0,4701.063
P0,9ed71bdf84182575,"{""policy"":""P0"",""fixed_p"":10,""uniform_ef_search"":64,""ef_min"":8,""ef_max"":512}",1000,0.8416,0.4,10.0,10.0,24568.172,29246.1,3490.699,4095.1,4312.0599999999995,693.195,95.0,7698.512
P0,1ef59d2505dd9bea,"{""policy"":""P0"",""fixed_p"":10,""uniform_ef_search"":128,""ef_min"":8,""ef_max"":512}",1000,0.8892,0.5,10.0,10.0,43214.375,51295.75,6057.703,6622.4,6940.07,1319.042,157.0,13141.67
P0,296ca6c67b1beb13,"{""policy"":""P0"",""fixed_p"":10,""uniform_ef_search"":256,""ef_min"":8,""ef_max"":512}",1000,0.9195,0.6,10.0,10.0,75363.604,90102.8,10639.476,11484.65,11678.07,2587.935,273.0,22970.629
P0,2797e2008bf41be6,"{""policy"":""P0"",""fixed_p"":10,""uniform_ef_search"":512,""ef_min"":8,""ef_max"":512}",1000,0.9382999999999999,0.7,10.0,10.0,126070.611,151143.35,18038.587,19409.35,19683.0,5142.963,525.0,39742.212
P0,ca28223809b65282,"{""policy"":""P0"",""fixed_p"":11,""uniform_ef_search"":8,""ef_min"":8,""ef_max"":512}",1000,0.6272000000000001,0.1,11.0,11.0,6479.561,7696.05,939.569,1239.1999999999998,1376.06,169.532,30.049999999999955,2582.746
P0,61637d509488e482,"{""policy"":""P0"",""fixed_p"":11,""uniform_ef_search"":16,""ef_min"":8,""ef_max"":512}",1000,0.6965,0.2,11.0,11.0,9272.324,10810.2,1302.099,1641.1499999999999,1815.01,243.088,40.0,3384.918
P0,ba7a3cf44686d266,"{""policy"":""P0"",""fixed_p"":11,""uniform_ef_search"":32,""ef_min"":8,""ef_max"":512}",1000,0.779,0.3,11.0,11.0,15785.045,18554.05,2134.699,2639.0,2870.1499999999996,423.433,61.0,5222.795
P0,9d33add99cc3c996,"{""policy"":""P0"",""fixed_p"":11,""uniform_ef_search"":64,""ef_min"":8,""ef_max"":512}",1000,0.8451000000000001,0.4,11.0,11.0,27223.709,32031.1,3537.373,4142.15,4327.24,766.908,96.0,8537.662
P0,377c9ca88ec15024,"{""policy"":""P0"",""fixed_p"":11,""uniform_ef_search"":128,""ef_min"":8,""ef_max"":512}",1000,0.893,0.5,11.0,11.0,47789.041,56119.35,6105.146,6664.05,6964.08,1454.38,158.0,14531.474
P0,8144326548b4f864,"{""policy"":""P0"",""fixed_p"":11,""uniform_ef_search"":256,""ef_min"":8,""ef_max"":512}",1000,0.9236,0.6,11.0,11.0,83256.691,98121.4,10719.613,11514.1,11686.32,2849.583,275.0,25386.319
P0,579d6546fbc63b68,"{""policy"":""P0"",""fixed_p"":11,""uniform_ef_search"":512,""ef_min"":8,""ef_max"":512}",1000,0.9427000000000001,0.7,11.0,11.0,139100.027,165385.75,18166.828,19438.1,19683.0,5659.766,525.0,43930.436
P0,abeb604acbab1b1f,"{""policy"":""P0"",""fixed_p"":12,""uniform_ef_search"":8,""ef_min"":8,""ef_max"":512}",1000,0.6294,0.1,12.0,12.0,7152.342,8413.35,959.18,1257.1999999999998,1382.1499999999999,188.264,31.0,2845.338
P0,b8fabd867f7565a3,"{""policy"":""P0"",""fixed_p"":12,""uniform_ef_search"":16,""ef_min"":8,""ef_max"":512}",1000,0.699,0.2,12.0,12.0,10214.036,11865.4,1324.465,1688.1,1818.0,268.737,40.0,3728.547
P0,33978ff44d20c00e,"{""policy"":""P0"",""fixed_p"":12,""uniform_ef_search"":32,""ef_min"":8,""ef_max"":512}",1000,0.7821,0.3,12.0,12.0,17354.157,20172.05,2163.214,2650.2,2890.18,465.796,62.0,5737.475
P0,a40aada07a76321f,"{""policy"":""P0"",""fixed_p"":12,""uniform_ef_search"":64,""ef_min"":8,""ef_max"":512}",1000,0.8483999999999999,0.4,12.0,12.0,29863.806,34672.4,3564.191,4150.15,4358.12,840.376,98.0,9357.196
P0,27dca1a2daeec164,"{""policy"":""P0"",""fixed_p"":12,""uniform_ef_search"":128,""ef_min"":8,""ef_max"":512}",1000,0.8967,0.5,12.0,12.0,52350.235,61285.3,6141.287,6682.25,6964.08,1589.971,159.04999999999995,15925.052
P0,795b1a65b3c74c5f,"{""policy"":""P0"",""fixed_p"":12,""uniform_ef_search"":256,""ef_min"":8,""ef_max"":512}",1000,0.9276,0.6,12.0,12.0,91080.06,107236.7,10780.702,11518.05,11686.32,3111.487,275.0,27771.085
P0,b91e1e3c9d7f36fe,"{""policy"":""P0"",""fixed_p"":12,""uniform_ef_search"":512,""ef_min"":8,""ef_max"":512}",1000,0.9468,0.7,12.0,12.0,151878.841,178879.3,18268.046,19457.0,19683.03,6176.77,525.0,48002.384
P0,678a81e9b235ec52,"{""policy"":""P0"",""fixed_p"":13,""uniform_ef_search"":8,""ef_min"":8,""ef_max"":512}",1000,0.6304,0.1,13.0,13.0,7822.144,9105.05,974.579,1271.05,1384.1299999999999,207.59,31.0,3108.984
P0,4e63d55d31d80b65,"{""policy"":""P0"",""fixed_p"":13,""uniform_ef_search"":16,""ef_min"":8,""ef_max"":512}",1000,0.7004,0.2,13.0,13.0,11149.183,12895.2,1345.359,1707.1,1820.3799999999997,294.96,40.0,4067.762
P0,446fd2108a8abb4b,"{""policy"":""P0"",""fixed_p"":13,""uniform_ef_search"":32,""ef_min"":8,""ef_max"":512}",1000,0.7837999999999999,0.3,13.0,13.0,18890.472,21767.4,2189.432,2666.2999999999997,2912.02,508.413,62.0,6252.023
P0,202b5339353057bc,"{""policy"":""P0"",""fixed_p"":13,""uniform_ef_search"":64,""ef_min"":8,""ef_max"":512}",1000,0.8508,0.4,13.0,13.0,32456.079,37511.7,3595.682,4154.299999999999,4433.05,914.15,98.0,10177.15
P0,16a13219ba1b7bef,"{""policy"":""P0"",""fixed_p"":13,""uniform_ef_search"":128,""ef_min"":8,""ef_max"":512}",1000,0.8993,0.6,13.0,13.0,56807.998,65910.6,6174.531,6695.05,6972.02,1725.743,160.0,17303.997
P0,d0dfc66d822300a3,"{""policy"":""P0"",""fixed_p"":13,""uniform_ef_search"":256,""ef_min"":8,""ef_max"":512}",1000,0.9309,0.7,13.0,13.0,98684.595,114819.45,10826.923,11532.1,11686.32,3373.718,276.0,30114.678
P0,b713df29fea4f384,"{""policy"":""P0"",""fixed_p"":13,""uniform_ef_search"":512,""ef_min"":8,""ef_max"":512}",1000,0.9501000000000001,0.7,13.0,13.0,164224.619,191319.85,18346.26,19465.4,19683.03,6694.286,526.0,51986.65
P0,56efd4cfe538fd17,"{""policy"":""P0"",""fixed_p"":14,""uniform_ef_search"":8,""ef_min"":8,""ef_max"":512}",1000,0.6315,0.1,14.0,14.0,8500.495,9881.2,989.156,1273.2999999999997,1390.07,226.975,31.0,3371.391
P0,be6137e7432e5bfe,"{""policy"":""P0"",""fixed_p"":14,""uniform_ef_search"":16,""ef_min"":8,""ef_max"":512}",1000,0.7016,0.2,14.0,14.0,12098.589,13859.699999999999,1364.864,1718.05,1858.03,321.296,41.0,4410.422
P0,10ecae6e42b62b02,"{""policy"":""P0"",""fixed_p"":14,""uniform_ef_search"":32,""ef_min"":8,""ef_max"":512}",1000,0.7854,0.3,14.0,14.0,20448.296,23381.5,2214.249,2699.0,2924.13,551.166,62.0,6765.505
P0,021d26e222c8adf7,"{""policy"":""P0"",""fixed_p"":14,""uniform_ef_search"":64,""ef_min"":8,""ef_max"":512}",1000,0.8525,0.4,14.0,14.0,35086.013,40091.1,3625.37,4169.05,4438.1,988.209,98.0,10998.843
P0,2af95bfe6370ac06,"{""policy"":""P0"",""fixed_p"":14,""uniform_ef_search"":128,""ef_min"":8,""ef_max"":512}",1000,0.9015,0.6,14.0,14.0,61314.567,70487.35,6199.304,6705.1,6991.139999999999,1861.499,160.04999999999995,18680.865
P0,cccbbf92458e1aa8,"{""policy"":""P0"",""fixed_p"":14,""uniform_ef_search"":256,""ef_min"":8,""ef_max"":512}",1000,0.933,0.7,14.0,14.0,106367.016,122910.95,10857.822,11532.1,11686.32,3636.019,276.0,32468.786
P0,854b07d1cd243888,"{""policy"":""P0"",""fixed_p"":14,""uniform_ef_search"":512,""ef_min"":8,""ef_max"":512}",1000,0.9522999999999999,0.7,14.0,14.0,176640.567,204902.25,18391.663,19465.4,19683.03,7211.953,526.0,55960.623
P0,ebd1496f174824b0,"{""policy"":""P0"",""fixed_p"":15,""uniform_ef_search"":8,""ef_min"":8,""ef_max"":512}",1000,0.6326,0.1,15.0,15.0,9183.169,10562.25,1002.939,1284.05,1397.03,246.592,31.0,3637.458
P0,0231ffa2202c4f99,"{""policy"":""P0"",""fixed_p"":15,""uniform_ef_search"":16,""ef_min"":8,""ef_max"":512}",1000,0.703,0.2,15.0,15.0,13045.819,14853.25,1380.119,1723.1,1858.03,347.699,41.0,4757.08
P0,6678402b2146df97,"{""policy"":""P0"",""fixed_p"":15,""uniform_ef_search"":32,""ef_min"":8,""ef_max"":512}",1000,0.7871,0.3,15.0,15.0,22015.133,24950.6,2240.313,2707.2999999999997,2924.13,594.245,63.0,7289.863
P0,1ce9ee69050d717f,"{""policy"":""P0"",""fixed_p"":15,""uniform_ef_search"":64,""ef_min"":8,""ef_max"":512}",1000,0.8542000000000001,0.4,15.0,15.0,37711.167,42715.6,3650.878,4188.1,4453.1,1062.221,99.0,11844.787
P0,c038b406ab76948b,"{""policy"":""P0"",""fixed_p"":15,""uniform_ef_search"":128,""ef_min"":8,""ef_max"":512}",1000,0.9034,0.6,15.0,15.0,65815.414,74910.0,6227.344,6717.25,6991.139999999999,1997.5,161.0,20079.646
P0,ee24b6093ec97a47,"{""policy"":""P0"",""fixed_p"":15,""uniform_ef_search"":256,""ef_min"":8,""ef_max"":512}",1000,0.9349,0.7,15.0,15.0,114000.964,130519.7,10893.98,11545.0,11724.03,3898.544,276.0,34830.316
P0,fdf95a1f050aed25,"{""policy"":""P0"",""fixed_p"":15,""uniform_ef_search"":512,""ef_min"":8,""ef_max"":512}",1000,0.9542999999999999,0.8,15.0,15.0,188893.349,217525.35,18438.571,19475.3,19683.03,7729.84,526.0,59915.95
P0,f45741785f1b873a,"{""policy"":""P0"",""fixed_p"":16,""uniform_ef_search"":8,""ef_min"":8,""ef_max"":512}",1000,0.6332000000000001,0.1,16.0,16.0,9890.184,11328.15,1019.74,1293.0,1400.1399999999999,266.666,32.0,3913.972
P0,5c4520f0f982bd82,"{""policy"":""P0"",""fixed_p"":16,""uniform_ef_search"":16,""ef_min"":8,""ef_max"":512}",1000,0.7038,0.2,16.0,16.0,14029.152,15864.1,1400.081,1733.4999999999995,1861.1499999999999,374.646,41.0,5111.369
P0,b2a49b2608c27912,"{""policy"":""P0"",""fixed_p"":16,""uniform_ef_search"":32,""ef_min"":8,""ef_max"":512}",1000,0.7882,0.3,16.0,16.0,23641.772,26670.75,2263.355,2719.4999999999995,2924.13,637.994,63.049999999999955,7830.399
P0,695e7dca4db6f39f,"{""policy"":""P0"",""fixed_p"":16,""uniform_ef_search"":64,""ef_min"":8,""ef_max"":512}",1000,0.8555,0.5,16.0,16.0,40441.221,45201.45,3686.347,4207.05,4463.13,1136.951,99.0,12710.874
P0,07e69847718ea3af,"{""policy"":""P0"",""fixed_p"":16,""uniform_ef_search"":128,""ef_min"":8,""ef_max"":512}",1000,0.9047999999999999,0.6,16.0,16.0,70475.712,79317.59999999999,6258.244,6725.349999999999,6991.139999999999,2133.85,161.04999999999995,21521.497
P0,875dbdbe2e5e3e8a,"{""policy"":""P0"",""fixed_p"":16,""uniform_ef_search"":256,""ef_min"":8,""ef_max"":512}",1000,0.9362999999999999,0.7,16.0,16.0,121902.587,137520.35,10931.873,11555.15,11727.0,4161.58,276.0,37262.493
P0,39e435cfae90771d,"{""policy"":""P0"",""fixed_p"":16,""uniform_ef_search"":512,""ef_min"":8,""ef_max"":512}",1000,0.9557,0.8,16.0,16.0,201581.308,228076.85,18478.162,19481.0,19683.03,8248.09,526.0,63997.331
P0,3b77148a0aa4ff7e,"{""policy"":""P0"",""fixed_p"":17,""uniform_ef_search"":8,""ef_min"":8,""ef_max"":512}",1000,0.6345,0.1,17.0,17.0,10578.241,12052.449999999999,1033.59,1304.1,1414.05,287.047,32.0,4189.092
P0,cccda049de6d62ab,"{""policy"":""P0"",""fixed_p"":17,""uniform_ef_search"":16,""ef_min"":8,""ef_max"":512}",1000,0.7052,0.2,17.0,17.0,14979.267,16816.899999999998,1414.145,1748.0,1876.2299999999998,401.807,41.0,5466.622
P0,ee14ad4c269252a6,"{""policy"":""P0"",""fixed_p"":17,""uniform_ef_search"":32,""ef_min"":8,""ef_max"":512}",1000,0.7902,0.3,17.0,17.0,25188.559,28239.1,2277.757,2732.2999999999997,2924.13,681.679,64.0,8361.327
P0,fac69639494999c2,"{""policy"":""P0"",""fixed_p"":17,""uniform_ef_search"":64,""ef_min"":8,""ef_max"":512}",1000,0.8579,0.5,17.0,17.0,43021.476,47968.3,3705.547,4213.05,4463.13,1211.513,99.0,13543.638
P0,a74d47b3ef10ef68,"{""policy"":""P0"",""fixed_p"":17,""uniform_ef_search"":128,""ef_min"":8,""ef_max"":512}",1000,0.9073,0.6,17.0,17.0,74898.858,83499.4,6277.28,6725.349999999999,6991.139999999999,2270.344,162.0,22920.375
P0,479f60b7dcb58041,"{""policy"":""P0"",""fixed_p"":17,""uniform_ef_search"":256,""ef_min"":8,""ef_max"":512}",1000,0.939,0.7,17.0,17.0,129428.525,144594.3,10952.179,11558.25,11727.0,4424.676,277.0,39653.627
P0,1877e39657699e9a,"{""policy"":""P0"",""fixed_p"":17,""uniform_ef_search"":512,""ef_min"":8,""ef_max"":512}",1000,0.9585,0.8,17.0,17.0,213758.891,240805.45,18492.985,19481.0,19683.03,8766.569,526.0,68047.416
P0,5c91ae601fbd21e8,"{""policy"":""P0"",""fixed_p"":18,""uniform_ef_search"":8,""ef_min"":8,""ef_max"":512}",1000,0.6362000000000001,0.1,18.0,18.0,11259.907,12771.2,1044.478,1315.05,1419.02,307.465,32.0,4456.46
P0,2e0de647fcc4e905,"{""policy"":""P0"",""fixed_p"":18,""uniform_ef_search"":16,""ef_min"":8,""ef_max"":512}",1000,0.707,0.2,18.0,18.0,15933.599,17936.1,1429.247,1758.1,1925.1599999999999,429.333,42.0,5815.514
P0,168d317f287c9a8b,"{""policy"":""P0"",""fixed_p"":18,""uniform_ef_search"":32,""ef_min"":8,""ef_max"":512}",1000,0.7922,0.3,18.0,18.0,26725.133,29825.15,2289.659,2749.0,2924.13,725.352,64.0,8879.473
P0,67f489dacd9dfe1c,"{""policy"":""P0"",""fixed_p"":18,""uniform_ef_search"":64,""ef_min"":8,""ef_max"":512}",1000,0.86,0.5,18.0,18.0,45593.095,50527.299999999996,3718.936,4229.1,4463.13,1286.278,99.0,14372.542
P0,58b2268d97799553,"{""policy"":""P0"",""fixed_p"":18,""uniform_ef_search"":128,""ef_min"":8,""ef_max"":512}",1000,0.9094,0.6,18.0,18.0,79293.867,87906.45,6288.516,6735.45,7005.01,2407.182,162.0,24297.703
P0,8b9ec099455cb84b,"{""policy"":""P0"",""fixed_p"":18,""uniform_ef_search"":256,""ef_min"":8,""ef_max"":512}",1000,0.9411,0.7,18.0,18.0,136866.67,151957.75,10959.878,11558.25,11727.0,4687.898,277.0,41992.982
P0,40f1a3d624923ead,"{""policy"":""P0"",""fixed_p"":18,""uniform_ef_search"":512,""ef_min"":8,""ef_max"":512}",1000,0.9607,0.8,18.0,18.0,225689.838,251921.55,18501.197,19481.0,19683.03,9285.055,526.0,71937.339
P0,54a77702b8b83a15,"{""policy"":""P0"",""fixed_p"":19,""uniform_ef_search"":8,""ef_min"":8,""ef_max"":512}",1000,0.6381,0.1,19.0,19.0,11929.546,13463.3,1052.645,1328.05,1425.06,327.678,32.0,4721.25
P0,c648445ef31bb9fb,"{""policy"":""P0"",""fixed_p"":19,""uniform_ef_search"":16,""ef_min"":8,""ef_max"":512}",1000,0.7089,0.2,19.0,19.0,16854.806,18906.6,1438.758,1763.05,1941.01,456.27,42.0,6154.884
P0,c65736e032e8bd39,"{""policy"":""P0"",""fixed_p"":19,""uniform_ef_search"":32,""ef_min"":8,""ef_max"":512}",1000,0.7941,0.3,19.0,19.0,28245.066,31273.55,2305.075,2757.3999999999996,2938.09,769.079,65.0,9389.374
P0,b67dab3ce57a743a,"{""policy"":""P0"",""fixed_p"":19,""uniform_ef_search"":64,""ef_min"":8,""ef_max"":512}",1000,0.8623,0.5,19.0,19.0,48105.515,53095.05,3734.479,4253.0,4484.11,1360.457,99.0,15173.566
P0,56bce9a3b480b116,"{""policy"":""P0"",""fixed_p"":19,""uniform_ef_search"":128,""ef_min"":8,""ef_max"":512}",1000,0.9117000000000001,0.6,19.0,19.0,83584.621,91963.25,6301.34,6744.05,7006.02,2543.595,162.04999999999995,25638.933
P0,9c7070b80d99b0b3,"{""policy"":""P0"",""fixed_p"":19,""uniform_ef_search"":256,""ef_min"":8,""ef_max"":512}",1000,0.9437000000000001,0.7,19.0,19.0,144068.777,159331.34999999998,10970.559,11558.25,11727.0,4951.008,277.0,44250.478
P0,3d7229d3cef34bf7,"{""policy"":""P0"",""fixed_p"":19,""uniform_ef_search"":512,""ef_min"":8,""ef_max"":512}",1000,0.9632000000000001,0.8,19.0,19.0,237102.611,263105.64999999997,18511.139,19481.0,19683.03,9803.406,526.0,75711.372
P0,585236890a3db7e5,"{""policy"":""P0"",""fixed_p"":20,""uniform_ef_search"":8,""ef_min"":8,""ef_max"":512}",1000,0.639,0.1,20.0,20.0,12598.314,14153.25,1059.29,1333.05,1431.06,348.144,32.049999999999955,4987.671
P0,2ce9f5d764bfdf17,"{""policy"":""P0"",""fixed_p"":20,""uniform_ef_search"":16,""ef_min"":8,""ef_max"":512}",1000,0.7101000000000001,0.2,20.0,20.0,17786.38,19902.05,1447.652,1765.05,1942.1399999999999,483.74,42.0,6496.526
P0,957b91a08b8011c8,"{""policy"":""P0"",""fixed_p"":20,""uniform_ef_search"":32,""ef_min"":8,""ef_max"":512}",1000,0.7955,0.3,20.0,20.0,29749.164,33012.35,2316.466,2769.05,2960.6599999999994,812.791,65.0,9902.076
P0,7a99c67ded53ba98,"{""policy"":""P0"",""fixed_p"":20,""uniform_ef_search"":64,""ef_min"":8,""ef_max"":512}",1000,0.8637999999999999,0.5,20.0,20.0,50599.786,55808.45,3747.34,4274.15,4496.219999999999,1434.892,100.0,15985.024
P0,77d2f5c31cffe119,"{""policy"":""P0"",""fixed_p"":20,""uniform_ef_search"":128,""ef_min"":8,""ef_max"":512}",1000,0.9134,0.6,20.0,20.0,87809.033,96568.34999999999,6312.228,6746.4,7006.02,2680.144,163.0,26973.782
P0,a76ae9cb077ede79,"{""policy"":""P0"",""fixed_p"":20,""uniform_ef_search"":256,""ef_min"":8,""ef_max"":512}",1000,0.9455,0.7,20.0,20.0,151102.667,166687.45,10979.182,11563.05,11727.05,5214.22,278.0,46500.203
P0,6e8b5e7a2686cfb0,"{""policy"":""P0"",""fixed_p"":20,""uniform_ef_search"":512,""ef_min"":8,""ef_max"":512}",1000,0.9651000000000001,0.8,20.0,20.0,248153.805,275312.25,18516.558,19481.2,19683.03,10321.924,527.0,79410.05
P0,069a3019e027e3cf,"{""policy"":""P0"",""fixed_p"":21,""uniform_ef_search"":8,""ef_min"":8,""ef_max"":512}",1000,0.6401,0.1,21.0,21.0,13257.868,14851.699999999999,1065.556,1335.05,1431.06,368.933,33.0,5251.484
P0,198bc41565013419,"{""policy"":""P0"",""fixed_p"":21,""uniform_ef_search"":16,""ef_min"":8,""ef_max"":512}",1000,0.7112,0.2,21.0,21.0,18693.782,20815.55,1456.029,1767.1,1956.12,511.35,42.0,6836.614
P0,9a3443bf62a94e1e,"{""policy"":""P0"",""fixed_p"":21,""uniform_ef_search"":32,""ef_min"":8,""ef_max"":512}",1000,0.7966,0.3,21.0,21.0,31205.865,34631.95,2325.644,2772.0,2960.6599999999994,856.544,65.0,10400.1
P0,591dcf6f42135cac,"{""policy"":""P0"",""fixed_p"":21,""uniform_ef_search"":64,""ef_min"":8,""ef_max"":512}",1000,0.8651,0.5,21.0,21.0,53020.272,58468.1,3757.22,4282.15,4497.21,1509.58,101.0,16779.183
P0,dfd2085a5116ac6d,"{""policy"":""P0"",""fixed_p"":21,""uniform_ef_search"":128,""ef_min"":8,""ef_max"":512}",1000,0.9151,0.6,21.0,21.0,91908.81,101302.05,6320.766,6756.15,7006.02,2816.916,163.0,28301.873
P0,3e472378d50828ef,"{""policy"":""P0"",""fixed_p"":21,""uniform_ef_search"":256,""ef_min"":8,""ef_max"":512}",1000,0.947,0.7,21.0,21.0,157969.944,173928.7,10987.234,11564.0,11727.05,5477.722,278.0,48694.433
P0,028cf00f924a4534,"{""policy"":""P0"",""fixed_p"":21,""uniform_ef_search"":512,""ef_min"":8,""ef_max"":512}",1000,0.9666,0.8,21.0,21.0,259033.394,287230.8,18524.031,19481.2,19683.03,10840.774,527.0,83071.443
P0,d1ad4e3977a53dd7,"{""policy"":""P0"",""fixed_p"":22,""uniform_ef_search"":8,""ef_min"":8,""ef_max"":512}",1000,0.6413,0.1,22.0,22.0,13893.633,15530.599999999999,1069.368,1336.0,1437.04,389.425,33.0,5501.061
P0,725beac317aa804b,"{""policy"":""P0"",""fixed_p"":22,""uniform_ef_search"":16,""ef_min"":8,""ef_max"":512}",1000,0.7127,0.2,22.0,22.0,19569.915,21723.35,1462.482,1777.1499999999999,1968.2199999999998,538.682,42.0,7155.798
P0,e660eb1456aa43f0,"{""policy"":""P0"",""fixed_p"":22,""uniform_ef_search"":32,""ef_min"":8,""ef_max"":512}",1000,0.7984,0.3,22.0,22.0,32621.109,36083.55,2332.167,2779.0,2974.5199999999995,900.145,65.0,10873.779
P0,5c7561520e4c8c41,"{""policy"":""P0"",""fixed_p"":22,""uniform_ef_search"":64,""ef_min"":8,""ef_max"":512}",1000,0.867,0.5,22.0,22.0,55345.075,61007.1,3763.119,4285.1,4497.21,1583.79,101.0,17524.525
P0,a07a0650329b6b18,"{""policy"":""P0"",""fixed_p"":22,""uniform_ef_search"":128,""ef_min"":8,""ef_max"":512}",1000,0.917,0.6,22.0,22.0,95840.515,105712.4,6326.097,6767.349999999999,7006.02,2953.235,164.0,29535.348
P0,5668ef4db3f5fe40,"{""policy"":""P0"",""fixed_p"":22,""uniform_ef_search"":256,""ef_min"":8,""ef_max"":512}",1000,0.9489,0.7,22.0,22.0,164498.624,181352.3,10990.18,11564.0,11727.05,5740.803,278.0,50737.596
P0,82fd594ce36ed17d,"{""policy"":""P0"",""fixed_p"":22,""uniform_ef_search"":512,""ef_min"":8,""ef_max"":512}",1000,0.9685,0.8,22.0,22.0,269260.51,298238.14999999997,18525.206,19481.2,19683.03,11359.384,527.0,86417.227
P0,1eefd11e1198bc0d,"{""policy"":""P0"",""fixed_p"":23,""uniform_ef_search"":8,""ef_min"":8,""ef_max"":512}",1000,0.6426000000000001,0.1,23.0,23.0,14494.864,16155.699999999999,1072.326,1336.0,1437.04,409.768,33.0,5743.856
P0,f965526ede75689f,"{""policy"":""P0"",""fixed_p"":23,""uniform_ef_search"":16,""ef_min"":8,""ef_max"":512}",1000,0.7145,0.2,23.0,23.0,20394.195,22586.2,1467.478,1780.1499999999999,1968.2199999999998,565.746,43.0,7462.314
P0,8f9ef6fe126f35ee,"{""policy"":""P0"",""fixed_p"":23,""uniform_ef_search"":32,""ef_min"":8,""ef_max"":512}",1000,0.8006,0.4,23.0,23.0,33940.67,37616.8,2335.437,2779.0,2974.5199999999995,943.187,66.0,11323.881
P0,88e1d933ddc7d9ca,"{""policy"":""P0"",""fixed_p"":23,""uniform_ef_search"":64,""ef_min"":8,""ef_max"":512}",1000,0.8692000000000001,0.5,23.0,23.0,57517.459,63346.2,3767.906,4291.299999999999,4499.19,1657.595,101.0,18239.031
P0,cac2331ba156d2c7,"{""policy"":""P0"",""fixed_p"":23,""uniform_ef_search"":128,""ef_min"":8,""ef_max"":512}",1000,0.9193,0.6,23.0,23.0,99481.905,109744.7,6329.501,6767.349999999999,7006.02,3089.282,164.0,30703.015
P0,6045e36ca67ca6a6,"{""policy"":""P0"",""fixed_p"":23,""uniform_ef_search"":256,""ef_min"":8,""ef_max"":512}",1000,0.9512999999999999,0.8,23.0,23.0,170490.546,188843.6,10992.751,11564.0,11727.05,6003.805,279.0,52673.518
P0,02363331846410ed,"{""policy"":""P0"",""fixed_p"":23,""uniform_ef_search"":512,""ef_min"":8,""ef_max"":512}",1000,0.9711000000000001,0.8,23.0,23.0,278536.621,310074.15,18526.912,19481.2,19683.03,11877.884,527.0,89557.791
P0,a55431e6c8df2783,"{""policy"":""P0"",""fixed_p"":24,""uniform_ef_search"":8,""ef_min"":8,""ef_max"":512}",1000,0.6432,0.1,24.0,24.0,15088.96,16790.85,1075.219,1336.0,1437.04,430.143,33.0,5989.582
P0,ad8e393aa2dd476e,"{""policy"":""P0"",""fixed_p"":24,""uniform_ef_search"":16,""ef_min"":8,""ef_max"":512}",1000,0.7152000000000001,0.2,24.0,24.0,21213.682,23441.05,1469.424,1780.1499999999999,1968.2199999999998,593.036,43.0,7777.876
P0,42f68ccca877a910,"{""policy"":""P0"",""fixed_p"":24,""uniform_ef_search"":32,""ef_min"":8,""ef_max"":512}",1000,0.8014,0.4,24.0,24.0,35262.792,39049.65,2339.166,2782.0,2974.5199999999995,986.84,66.0,11792.033
P0,1a7fd808ca063ea9,"{""policy"":""P0"",""fixed_p"":24,""uniform_ef_search"":64,""ef_min"":8,""ef_max"":512}",1000,0.8701,0.5,24.0,24.0,59694.099,65770.05,3771.527,4297.2,4499.19,1732.023,101.04999999999995,18970.124
P0,12e5631dc486964a,"{""policy"":""P0"",""fixed_p"":24,""uniform_ef_search"":128,""ef_min"":8,""ef_max"":512}",1000,0.9203,0.6,24.0,24.0,103158.773,113836.55,6332.131,6774.599999999999,7006.02,3225.837,164.0,31911.058
P0,8b3c861b241e563c,"{""policy"":""P0"",""fixed_p"":24,""uniform_ef_search"":256,""ef_min"":8,""ef_max"":512}",1000,0.9522999999999999,0.8,24.0,24.0,176617.296,195024.15,10993.45,11564.0,11727.05,6267.011,279.0,54696.608
P0,a25477604dc89283,"{""policy"":""P0"",""fixed_p"":24,""uniform_ef_search"":512,""ef_min"":8,""ef_max"":512}",1000,0.9721000000000001,0.8,24.0,24.0,288213.784,320442.85,18527.036,19481.2,19683.03,12396.578,527.0,92879.58
P0,f18fa6c6bb3414d2,"{""policy"":""P0"",""fixed_p"":25,""uniform_ef_search"":8,""ef_min"":8,""ef_max"":512}",1000,0.6436000000000001,0.1,25.0,25.0,15709.552,17478.899999999998,1078.077,1336.0,1437.04,450.832,33.0,6243.343
P0,45a2a17c37835a91,"{""policy"":""P0"",""fixed_p"":25,""uniform_ef_search"":16,""ef_min"":8,""ef_max"":512}",1000,0.7157,0.2,25.0,25.0,22068.11,24296.3,1473.189,1780.1499999999999,1968.2199999999998,620.684,44.0,8102.939
P0,6a622404fe87aedf,"{""policy"":""P0"",""fixed_p"":25,""uniform_ef_search"":32,""ef_min"":8,""ef_max"":512}",1000,0.8022999999999999,0.4,25.0,25.0,36630.378,40440.55,2341.488,2782.0,2974.5199999999995,1030.556,66.0,12269.512
P0,0ba88850b5f0ea3f,"{""policy"":""P0"",""fixed_p"":25,""uniform_ef_search"":64,""ef_min"":8,""ef_max"":512}",1000,0.8713,0.5,25.0,25.0,61973.281,68159.09999999999,3774.337,4301.25,4499.19,1806.742,102.0,19728.272
P0,2a5d160dce12ed29,"{""policy"":""P0"",""fixed_p"":25,""uniform_ef_search"":128,""ef_min"":8,""ef_max"":512}",1000,0.9215,0.6,25.0,25.0,107027.182,118164.55,6333.887,6774.599999999999,7006.02,3362.702,164.0,33166.613
P0,ce627ca8ae14e4d6,"{""policy"":""P0"",""fixed_p"":25,""uniform_ef_search"":256,""ef_min"":8,""ef_max"":512}",1000,0.9535,0.8,25.0,25.0,183127.882,201674.0,10993.75,11564.0,11727.05,6530.488,279.0,56812.783
P0,2f690094249374e2,"{""policy"":""P0"",""fixed_p"":25,""uniform_ef_search"":512,""ef_min"":8,""ef_max"":512}",1000,0.9732999999999999,0.8,25.0,25.0,298672.851,329619.9,18528.053,19481.2,19683.03,12915.343,528.0,96401.889
P0,25b45534f5b566a2,"{""policy"":""P0"",""fixed_p"":26,""uniform_ef_search"":8,""ef_min"":8,""ef_max"":512}",1000,0.6442,0.1,26.0,26.0,16360.793,18187.45,1082.452,1339.05,1441.08,471.618,33.0,6501.931
P0,e8ae41d1a99bcd72,"{""policy"":""P0"",""fixed_p"":26,""uniform_ef_search"":16,""ef_min"":8,""ef_max"":512}",1000,0.7163999999999999,0.2,26.0,26.0,22962.432,25259.2,1478.158,1780.1499999999999,1968.2199999999998,648.191,44.0,8439.03
P0,b1c0a5797acbbf3c,"{""policy"":""P0"",""fixed_p"":26,""uniform_ef_search"":32,""ef_min"":8,""ef_max"":512}",1000,0.803,0.4,26.0,26.0,38090.479,41838.85,2347.84,2782.0,2974.5199999999995,1074.638,66.0,12773.17
P0,2f08fc4a97a82d64,"{""policy"":""P0"",""fixed_p"":26,""uniform_ef_search"":64,""ef_min"":8,""ef_max"":512}",1000,0.8722000000000001,0.5,26.0,26.0,64402.976,70522.65,3782.356,4308.2,4499.19,1881.803,102.0,20524.26
P0,359b91762e8b2613,"{""policy"":""P0"",""fixed_p"":26,""uniform_ef_search"":128,""ef_min"":8,""ef_max"":512}",1000,0.9226,0.6,26.0,26.0,111158.012,121674.65,6339.599,6774.599999999999,7006.02,3499.698,164.0,34476.572
P0,f72eac1bd4cb774d,"{""policy"":""P0"",""fixed_p"":26,""uniform_ef_search"":256,""ef_min"":8,""ef_max"":512}",1000,0.9545,0.8,26.0,26.0,190124.887,208571.35,11001.044,11564.0,11727.05,6794.053,279.0,59054.225
P0,b6dbfaabd3dfe60d,"{""policy"":""P0"",""fixed_p"":26,""uniform_ef_search"":512,""ef_min"":8,""ef_max"":512}",1000,0.9742999999999999,0.9,26.0,26.0,309975.529,339913.45,18540.777,19481.2,19683.03,13434.311,528.0,100184.079
P0,37038f999f834819,"{""policy"":""P0"",""fixed_p"":27,""uniform_ef_search"":8,""ef_min"":8,""ef_max"":512}",1000,0.6446000000000001,0.1,27.0,27.0,17059.164,18924.35,1089.237,1341.05,1454.01,492.349,33.0,6783.523
P0,9c6ceb5fcbd77216,"{""policy"":""P0"",""fixed_p"":27,""uniform_ef_search"":16,""ef_min"":8,""ef_max"":512}",1000,0.7168,0.2,27.0,27.0,23941.797,26308.0,1487.423,1790.1499999999999,1990.04,675.957,44.0,8806.526
P0,77743248438cbdb6,"{""policy"":""P0"",""fixed_p"":27,""uniform_ef_search"":32,""ef_min"":8,""ef_max"":512}",1000,0.8035,0.4,27.0,27.0,39696.344,43362.05,2366.272,2790.1,3026.16,1118.816,66.0,13324.986
P0,28d87396dceea9a2,"{""policy"":""P0"",""fixed_p"":27,""uniform_ef_search"":64,""ef_min"":8,""ef_max"":512}",1000,0.8727999999999999,0.5,27.0,27.0,67099.437,72622.35,3800.578,4314.2,4518.32,1956.887,102.0,21419.636
P0,9e67d8db3739e9bd,"{""policy"":""P0"",""fixed_p"":27,""uniform_ef_search"":128,""ef_min"":8,""ef_max"":512}",1000,0.9232,0.6,27.0,27.0,115811.518,125012.15,6357.96,6795.25,7008.03,3636.837,164.0,35963.391
P0,b6e1df5d89dca614,"{""policy"":""P0"",""fixed_p"":27,""uniform_ef_search"":256,""ef_min"":8,""ef_max"":512}",1000,0.9552,0.8,27.0,27.0,198091.084,213324.05,11018.983,11564.4,11727.05,7057.741,279.0,61606.533
P0,80c2b8133d3cf9fb,"{""policy"":""P0"",""fixed_p"":27,""uniform_ef_search"":512,""ef_min"":8,""ef_max"":512}",1000,0.975,0.9,27.0,27.0,322949.672,349239.8,18558.977,19481.2,19683.03,13953.237,528.0,104547.621
P0,40931eac12148d8c,"{""policy"":""P0"",""fixed_p"":28,""uniform_ef_search"":8,""ef_min"":8,""ef_max"":512}",1000,0.6457,0.1,28.0,28.0,17795.261,19686.899999999998,1098.257,1342.05,1454.01,513.028,33.0,7080.45
P0,88fb58d964f0acb1,"{""policy"":""P0"",""fixed_p"":28,""uniform_ef_search"":16,""ef_min"":8,""ef_max"":512}",1000,0.7179,0.2,28.0,28.0,24958.225,27352.15,1498.608,1798.0,2001.3099999999997,703.342,44.0,9189.678
P0,cbd4f04f15d26437,"{""policy"":""P0"",""fixed_p"":28,""uniform_ef_search"":32,""ef_min"":8,""ef_max"":512}",1000,0.8049,0.4,28.0,28.0,41368.31,45007.299999999996,2382.691,2797.5999999999995,3042.22,1162.809,66.0,13912.193
P0,8bee39b2a3636f15,"{""policy"":""P0"",""fixed_p"":28,""uniform_ef_search"":64,""ef_min"":8,""ef_max"":512}",1000,0.8743,0.5,28.0,28.0,69914.117,75487.35,3818.845,4318.349999999999,4550.07,2031.711,102.04999999999995,22356.159
P0,8eca880e34c4a62f,"{""policy"":""P0"",""fixed_p"":28,""uniform_ef_search"":128,""ef_min"":8,""ef_max"":512}",1000,0.9248999999999999,0.6,28.0,28.0,120681.106,129410.05,6376.853,6800.1,7011.11,3773.739,165.0,37531.475
P0,55a64ed2839b8b52,"{""policy"":""P0"",""fixed_p"":28,""uniform_ef_search"":256,""ef_min"":8,""ef_max"":512}",1000,0.9567,0.8,28.0,28.0,206471.068,220123.1,11034.207,11564.4,11727.05,7321.194,280.0,64350.539
P0,e109a4f902ac1c40,"{""policy"":""P0"",""fixed_p"":28,""uniform_ef_search"":512,""ef_min"":8,""ef_max"":512}",1000,0.9766,0.9,28.0,28.0,336605.543,357937.55,18568.529,19481.2,19683.03,14471.971,528.0,109169.837
P0,c9b35fa42f4a1cc1,"{""policy"":""P0"",""fixed_p"":29,""uniform_ef_search"":8,""ef_min"":8,""ef_max"":512}",1000,0.6472,0.2,29.0,29.0,18493.735,20449.6,1106.758,1349.1,1454.01,534.006,34.0,7361.972
P0,4387555578b4e14d,"{""policy"":""P0"",""fixed_p"":29,""uniform_ef_search"":16,""ef_min"":8,""ef_max"":512}",1000,0.7193999999999999,0.2,29.0,29.0,25916.925,28376.149999999998,1507.617,1809.0,2001.3099999999997,731.167,44.0,9548.978
P0,30523d39fdacffaf,"{""policy"":""P0"",""fixed_p"":29,""uniform_ef_search"":32,""ef_min"":8,""ef_max"":512}",1000,0.807,0.4,29.0,29.0,42932.45,46609.05,2396.242,2816.5499999999993,3042.22,1207.31,66.0,14453.269
P0,da962151f5e8efa0,"{""policy"":""P0"",""fixed_p"":29,""uniform_ef_search"":64,""ef_min"":8,""ef_max"":512}",1000,0.8767,0.5,29.0,29.0,72526.728,78306.7,3831.848,4340.2,4558.11,2107.252,103.0,23220.366
P0,d2203857f5580dbe,"{""policy"":""P0"",""fixed_p"":29,""uniform_ef_search"":128,""ef_min"":8,""ef_max"":512}",1000,0.9272,0.7,29.0,29.0,125177.141,134050.15,6387.467,6805.05,7011.11,3911.184,165.0,38984.669
P0,0c9a06b3b717f39a,"{""policy"":""P0"",""fixed_p"":29,""uniform_ef_search"":256,""ef_min"":8,""ef_max"":512}",1000,0.9589,0.8,29.0,29.0,214205.445,228127.15,11040.759,11572.1,11727.05,7585.122,280.0,66841.897
P0,e3665bdec45d6345,"{""policy"":""P0"",""fixed_p"":29,""uniform_ef_search"":512,""ef_min"":8,""ef_max"":512}",1000,0.9789,0.9,29.0,29.0,349284.188,369744.5,18574.428,19481.2,19683.03,14990.964,528.0,113397.679
P0,caa0d6503eff140b,"{""policy"":""P0"",""fixed_p"":30,""uniform_ef_search"":8,""ef_min"":8,""ef_max"":512}",1000,0.6481,0.2,30.0,30.0,19191.445,21204.15,1112.623,1354.1499999999999,1454.01,555.266,34.0,7639.999
P0,238ef1f15a6412dd,"{""policy"":""P0"",""fixed_p"":30,""uniform_ef_search"":16,""ef_min"":8,""ef_max"":512}",1000,0.7203999999999999,0.2,30.0,30.0,26886.278,29407.05,1512.289,1809.0,2001.3099999999997,759.447,44.0,9914.766
P0,29109f1afa609ffd,"{""policy"":""P0"",""fixed_p"":30,""uniform_ef_search"":32,""ef_min"":8,""ef_max"":512}",1000,0.8082999999999999,0.4,30.0,30.0,44537.934,48280.649999999994,2404.197,2827.05,3072.08,1252.686,66.0,15008.194
P0,fcd09198195b9016,"{""policy"":""P0"",""fixed_p"":30,""uniform_ef_search"":64,""ef_min"":8,""ef_max"":512}",1000,0.8783,0.5,30.0,30.0,75203.016,80907.2,3839.636,4344.299999999999,4558.11,2183.761,103.0,24102.26
P0,1bf2a0fbbeb20bad,"{""policy"":""P0"",""fixed_p"":30,""uniform_ef_search"":128,""ef_min"":8,""ef_max"":512}",1000,0.929,0.7,30.0,30.0,129769.854,138653.5,6391.502,6806.2,7011.11,4049.459,165.0,40469.749
P0,85716eb17461dd5a,"{""policy"":""P0"",""fixed_p"":30,""uniform_ef_search"":256,""ef_min"":8,""ef_max"":512}",1000,0.9608,0.8,30.0,30.0,222097.345,236159.35,11041.746,11572.1,11727.05,7849.75,281.0,69396.209
P0,addf468e8be01232,"{""policy"":""P0"",""fixed_p"":30,""uniform_ef_search"":512,""ef_min"":8,""ef_max"":512}",1000,0.9808,0.9,30.0,30.0,362215.933,382599.8,18574.828,19481.2,19683.03,15510.639,528.0,117705.948
P0,88e2ee447147a69b,"{""policy"":""P0"",""fixed_p"":31,""uniform_ef_search"":8,""ef_min"":8,""ef_max"":512}",1000,0.6486000000000001,0.2,31.0,31.0,19999.833,22053.35,1123.931,1364.2499999999998,1462.07,576.726,34.0,7966.884
P0,bf4510e2633dc1f1,"{""policy"":""P0"",""fixed_p"":31,""uniform_ef_search"":16,""ef_min"":8,""ef_max"":512}",1000,0.7209,0.2,31.0,31.0,28021.952,30694.8,1528.438,1818.0,2032.02,788.154,44.0,10342.976
P0,9d6acf260171a545,"{""policy"":""P0"",""fixed_p"":31,""uniform_ef_search"":32,""ef_min"":8,""ef_max"":512}",1000,0.8092,0.4,31.0,31.0,46422.876,50301.05,2430.68,2852.3499999999995,3103.1099999999997,1298.531,66.0,15670.06
P0,8a1454de0ab50c35,"{""policy"":""P0"",""fixed_p"":31,""uniform_ef_search"":64,""ef_min"":8,""ef_max"":512}",1000,0.8794,0.5,31.0,31.0,78377.615,84157.3,3883.338,4398.1,4619.07,2260.834,103.0,25160.548
P0,b21a4c43430fc020,"{""policy"":""P0"",""fixed_p"":31,""uniform_ef_search"":128,""ef_min"":8,""ef_max"":512}",1000,0.9299,0.7,31.0,31.0,135241.801,143782.35,6461.671,6921.25,7233.16,4187.969,165.0,42249.01
P0,def058bcd7c4a27e,"{""policy"":""P0"",""fixed_p"":31,""uniform_ef_search"":256,""ef_min"":8,""ef_max"":512}",1000,0.9618,0.8,31.0,31.0,231581.726,244475.69999999998,11185.973,11688.3,11871.05,8114.326,281.04999999999995,72486.406
P0,051c06bfe0b43b71,"{""policy"":""P0"",""fixed_p"":31,""uniform_ef_search"":512,""ef_min"":8,""ef_max"":512}",1000,0.9819,0.9,31.0,31.0,377954.213,396136.25,18842.659,19659.05,19861.53,16030.197,528.0,123017.016
P0,eef881825f6145f4,"{""policy"":""P0"",""fixed_p"":32,""uniform_ef_search"":8,""ef_min"":8,""ef_max"":512}",1000,0.6498999999999999,0.2,32.0,32.0,20781.893,22902.2,1135.037,1371.05,1490.07,598.995,35.0,8292.181
P0,b1fd6ba5d2e77c47,"{""policy"":""P0"",""fixed_p"":32,""uniform_ef_search"":16,""ef_min"":8,""ef_max"":512}",1000,0.7222999999999999,0.2,32.0,32.0,29115.118,31952.1,1542.541,1835.4499999999996,2034.1299999999999,817.601,44.049999999999955,10769.434
P0,3c1ad5ea449c99f8,"{""policy"":""P0"",""fixed_p"":32,""uniform_ef_search"":32,""ef_min"":8,""ef_max"":512}",1000,0.8111,0.4,32.0,32.0,48221.333,52166.4,2446.125,2867.05,3103.1099999999997,1344.82,67.0,16323.742
P0,e5c54770cb879368,"{""policy"":""P0"",""fixed_p"":32,""uniform_ef_search"":64,""ef_min"":8,""ef_max"":512}",1000,0.8813,0.5950000000000003,32.0,32.0,81429.628,87318.7,3908.488,4432.05,4648.17,2338.892,103.0,26202.306
P0,16955abc72201086,"{""policy"":""P0"",""fixed_p"":32,""uniform_ef_search"":128,""ef_min"":8,""ef_max"":512}",1000,0.9319,0.7,32.0,32.0,140513.123,149029.1,6508.228,6972.1,7259.07,4327.459,165.0,44007.013
P0,18675ae027d2075c,"{""policy"":""P0"",""fixed_p"":32,""uniform_ef_search"":256,""ef_min"":8,""ef_max"":512}",1000,0.9637,0.8,32.0,32.0,240765.021,253776.15,11287.73,11755.0,11914.11,8379.69,282.0,75550.917
P0,ec084e764abe45ce,"{""policy"":""P0"",""fixed_p"":32,""uniform_ef_search"":512,""ef_min"":8,""ef_max"":512}",1000,0.984,0.9,32.0,32.0,393378.388,410575.25,19033.894,19708.1,19914.11,16550.473,528.0,128290.85
P1,0a54065045ca7bff,"{""policy"":""P1"",""uniform_ef_search"":8,""ef_min"":8,""ef_max"":512}",1000,0.6314,0.1,8.242,16.0,4571.119,9473.8,764.402,1104.1,1291.1899999999998,106.592,23.0,1818.897
P1,cd741f938e433297,"{""policy"":""P1"",""uniform_ef_search"":16,""ef_min"":8,""ef_max"":512}",1000,0.7017,0.2,8.242,16.0,6698.512,14027.0,1080.544,1542.1999999999998,1732.01,161.198,32.0,2409.476
P1,b89c88bbdb3386d5,"{""policy"":""P1"",""uniform_ef_search"":32,""ef_min"":8,""ef_max"":512}",1000,0.7852,0.3,8.242,16.0,11700.669,24995.3,1829.898,2557.6499999999996,2793.3499999999995,295.775,53.049999999999955,3791.747
P1,e62a2b9c534c1b59,"{""policy"":""P1"",""uniform_ef_search"":64,""ef_min"":8,""ef_max"":512}",1000,0.8526,0.4,8.242,16.0,20548.481,43511.25,3107.909,4039.1,4301.11,553.975,88.0,6314.373
P1,998f0f85974aac3e,"{""policy"":""P1"",""uniform_ef_search"":128,""ef_min"":8,""ef_max"":512}",1000,0.9011,0.6,8.242,16.0,36460.47,76339.95,5452.1,6595.05,6907.33,1069.708,148.0,10894.213
P1,506ed44810159d6b,"{""policy"":""P1"",""uniform_ef_search"":256,""ef_min"":8,""ef_max"":512}",1000,0.9325,0.7,8.242,16.0,64024.844,134053.4,9578.523,11525.1,11686.32,2116.933,268.0,19203.786
P1,6d28ad1d522389b1,"{""policy"":""P1"",""uniform_ef_search"":512,""ef_min"":8,""ef_max"":512}",1000,0.9522,0.8,8.242,16.0,107681.896,222195.09999999995,16160.5,19465.4,19683.03,4223.227,519.0,33470.317
P2,c96a67cd19ac66f0,"{""policy"":""P2"",""fixed_p"":1,""alpha"":1,""beta"":4,""ef_min"":8,""ef_max"":512}",1000,0.544,0.0,1.0,1.0,1241.137,2090.2999999999997,1241.137,2090.2999999999997,2404.4599999999996,34.161,52.0,448.363
P2,3f7c456270e3625f,"{""policy"":""P2"",""fixed_p"":1,""alpha"":1,""beta"":8,""ef_min"":8,""ef_max"":512}",1000,0.5516,0.0,1.0,1.0,1361.085,2243.2,1361.085,2243.2,2572.0699999999997,37.97,56.0,485.908
P2,531c07e1f9334648,"{""policy"":""P2"",""fixed_p"":1,""alpha"":1,""beta"":16,""ef_min"":8,""ef_max"":512}",1000,0.5639,0.0,1.0,1.0,1609.585,2567.1499999999996,1609.585,2567.1499999999996,2905.21,45.867,64.0,555.407
P2,4e62047a763ed600,"{""policy"":""P2"",""fixed_p"":1,""alpha"":1,""beta"":32,""ef_min"":8,""ef_max"":512}",1000,0.5809,0.0,1.0,1.0,2079.931,3229.05,2079.931,3229.05,3606.04,61.542,80.0,696.615
P2,6c5815516e61ebef,"{""policy"":""P2"",""fixed_p"":1,""alpha"":1,""beta"":64,""ef_min"":8,""ef_max"":512}",1000,0.6002000000000001,0.0,1.0,1.0,2968.87,4449.349999999999,2968.87,4449.349999999999,4901.02,93.069,112.0,969.364
P2,80bf247ca00c1dc1,"{""policy"":""P2"",""fixed_p"":1,""alpha"":2,""beta"":4,""ef_min"":8,""ef_max"":512}",1000,0.5788,0.0,1.0,1.0,2055.668,3587.0499999999984,2055.668,3587.0499999999984,4198.42,61.909,100.0,689.971
P2,333a7cc558970c53,"{""policy"":""P2"",""fixed_p"":1,""alpha"":2,""beta"":8,""ef_min"":8,""ef_max"":512}",1000,0.5817,0.0,1.0,1.0,2171.26,3767.1,2171.26,3767.1,4384.04,65.852,104.0,728.552
P2,3002ab51f500319e,"{""policy"":""P2"",""fixed_p"":1,""alpha"":2,""beta"":16,""ef_min"":8,""ef_max"":512}",1000,0.5881000000000001,0.0,1.0,1.0,2400.475,4038.399999999998,2400.475,4038.399999999998,4675.34,73.801,112.0,791.292
P2,1a516bf36a436450,"{""policy"":""P2"",""fixed_p"":1,""alpha"":2,""beta"":32,""ef_min"":8,""ef_max"":512}",1000,0.5966,0.0,1.0,1.0,2838.079,4634.5,2838.079,4634.5,5241.929999999999,89.503,128.0,933.173
P2,6f2b595307ade4bd,"{""policy"":""P2"",""fixed_p"":1,""alpha"":2,""beta"":64,""ef_min"":8,""ef_max"":512}",1000,0.6088,0.0,1.0,1.0,3685.409,5732.65,3685.409,5732.65,6529.299999999999,121.285,160.0,1185.965
P2,527c7c313aa2f396,"{""policy"":""P2"",""fixed_p"":1,""alpha"":4,""beta"":4,""ef_min"":8,""ef_max"":512}",1000,0.6051,0.0,1.0,1.0,3518.012,6332.449999999999,3518.012,6332.449999999999,7483.19,117.883,196.0,1151.211
P2,86830e995bf9b165,"{""policy"":""P2"",""fixed_p"":1,""alpha"":4,""beta"":8,""ef_min"":8,""ef_max"":512}",1000,0.6061,0.0,1.0,1.0,3618.094,6502.1,3618.094,6502.1,7601.45,121.778,200.0,1167.303
P2,6ccb6139c6d1ce6e,"{""policy"":""P2"",""fixed_p"":1,""alpha"":4,""beta"":16,""ef_min"":8,""ef_max"":512}",1000,0.6092000000000001,0.0,1.0,1.0,3825.282,6735.399999999999,3825.282,6735.399999999999,7897.04,129.791,208.0,1242.289
P2,334cc0a5e8aaaf21,"{""policy"":""P2"",""fixed_p"":1,""alpha"":4,""beta"":32,""ef_min"":8,""ef_max"":512}",1000,0.6131,0.0,1.0,1.0,4225.509,7204.399999999998,4225.509,7204.399999999998,8384.03,145.693,224.0,1358.078
P2,7535a68ddcfbda1c,"{""policy"":""P2"",""fixed_p"":1,""alpha"":4,""beta"":64,""ef_min"":8,""ef_max"":512}",1000,0.6187,0.0,1.0,1.0,5003.312,8167.249999999999,5003.312,8167.249999999999,9367.67,177.617,256.0,1592.365
P2,1aeb13f380d086bd,"{""policy"":""P2"",""fixed_p"":1,""alpha"":8,""beta"":4,""ef_min"":8,""ef_max"":512}",1000,0.6241,0.0,1.0,1.0,6046.815,10957.1,6046.815,10957.1,12831.089999999998,230.619,388.0,1943.333
P2,a751d0d21c2139a0,"{""policy"":""P2"",""fixed_p"":1,""alpha"":8,""beta"":8,""ef_min"":8,""ef_max"":512}",1000,0.6245,0.0,1.0,1.0,6136.624,11099.0,6136.624,11099.0,12983.529999999999,234.618,392.0,1975.894
P2,23760f545f1fbe57,"{""policy"":""P2"",""fixed_p"":1,""alpha"":8,""beta"":16,""ef_min"":8,""ef_max"":512}",1000,0.6254,0.0,1.0,1.0,6314.894,11306.25,6314.894,11306.25,13103.719999999998,242.636,400.0,2048.376
P2,e9921c9f33866ecb,"{""policy"":""P2"",""fixed_p"":1,""alpha"":8,""beta"":32,""ef_min"":8,""ef_max"":512}",1000,0.6273,0.0,1.0,1.0,6666.771,11703.449999999999,6666.771,11703.449999999999,13585.55,258.62,416.0,2141.469
P2,0f950bbf810ce679,"{""policy"":""P2"",""fixed_p"":1,""alpha"":8,""beta"":64,""ef_min"":8,""ef_max"":512}",1000,0.6312000000000001,0.0,1.0,1.0,7347.68,12434.5,7347.68,12434.5,14430.01,290.477,448.0,2371.519
P2,a63cbbe053d19b74,"{""policy"":""P2"",""fixed_p"":1,""alpha"":16,""beta"":4,""ef_min"":8,""ef_max"":512}",1000,0.6364,0.1,1.0,1.0,9514.389,15912.15,9514.389,15912.15,17283.37,403.821,512.0,3087.445
P2,c39b4b3e12f7da50,"{""policy"":""P2"",""fixed_p"":1,""alpha"":16,""beta"":8,""ef_min"":8,""ef_max"":512}",1000,0.6364,0.1,1.0,1.0,9567.692,15927.35,9567.692,15927.35,17284.26,406.355,512.0,3099.638
P2,1aaf112fe3cffa07,"{""policy"":""P2"",""fixed_p"":1,""alpha"":16,""beta"":16,""ef_min"":8,""ef_max"":512}",1000,0.6367,0.1,1.0,1.0,9674.657,16101.2,9674.657,16101.2,17287.64,411.493,512.0,3137.761
P2,d9ff991f44b85001,"{""policy"":""P2"",""fixed_p"":1,""alpha"":16,""beta"":32,""ef_min"":8,""ef_max"":512}",1000,0.6373,0.1,1.0,1.0,9877.721,16258.149999999998,9877.721,16258.149999999998,17550.02,421.267,512.0,3218.259
P2,96327a6abaa46ad5,"{""policy"":""P2"",""fixed_p"":1,""alpha"":16,""beta"":64,""ef_min"":8,""ef_max"":512}",1000,0.6377999999999999,0.1,1.0,1.0,10252.056,16413.1,10252.056,16413.1,17793.859999999997,439.242,512.0,3333.305
P2,67e09a5a3d3496ef,"{""policy"":""P2"",""fixed_p"":2,""alpha"":1,""beta"":4,""ef_min"":8,""ef_max"":512}",1000,0.6502,0.0,2.0,2.0,1904.864,2743.05,1264.067,2090.2999999999997,2404.4599999999996,50.996,52.0,710.177
P2,d86746656881b440,"{""policy"":""P2"",""fixed_p"":2,""alpha"":1,""beta"":8,""ef_min"":8,""ef_max"":512}",1000,0.6625,0.0,2.0,2.0,2138.781,3037.1499999999996,1391.827,2243.2,2572.0699999999997,58.089,56.0,778.579
P2,a37767c36c1904b3,"{""policy"":""P2"",""fixed_p"":2,""alpha"":1,""beta"":16,""ef_min"":8,""ef_max"":512}",1000,0.682,0.1,2.0,2.0,2656.56,3719.45,1654.375,2567.1499999999996,2905.21,73.801,64.0,932.475
P2,8e2385a6ec5eab72,"{""policy"":""P2"",""fixed_p"":2,""alpha"":1,""beta"":32,""ef_min"":8,""ef_max"":512}",1000,0.7051000000000001,0.1,2.0,2.0,3649.773,5002.9,2174.823,3230.25,3606.04,105.177,80.0,1221.258
P2,2219028b99a0f713,"{""policy"":""P2"",""fixed_p"":2,""alpha"":1,""beta"":64,""ef_min"":8,""ef_max"":512}",1000,0.7327,0.2,2.0,2.0,5512.309,7392.05,3196.362,4449.349999999999,4901.02,168.217,112.0,1774.592
P2,b9dd9179c243c249,"{""policy"":""P2"",""fixed_p"":2,""alpha"":2,""beta"":4,""ef_min"":8,""ef_max"":512}",1000,0.6947000000000001,0.1,2.0,2.0,2994.255,4357.4,2082.639,3587.0499999999984,4198.42,86.991,100.0,1032.624
P2,94c6dcb66735294e,"{""policy"":""P2"",""fixed_p"":2,""alpha"":2,""beta"":8,""ef_min"":8,""ef_max"":512}",1000,0.7,0.1,2.0,2.0,3225.78,4726.5,2204.627,3767.1,4384.04,94.38,104.0,1103.881
P2,dca2c9722d3af70c,"{""policy"":""P2"",""fixed_p"":2,""alpha"":2,""beta"":16,""ef_min"":8,""ef_max"":512}",1000,0.7106,0.1,2.0,2.0,3722.543,5318.349999999999,2447.189,4038.399999999998,4675.34,110.361,112.0,1244.669
P2,65549e852dad6db5,"{""policy"":""P2"",""fixed_p"":2,""alpha"":2,""beta"":32,""ef_min"":8,""ef_max"":512}",1000,0.7236,0.1,2.0,2.0,4674.85,6499.449999999998,2918.02,4634.5,5241.929999999999,141.933,128.0,1532.526
P2,23d4a0a0611c285f,"{""policy"":""P2"",""fixed_p"":2,""alpha"":2,""beta"":64,""ef_min"":8,""ef_max"":512}",1000,0.742,0.2,2.0,2.0,6467.151,8810.1,3862.484,5732.65,6529.299999999999,204.907,160.0,2062.257
P2,68c2c6aa0b1f5178,"{""policy"":""P2"",""fixed_p"":2,""alpha"":4,""beta"":4,""ef_min"":8,""ef_max"":512}",1000,0.7298,0.1,2.0,2.0,4999.369,7541.45,3562.535,6332.449999999999,7483.19,160.167,196.0,1650.432
P2,bbf15a0285593d4b,"{""policy"":""P2"",""fixed_p"":2,""alpha"":4,""beta"":8,""ef_min"":8,""ef_max"":512}",1000,0.7319,0.1,2.0,2.0,5215.944,7798.15,3668.123,6502.1,7601.45,167.752,200.0,1701.315
P2,f020c3c071f4e452,"{""policy"":""P2"",""fixed_p"":2,""alpha"":4,""beta"":16,""ef_min"":8,""ef_max"":512}",1000,0.7367,0.1,2.0,2.0,5675.3,8353.15,3885.927,6735.399999999999,7897.04,183.664,208.0,1856.611
P2,e9d11c8746bec953,"{""policy"":""P2"",""fixed_p"":2,""alpha"":4,""beta"":32,""ef_min"":8,""ef_max"":512}",1000,0.7449,0.2,2.0,2.0,6569.858,9407.05,4318.574,7204.399999999998,8384.03,215.457,224.0,2108.254
P2,9ab9041fb80a1335,"{""policy"":""P2"",""fixed_p"":2,""alpha"":4,""beta"":64,""ef_min"":8,""ef_max"":512}",1000,0.7545,0.2,2.0,2.0,8267.245,11526.65,5167.756,8167.249999999999,9367.67,278.87,256.0,2618.264
P2,b248d6a0c9d2cf35,"{""policy"":""P2"",""fixed_p"":2,""alpha"":8,""beta"":4,""ef_min"":8,""ef_max"":512}",1000,0.7569,0.2,2.0,2.0,8539.819,12951.15,6132.37,10957.1,12831.089999999998,307.784,388.0,2742.23
P2,8e34a287e1010c1b,"{""policy"":""P2"",""fixed_p"":2,""alpha"":8,""beta"":8,""ef_min"":8,""ef_max"":512}",1000,0.7579,0.2,2.0,2.0,8738.792,13187.4,6228.288,11099.0,12983.529999999999,315.518,392.0,2816.004
P2,d5a9fc1d46499aae,"{""policy"":""P2"",""fixed_p"":2,""alpha"":8,""beta"":16,""ef_min"":8,""ef_max"":512}",1000,0.7597999999999999,0.2,2.0,2.0,9141.542,13629.049999999997,6416.058,11306.25,13103.719999999998,331.214,400.0,2965.211
P2,1632d69303876ad6,"{""policy"":""P2"",""fixed_p"":2,""alpha"":8,""beta"":32,""ef_min"":8,""ef_max"":512}",1000,0.7637999999999999,0.2,2.0,2.0,9957.033,14560.15,6790.79,11703.449999999999,13585.55,363.218,416.0,3185.97
P2,46871645587769cf,"{""policy"":""P2"",""fixed_p"":2,""alpha"":8,""beta"":64,""ef_min"":8,""ef_max"":512}",1000,0.7695,0.2,2.0,2.0,11519.194,16386.0,7528.24,12434.5,14430.01,426.883,448.0,3682.822
P2,4baeba9456e22758,"{""policy"":""P2"",""fixed_p"":2,""alpha"":16,""beta"":4,""ef_min"":8,""ef_max"":512}",1000,0.7755,0.2,2.0,2.0,13801.262,20412.699999999997,9672.502,15912.15,17283.37,551.061,512.0,4458.168
P2,333180e5bbace561,"{""policy"":""P2"",""fixed_p"":2,""alpha"":16,""beta"":8,""ef_min"":8,""ef_max"":512}",1000,0.7757000000000001,0.2,2.0,2.0,13952.965,20606.75,9731.053,15927.35,17284.26,557.34,512.0,4481.352
P2,c98ddf60b4df64a3,"{""policy"":""P2"",""fixed_p"":2,""alpha"":16,""beta"":16,""ef_min"":8,""ef_max"":512}",1000,0.776,0.2,2.0,2.0,14268.398,20948.35,9850.362,16101.2,17287.64,570.29,512.0,4597.66
P2,1884ba770917a03c,"{""policy"":""P2"",""fixed_p"":2,""alpha"":16,""beta"":32,""ef_min"":8,""ef_max"":512}",1000,0.7773,0.2,2.0,2.0,14895.169,21662.2,10076.1,16258.149999999998,17550.02,596.14,512.0,4805.431
P2,a507199a248a39d5,"{""policy"":""P2"",""fixed_p"":2,""alpha"":16,""beta"":64,""ef_min"":8,""ef_max"":512}",1000,0.7792,0.2,2.0,2.0,16074.858,23148.3,10501.193,16413.1,17793.859999999997,645.908,512.0,5162.448
P2,59a18a1e2301ae9d,"{""policy"":""P2"",""fixed_p"":3,""alpha"":1,""beta"":4,""ef_min"":8,""ef_max"":512}",1000,0.6861,0.1,3.0,3.0,2473.804,3378.05,1271.243,2090.2999999999997,2404.4599999999996,65.071,52.0,935.351
P2,1b3a254dfbd8444f,"{""policy"":""P2"",""fixed_p"":3,""alpha"":1,""beta"":8,""ef_min"":8,""ef_max"":512}",1000,0.7009,0.1,3.0,3.0,2792.055,3716.3499999999985,1401.679,2243.2,2572.0699999999997,74.356,56.0,1029.167
P2,3ae277b1b5da081e,"{""policy"":""P2"",""fixed_p"":3,""alpha"":1,""beta"":16,""ef_min"":8,""ef_max"":512}",1000,0.7241000000000001,0.1,3.0,3.0,3603.684,4808.699999999999,1674.336,2567.1499999999996,2905.21,98.022,64.0,1267.094
P2,5edcda9a11c4abcf,"{""policy"":""P2"",""fixed_p"":3,""alpha"":1,""beta"":32,""ef_min"":8,""ef_max"":512}",1000,0.7507,0.1,3.0,3.0,5157.989,6752.0999999999985,2217.153,3230.25,3606.04,145.381,80.0,1715.919
P2,bdc7501ffed5938e,"{""policy"":""P2"",""fixed_p"":3,""alpha"":1,""beta"":64,""ef_min"":8,""ef_max"":512}",1000,0.7833,0.2,3.0,3.0,8046.108,10531.699999999999,3332.36,4459.05,4901.02,239.771,112.0,2559.788
P2,4db1ff6d0f4901b8,"{""policy"":""P2"",""fixed_p"":3,""alpha"":2,""beta"":4,""ef_min"":8,""ef_max"":512}",1000,0.7339,0.1,3.0,3.0,3695.205,5092.05,2088.298,3587.0499999999984,4198.42,104.587,100.0,1297.614
P2,975c953e5fac66ed,"{""policy"":""P2"",""fixed_p"":3,""alpha"":2,""beta"":8,""ef_min"":8,""ef_max"":512}",1000,0.7413,0.1,3.0,3.0,4033.245,5506.9,2211.522,3767.1,4384.04,114.881,104.0,1397.484
P2,f42a159f7137d997,"{""policy"":""P2"",""fixed_p"":3,""alpha"":2,""beta"":16,""ef_min"":8,""ef_max"":512}",1000,0.7543,0.1,3.0,3.0,4822.917,6547.25,2461.285,4038.399999999998,4675.34,138.947,112.0,1621.079
P2,fc9ee56319858f5c,"{""policy"":""P2"",""fixed_p"":3,""alpha"":2,""beta"":32,""ef_min"":8,""ef_max"":512}",1000,0.7707,0.2,3.0,3.0,6328.812,8401.0,2941.95,4634.5,5241.929999999999,186.466,128.0,2064.198
P2,f61a0100fec8e2e1,"{""policy"":""P2"",""fixed_p"":3,""alpha"":2,""beta"":64,""ef_min"":8,""ef_max"":512}",1000,0.7935,0.2,3.0,3.0,9132.006,11993.8,3941.078,5732.65,6529.299999999999,280.776,160.0,2879.025
P2,c3e756aaf0e52e0d,"{""policy"":""P2"",""fixed_p"":3,""alpha"":4,""beta"":4,""ef_min"":8,""ef_max"":512}",1000,0.7733,0.2,3.0,3.0,5993.736,8435.05,3569.292,6332.449999999999,7483.19,186.053,196.0,1996.798
P2,f243f2e6a18eca12,"{""policy"":""P2"",""fixed_p"":3,""alpha"":4,""beta"":8,""ef_min"":8,""ef_max"":512}",1000,0.7767999999999999,0.2,3.0,3.0,6332.067,8847.3,3674.586,6502.1,7601.45,197.132,200.0,2084.904
P2,4079c3dd3a4c67dc,"{""policy"":""P2"",""fixed_p"":3,""alpha"":4,""beta"":16,""ef_min"":8,""ef_max"":512}",1000,0.7833,0.2,3.0,3.0,7072.613,9793.249999999998,3895.329,6735.399999999999,7897.04,221.051,208.0,2325.046
P2,1fbd88ad9f149fe3,"{""policy"":""P2"",""fixed_p"":3,""alpha"":4,""beta"":32,""ef_min"":8,""ef_max"":512}",1000,0.7946,0.2,3.0,3.0,8501.215,11476.699999999999,4336.037,7204.399999999998,8384.03,268.59,224.0,2724.416
P2,14d28ae5f7688771,"{""policy"":""P2"",""fixed_p"":3,""alpha"":4,""beta"":64,""ef_min"":8,""ef_max"":512}",1000,0.8071,0.3,3.0,3.0,11200.426,14979.099999999997,5212.206,8167.249999999999,9367.67,363.657,256.0,3518.323
P2,cadddd4e583fd2a6,"{""policy"":""P2"",""fixed_p"":3,""alpha"":8,""beta"":4,""ef_min"":8,""ef_max"":512}",1000,0.8059,0.2,3.0,3.0,10113.811,14353.55,6140.149,10957.1,12831.089999999998,351.068,388.0,3254.468
P2,dfa21f473db9d28a,"{""policy"":""P2"",""fixed_p"":3,""alpha"":8,""beta"":8,""ef_min"":8,""ef_max"":512}",1000,0.8076,0.3,3.0,3.0,10431.158,14786.849999999999,6236.486,11099.0,12983.529999999999,362.32,392.0,3368.52
P2,c9aef7b97f9b330c,"{""policy"":""P2"",""fixed_p"":3,""alpha"":8,""beta"":16,""ef_min"":8,""ef_max"":512}",1000,0.8104,0.3,3.0,3.0,11096.148,15563.3,6426.994,11306.25,13103.719999999998,385.847,400.0,3585.623
P2,8979ff6e6ff7c6eb,"{""policy"":""P2"",""fixed_p"":3,""alpha"":8,""beta"":32,""ef_min"":8,""ef_max"":512}",1000,0.8155,0.3,3.0,3.0,12426.863,17194.2,6806.999,11703.449999999999,13585.55,433.737,416.0,3959.312
P2,4f0431382ddb656d,"{""policy"":""P2"",""fixed_p"":3,""alpha"":8,""beta"":64,""ef_min"":8,""ef_max"":512}",1000,0.8234,0.3,3.0,3.0,14953.412,20092.899999999998,7558.829,12434.5,14430.01,528.926,448.0,4727.836
P2,ef3f799f9bfeae07,"{""policy"":""P2"",""fixed_p"":3,""alpha"":16,""beta"":4,""ef_min"":8,""ef_max"":512}",1000,0.8292,0.3,3.0,3.0,16443.957,23433.1,9685.089,15912.15,17283.37,629.219,512.0,5284.369
P2,7343594a399a0977,"{""policy"":""P2"",""fixed_p"":3,""alpha"":16,""beta"":8,""ef_min"":8,""ef_max"":512}",1000,0.8297,0.3,3.0,3.0,16696.814,23727.449999999997,9744.491,15927.35,17284.26,638.849,512.0,5335.328
P2,cb2cb8b279506e7c,"{""policy"":""P2"",""fixed_p"":3,""alpha"":16,""beta"":16,""ef_min"":8,""ef_max"":512}",1000,0.8301000000000001,0.3,3.0,3.0,17263.298,24427.7,9865.63,16101.2,17287.64,659.829,512.0,5523.786
P2,b773c35d90fc1963,"{""policy"":""P2"",""fixed_p"":3,""alpha"":16,""beta"":32,""ef_min"":8,""ef_max"":512}",1000,0.8321000000000001,0.3,3.0,3.0,18366.273,25644.899999999994,10094.156,16258.149999999998,17550.02,701.36,512.0,5874.256
P2,bfe3d3b7529d3a42,"{""policy"":""P2"",""fixed_p"":3,""alpha"":16,""beta"":64,""ef_min"":8,""ef_max"":512}",1000,0.8351000000000001,0.3,3.0,3.0,20459.592,28372.599999999995,10531.53,16413.1,17793.859999999997,782.73,512.0,6498.015
P2,de3673885b6a18a6,"{""policy"":""P2"",""fixed_p"":4,""alpha"":1,""beta"":4,""ef_min"":8,""ef_max"":512}",1000,0.7028,0.1,4.0,4.0,3030.172,4001.6499999999996,1276.734,2090.2999999999997,2404.4599999999996,79.185,52.0,1157.513
P2,34e90a05c8878c38,"{""policy"":""P2"",""fixed_p"":4,""alpha"":1,""beta"":8,""ef_min"":8,""ef_max"":512}",1000,0.7182000000000001,0.1,4.0,4.0,3391.386,4397.4,1406.656,2243.2,2572.0699999999997,89.567,56.0,1260.829
P2,618b023475266fc7,"{""policy"":""P2"",""fixed_p"":4,""alpha"":1,""beta"":16,""ef_min"":8,""ef_max"":512}",1000,0.7431,0.2,4.0,4.0,4512.468,5821.05,1685.108,2567.1499999999996,2905.21,121.53,64.0,1585.885
P2,cf4c81b53723d241,"{""policy"":""P2"",""fixed_p"":4,""alpha"":1,""beta"":32,""ef_min"":8,""ef_max"":512}",1000,0.7722,0.2,4.0,4.0,6642.356,8548.449999999999,2256.236,3230.25,3606.04,185.075,80.0,2201.083
P2,4b90b3926bc90055,"{""policy"":""P2"",""fixed_p"":4,""alpha"":1,""beta"":64,""ef_min"":8,""ef_max"":512}",1000,0.8067000000000001,0.3,4.0,4.0,10559.614,13554.05,3429.012,4463.2,4901.02,310.737,112.0,3334.898
P2,677fc05f59f3d54f,"{""policy"":""P2"",""fixed_p"":4,""alpha"":2,""beta"":4,""ef_min"":8,""ef_max"":512}",1000,0.7509,0.1,4.0,4.0,4299.838,5670.449999999999,2089.443,3587.0499999999984,4198.42,119.943,100.0,1530.218
P2,2e24eb1307a85081,"{""policy"":""P2"",""fixed_p"":4,""alpha"":2,""beta"":8,""ef_min"":8,""ef_max"":512}",1000,0.759,0.2,4.0,4.0,4733.702,6214.0999999999985,2212.317,3767.1,4384.04,132.731,104.0,1657.241
P2,994b9b262e775a3f,"{""policy"":""P2"",""fixed_p"":4,""alpha"":2,""beta"":16,""ef_min"":8,""ef_max"":512}",1000,0.774,0.2,4.0,4.0,5825.013,7636.299999999999,2465.867,4038.399999999998,4675.34,164.991,112.0,1968.316
P2,b6565c0e2be669f7,"{""policy"":""P2"",""fixed_p"":4,""alpha"":2,""beta"":32,""ef_min"":8,""ef_max"":512}",1000,0.7923,0.2,4.0,4.0,7901.185,10156.099999999999,2959.07,4634.5,5241.929999999999,228.672,128.0,2575.593
P2,6362983ce3d0654b,"{""policy"":""P2"",""fixed_p"":4,""alpha"":2,""beta"":64,""ef_min"":8,""ef_max"":512}",1000,0.8169,0.3,4.0,4.0,11728.663,15027.399999999998,3995.849,5732.65,6529.299999999999,354.323,160.0,3688.989
P2,2fbb2d64d5805ac0,"{""policy"":""P2"",""fixed_p"":4,""alpha"":4,""beta"":4,""ef_min"":8,""ef_max"":512}",1000,0.7915,0.2,4.0,4.0,6781.192,9221.5,3570.309,6332.449999999999,7483.19,206.259,196.0,2282.347
P2,f2f9cc2e2a727a3d,"{""policy"":""P2"",""fixed_p"":4,""alpha"":4,""beta"":8,""ef_min"":8,""ef_max"":512}",1000,0.7963,0.2,4.0,4.0,7245.31,9816.3,3676.653,6502.1,7601.45,220.638,200.0,2404.511
P2,cc942f91d37bb589,"{""policy"":""P2"",""fixed_p"":4,""alpha"":4,""beta"":16,""ef_min"":8,""ef_max"":512}",1000,0.8041,0.2,4.0,4.0,8268.334,11028.2,3898.889,6735.399999999999,7897.04,252.331,208.0,2725.717
P2,36bda8b0917108b4,"{""policy"":""P2"",""fixed_p"":4,""alpha"":4,""beta"":32,""ef_min"":8,""ef_max"":512}",1000,0.8165,0.3,4.0,4.0,10247.927,13358.949999999999,4343.527,7204.399999999998,8384.03,315.865,224.0,3275.764
P2,aaa374eed7ab62fb,"{""policy"":""P2"",""fixed_p"":4,""alpha"":4,""beta"":64,""ef_min"":8,""ef_max"":512}",1000,0.831,0.3,4.0,4.0,13954.907,17997.95,5234.505,8167.249999999999,9367.67,442.153,256.0,4368.167
P2,65d6de3c2d363076,"{""policy"":""P2"",""fixed_p"":4,""alpha"":8,""beta"":4,""ef_min"":8,""ef_max"":512}",1000,0.8265,0.3,4.0,4.0,11277.646,15493.499999999998,6141.346,10957.1,12831.089999999998,381.531,388.0,3645.896
P2,cea8aedc61573aad,"{""policy"":""P2"",""fixed_p"":4,""alpha"":8,""beta"":8,""ef_min"":8,""ef_max"":512}",1000,0.8284,0.3,4.0,4.0,11719.039,15953.499999999998,6237.8,11099.0,12983.529999999999,396.218,392.0,3794.437
P2,01cabc333ac43b86,"{""policy"":""P2"",""fixed_p"":4,""alpha"":8,""beta"":16,""ef_min"":8,""ef_max"":512}",1000,0.8322,0.3,4.0,4.0,12651.066,17125.55,6429.037,11306.25,13103.719999999998,427.44,400.0,4082.704
P2,82e51035c44d6e05,"{""policy"":""P2"",""fixed_p"":4,""alpha"":8,""beta"":32,""ef_min"":8,""ef_max"":512}",1000,0.8385,0.3,4.0,4.0,14517.753,19363.5,6811.033,11703.449999999999,13585.55,491.321,416.0,4611.028
P2,ebf7cf21ef4322a9,"{""policy"":""P2"",""fixed_p"":4,""alpha"":8,""beta"":64,""ef_min"":8,""ef_max"":512}",1000,0.8478,0.4,4.0,4.0,18024.346,23533.199999999997,7569.487,12434.5,14430.01,617.534,448.0,5661.015
P2,266ee86389c1f3a6,"{""policy"":""P2"",""fixed_p"":4,""alpha"":16,""beta"":4,""ef_min"":8,""ef_max"":512}",1000,0.8523999999999999,0.4,4.0,4.0,18308.809,25754.899999999998,9686.651,15912.15,17283.37,680.268,512.0,5867.933
P2,d240ac2c22f3fd1e,"{""policy"":""P2"",""fixed_p"":4,""alpha"":16,""beta"":8,""ef_min"":8,""ef_max"":512}",1000,0.8532000000000001,0.4,4.0,4.0,18670.647,26253.7,9746.565,15927.35,17284.26,693.182,512.0,5955.637
P2,8ff4b409a7c95e7d,"{""policy"":""P2"",""fixed_p"":4,""alpha"":16,""beta"":16,""ef_min"":8,""ef_max"":512}",1000,0.8537,0.4,4.0,4.0,19486.283,27138.8,9867.679,16101.2,17287.64,721.721,512.0,6218.35
P2,64d550f6d5e40c0a,"{""policy"":""P2"",""fixed_p"":4,""alpha"":16,""beta"":32,""ef_min"":8,""ef_max"":512}",1000,0.856,0.4,4.0,4.0,21097.171,29137.949999999997,10098.023,16258.149999999998,17550.02,779.096,512.0,6710.772
P2,fcd9b364c7e6b373,"{""policy"":""P2"",""fixed_p"":4,""alpha"":16,""beta"":64,""ef_min"":8,""ef_max"":512}",1000,0.8598,0.4,4.0,4.0,24140.753,32899.95,10540.566,16413.1,17793.859999999997,891.84,512.0,7610.998
P2,12bd0dba7f46c75d,"{""policy"":""P2"",""fixed_p"":5,""alpha"":1,""beta"":4,""ef_min"":8,""ef_max"":512}",1000,0.7169,0.1,5.0,5.0,3598.323,4671.2,1279.232,2090.2999999999997,2404.4599999999996,93.905,52.0,1382.484
P2,77b75b908f4633c0,"{""policy"":""P2"",""fixed_p"":5,""alpha"":1,""beta"":8,""ef_min"":8,""ef_max"":512}",1000,0.7323,0.1,5.0,5.0,3979.014,5098.0,1408.159,2243.2,2572.0699999999997,104.767,56.0,1490.54
P2,7753c643c5a4d510,"{""policy"":""P2"",""fixed_p"":5,""alpha"":1,""beta"":16,""ef_min"":8,""ef_max"":512}",1000,0.7592000000000001,0.2,5.0,5.0,5406.319,6921.05,1692.102,2567.1499999999996,2905.21,144.779,64.0,1903.216
P2,2b884f4926b954bd,"{""policy"":""P2"",""fixed_p"":5,""alpha"":1,""beta"":32,""ef_min"":8,""ef_max"":512}",1000,0.7912,0.2,5.0,5.0,8139.353,10378.55,2290.738,3230.25,3606.04,225.04,80.0,2685.711
P2,4e44796d128f534b,"{""policy"":""P2"",""fixed_p"":5,""alpha"":1,""beta"":64,""ef_min"":8,""ef_max"":512}",1000,0.8271000000000001,0.3,5.0,5.0,13086.375,16500.1,3510.548,4473.049999999999,4903.15,381.592,112.0,4118.576
P2,68bb346598465f6c,"{""policy"":""P2"",""fixed_p"":5,""alpha"":2,""beta"":4,""ef_min"":8,""ef_max"":512}",1000,0.765,0.2,5.0,5.0,4882.33,6410.999999999999,2089.719,3587.0499999999984,4198.42,135.034,100.0,1757.624
P2,4166b1adddbccce2,"{""policy"":""P2"",""fixed_p"":5,""alpha"":2,""beta"":8,""ef_min"":8,""ef_max"":512}",1000,0.774,0.2,5.0,5.0,5391.506,6963.05,2212.703,3767.1,4384.04,149.674,104.0,1905.981
P2,4f9a4f3be118bf19,"{""policy"":""P2"",""fixed_p"":5,""alpha"":2,""beta"":16,""ef_min"":8,""ef_max"":512}",1000,0.7907000000000001,0.2,5.0,5.0,6790.117,8803.2,2467.638,4038.399999999998,4675.34,190.087,112.0,2304.479
P2,1084aad8abc2082c,"{""policy"":""P2"",""fixed_p"":5,""alpha"":2,""beta"":32,""ef_min"":8,""ef_max"":512}",1000,0.8115,0.29500000000000026,5.0,5.0,9457.551,11989.449999999999,2969.441,4634.5,5241.929999999999,270.276,128.0,3078.238
P2,f4c2f2cac781e7b9,"{""policy"":""P2"",""fixed_p"":5,""alpha"":2,""beta"":64,""ef_min"":8,""ef_max"":512}",1000,0.8373999999999999,0.3,5.0,5.0,14314.788,18146.3,4040.742,5732.65,6529.299999999999,426.911,160.0,4480.981
P2,2e613039a2a4b513,"{""policy"":""P2"",""fixed_p"":5,""alpha"":4,""beta"":4,""ef_min"":8,""ef_max"":512}",1000,0.8071,0.2,5.0,5.0,7480.918,9896.25,3570.309,6332.449999999999,7483.19,224.271,196.0,2543.149
P2,aacd85c84d3be773,"{""policy"":""P2"",""fixed_p"":5,""alpha"":4,""beta"":8,""ef_min"":8,""ef_max"":512}",1000,0.8126,0.2,5.0,5.0,8051.091,10641.65,3676.653,6502.1,7601.45,241.365,200.0,2697.266
P2,d969fb364580cd42,"{""policy"":""P2"",""fixed_p"":5,""alpha"":4,""beta"":16,""ef_min"":8,""ef_max"":512}",1000,0.8219,0.3,5.0,5.0,9371.548,12231.449999999999,3899.531,6735.399999999999,7897.04,281.049,208.0,3097.077
P2,37be741aac4564eb,"{""policy"":""P2"",""fixed_p"":5,""alpha"":4,""beta"":32,""ef_min"":8,""ef_max"":512}",1000,0.8362,0.3,5.0,5.0,11926.498,15242.4,4345.454,7204.399999999998,8384.03,360.921,224.0,3805.972
P2,a45d9fe0ff649a81,"{""policy"":""P2"",""fixed_p"":5,""alpha"":4,""beta"":64,""ef_min"":8,""ef_max"":512}",1000,0.8517,0.4,5.0,5.0,16651.582,21226.95,5244.892,8167.249999999999,9367.67,518.07,256.0,5194.073
P2,4f2d263cf210d713,"{""policy"":""P2"",""fixed_p"":5,""alpha"":8,""beta"":4,""ef_min"":8,""ef_max"":512}",1000,0.8443999999999999,0.3,5.0,5.0,12241.967,16422.05,6141.71,10957.1,12831.089999999998,406.442,388.0,3976.581
P2,67afd7d918826416,"{""policy"":""P2"",""fixed_p"":5,""alpha"":8,""beta"":8,""ef_min"":8,""ef_max"":512}",1000,0.8468,0.3,5.0,5.0,12800.652,17114.0,6237.916,11099.0,12983.529999999999,424.237,392.0,4157.9
P2,3dbfab2ced5e72db,"{""policy"":""P2"",""fixed_p"":5,""alpha"":8,""beta"":16,""ef_min"":8,""ef_max"":512}",1000,0.8515,0.4,5.0,5.0,14015.814,18523.4,6429.232,11306.25,13103.719999999998,463.312,400.0,4526.913
P2,b1d0df5a3fd14818,"{""policy"":""P2"",""fixed_p"":5,""alpha"":8,""beta"":32,""ef_min"":8,""ef_max"":512}",1000,0.8583999999999999,0.4,5.0,5.0,16436.744,21425.899999999998,6811.533,11703.449999999999,13585.55,543.219,416.0,5213.689
P2,581cee34cc0d8094,"{""policy"":""P2"",""fixed_p"":5,""alpha"":8,""beta"":64,""ef_min"":8,""ef_max"":512}",1000,0.8687999999999999,0.4,5.0,5.0,20946.186,26761.15,7571.74,12434.5,14430.01,700.367,448.0,6548.447
P2,2229231a4fcfe34c,"{""policy"":""P2"",""fixed_p"":5,""alpha"":16,""beta"":4,""ef_min"":8,""ef_max"":512}",1000,0.8719,0.4,5.0,5.0,19784.274,27753.45,9686.651,15912.15,17283.37,719.321,512.0,6346.472
P2,7aed42b0abf70802,"{""policy"":""P2"",""fixed_p"":5,""alpha"":16,""beta"":8,""ef_min"":8,""ef_max"":512}",1000,0.8727,0.4,5.0,5.0,20253.004,28348.05,9746.565,15927.35,17284.26,735.234,512.0,6457.766
P2,e84fac5de5d31030,"{""policy"":""P2"",""fixed_p"":5,""alpha"":16,""beta"":16,""ef_min"":8,""ef_max"":512}",1000,0.8737999999999999,0.4,5.0,5.0,21336.179,29587.899999999998,9867.679,16101.2,17287.64,771.348,512.0,6794.207
P2,b01b2e54e32484b3,"{""policy"":""P2"",""fixed_p"":5,""alpha"":16,""beta"":32,""ef_min"":8,""ef_max"":512}",1000,0.8767,0.5,5.0,5.0,23477.441,32199.75,10098.023,16258.149999999998,17550.02,844.612,512.0,7441.67
P2,f60f1be42a49cd2d,"{""policy"":""P2"",""fixed_p"":5,""alpha"":16,""beta"":64,""ef_min"":8,""ef_max"":512}",1000,0.8809,0.5,5.0,5.0,27501.079,36878.9,10541.105,16413.1,17793.859999999997,988.547,512.0,8625.908
P2,6a2aa88e8c895bec,"{""policy"":""P2"",""fixed_p"":6,""alpha"":1,""beta"":4,""ef_min"":8,""ef_max"":512}",1000,0.7241000000000001,0.1,6.0,6.0,4194.071,5295.1,1284.354,2090.2999999999997,2404.4599999999996,109.435,52.0,1611.377
P2,fd128928fd0067bb,"{""policy"":""P2"",""fixed_p"":6,""alpha"":1,""beta"":8,""ef_min"":8,""ef_max"":512}",1000,0.7395,0.2,6.0,6.0,4585.929,5767.15,1411.026,2243.2,2572.0699999999997,120.577,56.0,1723.057
P2,b22c971efe059c2a,"{""policy"":""P2"",""fixed_p"":6,""alpha"":1,""beta"":16,""ef_min"":8,""ef_max"":512}",1000,0.7675,0.2,6.0,6.0,6313.927,7902.25,1700.888,2567.1499999999996,2905.21,168.258,64.0,2219.285
P2,1a0b4813a0cbea36,"{""policy"":""P2"",""fixed_p"":6,""alpha"":1,""beta"":32,""ef_min"":8,""ef_max"":512}",1000,0.8007000000000001,0.2,6.0,6.0,9652.544,12075.25,2322.303,3230.25,3606.04,264.865,80.0,3171.692
P2,d87d974ef0e8806a,"{""policy"":""P2"",""fixed_p"":6,""alpha"":1,""beta"":64,""ef_min"":8,""ef_max"":512}",1000,0.8378,0.4,6.0,6.0,15667.156,19522.5,3581.1,4494.499999999998,4903.15,452.634,112.0,4902.406
P2,66e50f5d848415bd,"{""policy"":""P2"",""fixed_p"":6,""alpha"":2,""beta"":4,""ef_min"":8,""ef_max"":512}",1000,0.7722,0.2,6.0,6.0,5483.151,7044.299999999999,2089.906,3587.0499999999984,4198.42,150.697,100.0,1987.973
P2,e1a9586057457ff9,"{""policy"":""P2"",""fixed_p"":6,""alpha"":2,""beta"":8,""ef_min"":8,""ef_max"":512}",1000,0.7815,0.2,6.0,6.0,6045.378,7723.65,2212.779,3767.1,4384.04,166.602,104.0,2148.835
P2,375d73e602fd627c,"{""policy"":""P2"",""fixed_p"":6,""alpha"":2,""beta"":16,""ef_min"":8,""ef_max"":512}",1000,0.7992999999999999,0.2,6.0,6.0,7753.225,9811.55,2469.795,4038.399999999998,4675.34,214.967,112.0,2641.995
P2,d249a2e620625033,"{""policy"":""P2"",""fixed_p"":6,""alpha"":2,""beta"":32,""ef_min"":8,""ef_max"":512}",1000,0.821,0.3,6.0,6.0,11022.597,13777.1,2980.773,4634.5,5241.929999999999,311.472,128.0,3577.859
P2,60044e1a3a5ad53c,"{""policy"":""P2"",""fixed_p"":6,""alpha"":2,""beta"":64,""ef_min"":8,""ef_max"":512}",1000,0.848,0.4,6.0,6.0,16938.245,21160.4,4081.38,5732.65,6529.299999999999,499.155,160.0,5276.265
P2,25828c85414a1fef,"{""policy"":""P2"",""fixed_p"":6,""alpha"":4,""beta"":4,""ef_min"":8,""ef_max"":512}",1000,0.8147000000000001,0.2,6.0,6.0,8153.376,10650.05,3570.976,6332.449999999999,7483.19,241.664,196.0,2792.235
P2,cbad6805660063b9,"{""policy"":""P2"",""fixed_p"":6,""alpha"":4,""beta"":8,""ef_min"":8,""ef_max"":512}",1000,0.8209,0.3,6.0,6.0,8817.284,11437.999999999996,3677.084,6502.1,7601.45,261.034,200.0,2971.846
P2,6daf53243cfcd274,"{""policy"":""P2"",""fixed_p"":6,""alpha"":4,""beta"":16,""ef_min"":8,""ef_max"":512}",1000,0.8307,0.3,6.0,6.0,10433.187,13360.599999999999,3899.776,6735.399999999999,7897.04,308.434,208.0,3456.607
P2,12af35c953617fdb,"{""policy"":""P2"",""fixed_p"":6,""alpha"":4,""beta"":32,""ef_min"":8,""ef_max"":512}",1000,0.8457,0.4,6.0,6.0,13583.912,17137.0,4347.301,7204.399999999998,8384.03,404.614,224.0,4332.367
P2,23ff89a144c1628c,"{""policy"":""P2"",""fixed_p"":6,""alpha"":4,""beta"":64,""ef_min"":8,""ef_max"":512}",1000,0.8623999999999999,0.4,6.0,6.0,19362.865,24329.45,5257.178,8167.249999999999,9367.67,592.842,256.0,6013.676
P2,45ec77d9179bc01c,"{""policy"":""P2"",""fixed_p"":6,""alpha"":8,""beta"":4,""ef_min"":8,""ef_max"":512}",1000,0.8526,0.4,6.0,6.0,13100.829,17313.449999999997,6141.994,10957.1,12831.089999999998,428.447,388.0,4280.485
P2,d26f39ff3cb77697,"{""policy"":""P2"",""fixed_p"":6,""alpha"":8,""beta"":8,""ef_min"":8,""ef_max"":512}",1000,0.8555,0.4,6.0,6.0,13772.775,18254.549999999996,6238.298,11099.0,12983.529999999999,449.132,392.0,4486.315
P2,cca52b034039d6f5,"{""policy"":""P2"",""fixed_p"":6,""alpha"":8,""beta"":16,""ef_min"":8,""ef_max"":512}",1000,0.8605,0.4,6.0,6.0,15278.617,19916.85,6429.563,11306.25,13103.719999999998,495.915,400.0,4945.165
P2,80194cfb78770361,"{""policy"":""P2"",""fixed_p"":6,""alpha"":8,""beta"":32,""ef_min"":8,""ef_max"":512}",1000,0.8685,0.4,6.0,6.0,18274.752,23513.0,6811.725,11703.449999999999,13585.55,591.834,416.0,5785.578
P2,cd1ab4523bfac99e,"{""policy"":""P2"",""fixed_p"":6,""alpha"":8,""beta"":64,""ef_min"":8,""ef_max"":512}",1000,0.8797,0.5,6.0,6.0,23824.858,30339.0,7572.663,12434.5,14430.01,780.08,448.0,7417.004
P2,aca830c80cd1a408,"{""policy"":""P2"",""fixed_p"":6,""alpha"":16,""beta"":4,""ef_min"":8,""ef_max"":512}",1000,0.8815,0.5,6.0,6.0,21048.773,29374.25,9686.651,15912.15,17283.37,751.884,512.0,6757.911
P2,acec76cacbd144b8,"{""policy"":""P2"",""fixed_p"":6,""alpha"":16,""beta"":8,""ef_min"":8,""ef_max"":512}",1000,0.8826,0.5,6.0,6.0,21621.897,30125.25,9746.565,15927.35,17284.26,770.571,512.0,6899.521
P2,48ff4dd48b73aad2,"{""policy"":""P2"",""fixed_p"":6,""alpha"":16,""beta"":16,""ef_min"":8,""ef_max"":512}",1000,0.8839,0.5,6.0,6.0,22980.321,31760.55,9867.679,16101.2,17287.64,814.147,512.0,7316.453
P2,d9445040163def1d,"{""policy"":""P2"",""fixed_p"":6,""alpha"":16,""beta"":32,""ef_min"":8,""ef_max"":512}",1000,0.8875,0.5,6.0,6.0,25669.284,34846.8,10098.023,16258.149999999998,17550.02,903.205,512.0,8110.667
P2,987589a903fc9f81,"{""policy"":""P2"",""fixed_p"":6,""alpha"":16,""beta"":64,""ef_min"":8,""ef_max"":512}",1000,0.892,0.5,6.0,6.0,30697.312,40916.0,10541.105,16413.1,17793.859999999997,1077.907,512.0,9584.013
P2,1ad897ba9a8d2f99,"{""policy"":""P2"",""fixed_p"":7,""alpha"":1,""beta"":4,""ef_min"":8,""ef_max"":512}",1000,0.7295,0.1,7.0,7.0,4796.072,6007.25,1288.777,2090.2999999999997,2404.4599999999996,125.624,52.0,1841.387
P2,b3b6705dac6d9a41,"{""policy"":""P2"",""fixed_p"":7,""alpha"":1,""beta"":8,""ef_min"":8,""ef_max"":512}",1000,0.7451,0.2,7.0,7.0,5191.289,6409.0,1413.507,2243.2,2572.0699999999997,136.85,56.0,1954.199
P2,ff4701a77db774be,"{""policy"":""P2"",""fixed_p"":7,""alpha"":1,""beta"":16,""ef_min"":8,""ef_max"":512}",1000,0.7743,0.2,7.0,7.0,7214.612,8931.05,1708.154,2567.1499999999996,2905.21,192.296,64.0,2537.38
P2,e65b32909a108787,"{""policy"":""P2"",""fixed_p"":7,""alpha"":1,""beta"":32,""ef_min"":8,""ef_max"":512}",1000,0.809,0.3,7.0,7.0,11147.832,13817.15,2347.111,3230.25,3606.04,305.43,80.0,3658.187
P2,58144f48eded8e74,"{""policy"":""P2"",""fixed_p"":7,""alpha"":1,""beta"":64,""ef_min"":8,""ef_max"":512}",1000,0.8473999999999999,0.4,7.0,7.0,18188.203,22416.25,3622.217,4494.499999999998,4903.15,524.211,112.0,5683.468
P2,e4f3c43a88a38292,"{""policy"":""P2"",""fixed_p"":7,""alpha"":2,""beta"":4,""ef_min"":8,""ef_max"":512}",1000,0.7775,0.2,7.0,7.0,6085.752,7679.1,2090.208,3587.0499999999984,4198.42,166.9,100.0,2218.468
P2,416e388ed11329d2,"{""policy"":""P2"",""fixed_p"":7,""alpha"":2,""beta"":8,""ef_min"":8,""ef_max"":512}",1000,0.7873,0.2,7.0,7.0,6678.7,8348.3,2213.538,3767.1,4384.04,183.547,104.0,2391.502
P2,f28f31b7f5408fb7,"{""policy"":""P2"",""fixed_p"":7,""alpha"":2,""beta"":16,""ef_min"":8,""ef_max"":512}",1000,0.8062,0.2,7.0,7.0,8689.738,10921.4,2471.5,4038.399999999998,4675.34,239.894,112.0,2969.28
P2,eecc6cbabca8c2d5,"{""policy"":""P2"",""fixed_p"":7,""alpha"":2,""beta"":32,""ef_min"":8,""ef_max"":512}",1000,0.8294,0.3,7.0,7.0,12553.143,15567.099999999999,2991.325,4634.5,5241.929999999999,352.982,128.0,4070.084
P2,d6023a0e17acea44,"{""policy"":""P2"",""fixed_p"":7,""alpha"":2,""beta"":64,""ef_min"":8,""ef_max"":512}",1000,0.8576,0.4,7.0,7.0,19494.478,24134.949999999997,4106.648,5732.65,6529.299999999999,571.714,160.0,6058.816
P2,538350051276ef96,"{""policy"":""P2"",""fixed_p"":7,""alpha"":4,""beta"":4,""ef_min"":8,""ef_max"":512}",1000,0.8207000000000001,0.3,7.0,7.0,8795.862,11267.75,3571.193,6332.449999999999,7483.19,258.84,196.0,3034.741
P2,bb63594e9c8ee1e4,"{""policy"":""P2"",""fixed_p"":7,""alpha"":4,""beta"":8,""ef_min"":8,""ef_max"":512}",1000,0.8275,0.3,7.0,7.0,9528.546,12161.65,3677.334,6502.1,7601.45,279.925,200.0,3235.764
P2,96201e17bf30662e,"{""policy"":""P2"",""fixed_p"":7,""alpha"":4,""beta"":16,""ef_min"":8,""ef_max"":512}",1000,0.8382000000000001,0.3,7.0,7.0,11449.04,14645.599999999999,3900.163,6735.399999999999,7897.04,335.409,208.0,3805.858
P2,948787a04ea00329,"{""policy"":""P2"",""fixed_p"":7,""alpha"":4,""beta"":32,""ef_min"":8,""ef_max"":512}",1000,0.8548,0.4,7.0,7.0,15183.463,18997.899999999998,4350.104,7204.399999999998,8384.03,447.998,224.0,4846.968
P2,89130bc4dc9a411c,"{""policy"":""P2"",""fixed_p"":7,""alpha"":4,""beta"":64,""ef_min"":8,""ef_max"":512}",1000,0.872,0.4,7.0,7.0,21981.624,27400.25,5267.323,8167.249999999999,9367.67,667.234,256.0,6818.412
P2,94ff7a4610ee4ca9,"{""policy"":""P2"",""fixed_p"":7,""alpha"":8,""beta"":4,""ef_min"":8,""ef_max"":512}",1000,0.8601,0.4,7.0,7.0,13865.557,18045.95,6141.994,10957.1,12831.089999999998,448.714,388.0,4558.207
P2,97c8904775d72ed5,"{""policy"":""P2"",""fixed_p"":7,""alpha"":8,""beta"":8,""ef_min"":8,""ef_max"":512}",1000,0.8632000000000001,0.4,7.0,7.0,14645.63,19267.1,6238.298,11099.0,12983.529999999999,472.138,392.0,4791.928
P2,d4ea67a0492b288c,"{""policy"":""P2"",""fixed_p"":7,""alpha"":8,""beta"":16,""ef_min"":8,""ef_max"":512}",1000,0.8685,0.4,7.0,7.0,16441.094,21391.0,6429.563,11306.25,13103.719999999998,526.724,400.0,5334.109
P2,0abcb852e22c5bc1,"{""policy"":""P2"",""fixed_p"":7,""alpha"":8,""beta"":32,""ef_min"":8,""ef_max"":512}",1000,0.8776,0.4950000000000003,7.0,7.0,20005.191,25599.35,6811.908,11703.449999999999,13585.55,638.819,416.0,6335.334
P2,2c3c0c5c937c73f7,"{""policy"":""P2"",""fixed_p"":7,""alpha"":8,""beta"":64,""ef_min"":8,""ef_max"":512}",1000,0.8894,0.5,7.0,7.0,26568.235,33425.2,7573.448,12434.5,14430.01,858.139,448.0,8256.009
P2,757ca4f6b43765c7,"{""policy"":""P2"",""fixed_p"":7,""alpha"":16,""beta"":4,""ef_min"":8,""ef_max"":512}",1000,0.8897,0.5,7.0,7.0,22124.874,30779.55,9686.651,15912.15,17283.37,780.233,512.0,7120.6
P2,48f1dbdd413807cb,"{""policy"":""P2"",""fixed_p"":7,""alpha"":16,""beta"":8,""ef_min"":8,""ef_max"":512}",1000,0.8914,0.5,7.0,7.0,22786.508,31810.749999999996,9746.565,15927.35,17284.26,801.26,512.0,7286.265
P2,881714592ce36b45,"{""policy"":""P2"",""fixed_p"":7,""alpha"":16,""beta"":16,""ef_min"":8,""ef_max"":512}",1000,0.8929,0.5,7.0,7.0,24430.145,33606.399999999994,9867.679,16101.2,17287.64,852.669,512.0,7786.533
P2,a72b4455367f211c,"{""policy"":""P2"",""fixed_p"":7,""alpha"":16,""beta"":32,""ef_min"":8,""ef_max"":512}",1000,0.8967999999999999,0.5,7.0,7.0,27660.933,37181.04999999999,10098.023,16258.149999999998,17550.02,957.519,512.0,8728.789
P2,403938dec9bdd531,"{""policy"":""P2"",""fixed_p"":7,""alpha"":16,""beta"":64,""ef_min"":8,""ef_max"":512}",1000,0.9018999999999999,0.5950000000000003,7.0,7.0,33680.552,44640.75,10541.293,16413.1,17793.859999999997,1163.218,512.0,10493.0
P2,4215888c3a9d8671,"{""policy"":""P2"",""fixed_p"":8,""alpha"":1,""beta"":4,""ef_min"":8,""ef_max"":512}",1000,0.7333,0.2,8.0,8.0,5404.336,6689.25,1293.789,2090.2999999999997,2404.4599999999996,142.327,52.0,2077.625
P2,ed620f5358a8f67a,"{""policy"":""P2"",""fixed_p"":8,""alpha"":1,""beta"":8,""ef_min"":8,""ef_max"":512}",1000,0.749,0.2,8.0,8.0,5800.363,7080.349999999999,1416.183,2243.2,2572.0699999999997,153.571,56.0,2191.732
P2,3d7aad861d505da2,"{""policy"":""P2"",""fixed_p"":8,""alpha"":1,""beta"":16,""ef_min"":8,""ef_max"":512}",1000,0.7791,0.2,8.0,8.0,8123.66,9874.75,1716.994,2567.1499999999996,2905.21,216.823,64.0,2858.401
P2,28f6a0a52bc0f16f,"{""policy"":""P2"",""fixed_p"":8,""alpha"":1,""beta"":32,""ef_min"":8,""ef_max"":512}",1000,0.8146,0.3,8.0,8.0,12662.097,15511.3,2367.699,3230.25,3606.04,346.603,80.0,4146.953
P2,8c5e1e4fb14edb6b,"{""policy"":""P2"",""fixed_p"":8,""alpha"":1,""beta"":64,""ef_min"":8,""ef_max"":512}",1000,0.8537,0.4,8.0,8.0,20754.108,25397.75,3657.413,4530.2,4903.15,596.674,112.0,6472.362
P2,3294b6bb96f54c43,"{""policy"":""P2"",""fixed_p"":8,""alpha"":2,""beta"":4,""ef_min"":8,""ef_max"":512}",1000,0.7813,0.2,8.0,8.0,6694.016,8361.449999999999,2090.451,3587.0499999999984,4198.42,183.603,100.0,2454.482
P2,8696075ec3d98ab7,"{""policy"":""P2"",""fixed_p"":8,""alpha"":2,""beta"":8,""ef_min"":8,""ef_max"":512}",1000,0.7914,0.2,8.0,8.0,7308.252,9029.55,2213.653,3767.1,4384.04,200.75,104.0,2632.821
P2,73012063e0606c6a,"{""policy"":""P2"",""fixed_p"":8,""alpha"":2,""beta"":16,""ef_min"":8,""ef_max"":512}",1000,0.8112999999999999,0.29500000000000026,8.0,8.0,9632.126,11922.25,2473.209,4038.399999999998,4675.34,265.243,112.0,3299.954
P2,039095c0dfb6ee58,"{""policy"":""P2"",""fixed_p"":8,""alpha"":2,""beta"":32,""ef_min"":8,""ef_max"":512}",1000,0.835,0.3,8.0,8.0,14097.18,17402.25,2999.698,4634.5,5241.929999999999,394.941,128.0,4563.327
P2,348a69a089d6b983,"{""policy"":""P2"",""fixed_p"":8,""alpha"":2,""beta"":64,""ef_min"":8,""ef_max"":512}",1000,0.864,0.4,8.0,8.0,22085.102,27056.35,4127.776,5732.65,6529.299999999999,644.885,160.0,6856.053
P2,36cb4e67ed81c1ec,"{""policy"":""P2"",""fixed_p"":8,""alpha"":4,""beta"":4,""ef_min"":8,""ef_max"":512}",1000,0.8248,0.3,8.0,8.0,9428.873,11964.1,3571.217,6332.449999999999,7483.19,276.128,196.0,3277.514
P2,2a48736411a932d2,"{""policy"":""P2"",""fixed_p"":8,""alpha"":4,""beta"":8,""ef_min"":8,""ef_max"":512}",1000,0.8321000000000001,0.3,8.0,8.0,10235.686,12930.05,3677.334,6502.1,7601.45,299.019,200.0,3499.097
P2,0e52ddf274cf4273,"{""policy"":""P2"",""fixed_p"":8,""alpha"":4,""beta"":16,""ef_min"":8,""ef_max"":512}",1000,0.8433999999999999,0.3950000000000003,8.0,8.0,12454.598,15718.2,3900.235,6735.399999999999,7897.04,362.371,208.0,4152.269
P2,c6a0f7d92acb4772,"{""policy"":""P2"",""fixed_p"":8,""alpha"":4,""beta"":32,""ef_min"":8,""ef_max"":512}",1000,0.8603999999999999,0.4,8.0,8.0,16781.312,20909.1,4351.049,7204.399999999998,8384.03,491.377,224.0,5359.578
P2,447db60ca63a2c0b,"{""policy"":""P2"",""fixed_p"":8,""alpha"":4,""beta"":64,""ef_min"":8,""ef_max"":512}",1000,0.8784,0.5,8.0,8.0,24618.879,30320.649999999998,5273.836,8167.249999999999,9367.67,741.741,256.0,7626.74
P2,ea69033443c3b1fd,"{""policy"":""P2"",""fixed_p"":8,""alpha"":8,""beta"":4,""ef_min"":8,""ef_max"":512}",1000,0.8646,0.4,8.0,8.0,14611.411,19001.05,6141.994,10957.1,12831.089999999998,468.747,388.0,4832.051
P2,31e271005e20c68b,"{""policy"":""P2"",""fixed_p"":8,""alpha"":8,""beta"":8,""ef_min"":8,""ef_max"":512}",1000,0.8679,0.4,8.0,8.0,15480.932,20286.05,6238.298,11099.0,12983.529999999999,494.408,392.0,5088.878
P2,329a5e55f2c04260,"{""policy"":""P2"",""fixed_p"":8,""alpha"":8,""beta"":16,""ef_min"":8,""ef_max"":512}",1000,0.8739,0.4,8.0,8.0,17571.869,22784.25,6429.563,11306.25,13103.719999999998,556.826,400.0,5710.887
P2,339fe8da261c1a14,"{""policy"":""P2"",""fixed_p"":8,""alpha"":8,""beta"":32,""ef_min"":8,""ef_max"":512}",1000,0.8837,0.5,8.0,8.0,21711.217,27534.55,6811.908,11703.449999999999,13585.55,685.083,416.0,6877.874
P2,949478a58092ae27,"{""policy"":""P2"",""fixed_p"":8,""alpha"":8,""beta"":64,""ef_min"":8,""ef_max"":512}",1000,0.8959,0.5,8.0,8.0,29303.326,36701.799999999996,7574.396,12434.5,14430.01,935.459,448.0,9091.083
P2,8f837e5fab65beab,"{""policy"":""P2"",""fixed_p"":8,""alpha"":16,""beta"":4,""ef_min"":8,""ef_max"":512}",1000,0.895,0.5,8.0,8.0,23130.162,32059.999999999993,9686.651,15912.15,17283.37,806.784,512.0,7463.656
P2,944200383cd94691,"{""policy"":""P2"",""fixed_p"":8,""alpha"":16,""beta"":8,""ef_min"":8,""ef_max"":512}",1000,0.8967999999999999,0.5,8.0,8.0,23873.125,33106.0,9746.565,15927.35,17284.26,829.898,512.0,7648.32
P2,42b992a315fa4229,"{""policy"":""P2"",""fixed_p"":8,""alpha"":16,""beta"":16,""ef_min"":8,""ef_max"":512}",1000,0.8987,0.5,8.0,8.0,25795.501,35428.65,9867.679,16101.2,17287.64,888.908,512.0,8231.976
P2,da72110733effdf8,"{""policy"":""P2"",""fixed_p"":8,""alpha"":16,""beta"":32,""ef_min"":8,""ef_max"":512}",1000,0.9031,0.5,8.0,8.0,29582.931,39716.35,10098.023,16258.149999999998,17550.02,1009.659,512.0,9328.952
P2,c00f7c7a141e42bb,"{""policy"":""P2"",""fixed_p"":8,""alpha"":16,""beta"":64,""ef_min"":8,""ef_max"":512}",1000,0.9084,0.6,8.0,8.0,36612.374,47958.99999999999,10541.356,16413.1,17793.859999999997,1246.354,512.0,11383.347
P2,650edbd67e99346e,"{""policy"":""P2"",""fixed_p"":9,""alpha"":1,""beta"":4,""ef_min"":8,""ef_max"":512}",1000,0.7348,0.2,9.0,9.0,6028.6,7376.05,1296.908,2090.2999999999997,2404.4599999999996,159.356,52.0,2321.299
P2,7c0f35443642d0dd,"{""policy"":""P2"",""fixed_p"":9,""alpha"":1,""beta"":8,""ef_min"":8,""ef_max"":512}",1000,0.7505,0.2,9.0,9.0,6425.073,7742.4,1417.39,2243.2,2572.0699999999997,170.61,56.0,2436.233
P2,aa0817f123239b95,"{""policy"":""P2"",""fixed_p"":9,""alpha"":1,""beta"":16,""ef_min"":8,""ef_max"":512}",1000,0.7814,0.2,9.0,9.0,9055.149,10954.8,1723.647,2567.1499999999996,2905.21,241.65,64.0,3187.259
P2,4cf2f917a86393ba,"{""policy"":""P2"",""fixed_p"":9,""alpha"":1,""beta"":32,""ef_min"":8,""ef_max"":512}",1000,0.8177000000000001,0.3,9.0,9.0,14208.3,17185.05,2383.509,3230.25,3606.04,388.078,80.0,4655.282
P2,b8017e6915d2f845,"{""policy"":""P2"",""fixed_p"":9,""alpha"":1,""beta"":64,""ef_min"":8,""ef_max"":512}",1000,0.8572000000000001,0.4,9.0,9.0,23359.875,28228.0,3681.082,4530.2,4903.15,669.021,112.0,7274.164
P2,9537d48bfd38e829,"{""policy"":""P2"",""fixed_p"":9,""alpha"":2,""beta"":4,""ef_min"":8,""ef_max"":512}",1000,0.7827999999999999,0.2,9.0,9.0,7318.28,9047.0,2090.719,3587.0499999999984,4198.42,200.632,100.0,2698.087
P2,5eeba1f47d7e8e43,"{""policy"":""P2"",""fixed_p"":9,""alpha"":2,""beta"":8,""ef_min"":8,""ef_max"":512}",1000,0.793,0.2,9.0,9.0,7946.037,9706.3,2213.798,3767.1,4384.04,218.09,104.0,2878.879
P2,e230418659af6f26,"{""policy"":""P2"",""fixed_p"":9,""alpha"":2,""beta"":16,""ef_min"":8,""ef_max"":512}",1000,0.8137000000000001,0.3,9.0,9.0,10591.643,13049.55,2474.254,4038.399999999998,4675.34,290.757,112.0,3639.595
P2,1759b279f88d0396,"{""policy"":""P2"",""fixed_p"":9,""alpha"":2,""beta"":32,""ef_min"":8,""ef_max"":512}",1000,0.8381000000000001,0.3,9.0,9.0,15661.494,19088.3,3005.029,4634.5,5241.929999999999,436.897,128.0,5072.396
P2,9fc3d93467202b72,"{""policy"":""P2"",""fixed_p"":9,""alpha"":2,""beta"":64,""ef_min"":8,""ef_max"":512}",1000,0.8675,0.4,9.0,9.0,24716.792,29931.649999999998,4142.023,5732.65,6529.299999999999,717.915,160.0,7665.763
P2,0ca35dff13b5e995,"{""policy"":""P2"",""fixed_p"":9,""alpha"":4,""beta"":4,""ef_min"":8,""ef_max"":512}",1000,0.8262999999999999,0.3,9.0,9.0,10067.739,12619.35,3571.217,6332.449999999999,7483.19,293.492,196.0,3524.176
P2,7ae2e5bf299efef1,"{""policy"":""P2"",""fixed_p"":9,""alpha"":4,""beta"":8,""ef_min"":8,""ef_max"":512}",1000,0.8339,0.3,9.0,9.0,10933.209,13684.65,3677.334,6502.1,7601.45,317.784,200.0,3762.457
P2,f91ca48a9616e4c0,"{""policy"":""P2"",""fixed_p"":9,""alpha"":4,""beta"":16,""ef_min"":8,""ef_max"":512}",1000,0.8461000000000001,0.3950000000000003,9.0,9.0,13465.064,16858.2,3900.235,6735.399999999999,7897.04,389.149,208.0,4505.84
P2,fd32137e602d4edf,"{""policy"":""P2"",""fixed_p"":9,""alpha"":4,""beta"":32,""ef_min"":8,""ef_max"":512}",1000,0.8635,0.4,9.0,9.0,18393.455,22657.1,4352.652,7204.399999999998,8384.03,534.593,224.0,5880.691
P2,880b30be175618ff,"{""policy"":""P2"",""fixed_p"":9,""alpha"":4,""beta"":64,""ef_min"":8,""ef_max"":512}",1000,0.882,0.5,9.0,9.0,27289.951,33336.65,5277.077,8167.249999999999,9367.67,815.883,256.0,8447.287
P2,83afc6fdecc07a3a,"{""policy"":""P2"",""fixed_p"":9,""alpha"":8,""beta"":4,""ef_min"":8,""ef_max"":512}",1000,0.8664,0.4,9.0,9.0,15332.734,19888.75,6141.994,10957.1,12831.089999999998,488.075,388.0,5101.912
P2,a709928aa435aff7,"{""policy"":""P2"",""fixed_p"":9,""alpha"":8,""beta"":8,""ef_min"":8,""ef_max"":512}",1000,0.8703,0.4,9.0,9.0,16283.739,21392.15,6238.298,11099.0,12983.529999999999,515.71,392.0,5379.11
P2,587fc6df9aa18956,"{""policy"":""P2"",""fixed_p"":9,""alpha"":8,""beta"":16,""ef_min"":8,""ef_max"":512}",1000,0.8769,0.4,9.0,9.0,18679.937,24079.3,6429.563,11306.25,13103.719999999998,586.074,400.0,6089.862
P2,722b17070356ebce,"{""policy"":""P2"",""fixed_p"":9,""alpha"":8,""beta"":32,""ef_min"":8,""ef_max"":512}",1000,0.8867,0.5,9.0,9.0,23409.911,29543.5,6811.908,11703.449999999999,13585.55,730.626,416.0,7423.997
P2,97752944641b1ff9,"{""policy"":""P2"",""fixed_p"":9,""alpha"":8,""beta"":64,""ef_min"":8,""ef_max"":512}",1000,0.8995,0.5,9.0,9.0,32053.701,39667.35,7575.228,12434.5,14430.01,1011.845,448.0,9926.572
P2,f3fc1d5297d00b11,"{""policy"":""P2"",""fixed_p"":9,""alpha"":16,""beta"":4,""ef_min"":8,""ef_max"":512}",1000,0.8977,0.5,9.0,9.0,24062.771,33409.1,9686.651,15912.15,17283.37,831.353,512.0,7792.679
P2,31d592d138d6209a,"{""policy"":""P2"",""fixed_p"":9,""alpha"":16,""beta"":8,""ef_min"":8,""ef_max"":512}",1000,0.8996000000000001,0.5,9.0,9.0,24875.396,34670.85,9746.565,15927.35,17284.26,856.229,512.0,7992.727
P2,5e6d4019db011542,"{""policy"":""P2"",""fixed_p"":9,""alpha"":16,""beta"":16,""ef_min"":8,""ef_max"":512}",1000,0.9016000000000001,0.5,9.0,9.0,27088.603,37183.6,9867.679,16101.2,17287.64,922.949,512.0,8657.513
P2,472c3d9a768245a2,"{""policy"":""P2"",""fixed_p"":9,""alpha"":16,""beta"":32,""ef_min"":8,""ef_max"":512}",1000,0.9064,0.6,9.0,9.0,31458.614,42105.95,10098.023,16258.149999999998,17550.02,1059.926,512.0,9921.758
P2,72cd2758d2ab6f41,"{""policy"":""P2"",""fixed_p"":9,""alpha"":16,""beta"":64,""ef_min"":8,""ef_max"":512}",1000,0.912,0.6,9.0,9.0,39524.61,51434.55,10541.48,16413.1,17793.859999999997,1327.429,512.0,12272.817
P2,941c3ef327cc3e5a,"{""policy"":""P2"",""fixed_p"":10,""alpha"":1,""beta"":4,""ef_min"":8,""ef_max"":512}",1000,0.7376,0.2,10.0,10.0,6679.976,8166.05,1303.663,2090.2999999999997,2404.4599999999996,177.299,52.0,2576.46
P2,971a3dcc81e97133,"{""policy"":""P2"",""fixed_p"":10,""alpha"":1,""beta"":8,""ef_min"":8,""ef_max"":512}",1000,0.7533,0.2,10.0,10.0,7076.449,8428.949999999999,1421.367,2243.2,2572.0699999999997,188.553,56.0,2689.256
P2,02e9fe90d55f0e2d,"{""policy"":""P2"",""fixed_p"":10,""alpha"":1,""beta"":16,""ef_min"":8,""ef_max"":512}",1000,0.7848999999999999,0.29500000000000026,10.0,10.0,9996.324,11939.3,1731.346,2567.1499999999996,2905.21,267.06,64.0,3525.665
P2,9902d380ee84f8b9,"{""policy"":""P2"",""fixed_p"":10,""alpha"":1,""beta"":32,""ef_min"":8,""ef_max"":512}",1000,0.8218,0.3,10.0,10.0,15760.576,18952.75,2399.318,3230.25,3606.04,430.034,80.0,5166.603
P2,f7201f56ac62a0bf,"{""policy"":""P2"",""fixed_p"":10,""alpha"":1,""beta"":64,""ef_min"":8,""ef_max"":512}",1000,0.8615,0.4,10.0,10.0,25983.903,31083.2,3709.404,4530.2,4903.15,742.287,112.0,8097.308
P2,5a9b23d5003f748b,"{""policy"":""P2"",""fixed_p"":10,""alpha"":2,""beta"":4,""ef_min"":8,""ef_max"":512}",1000,0.7856000000000001,0.2,10.0,10.0,7969.656,9734.15,2091.158,3587.0499999999984,4198.42,218.575,100.0,2953.325
P2,7410d4336c88a9dd,"{""policy"":""P2"",""fixed_p"":10,""alpha"":2,""beta"":8,""ef_min"":8,""ef_max"":512}",1000,0.796,0.2,10.0,10.0,8604.691,10385.55,2214.399,3767.1,4384.04,236.203,104.0,3133.429
P2,60ae168923f13261,"{""policy"":""P2"",""fixed_p"":10,""alpha"":2,""beta"":16,""ef_min"":8,""ef_max"":512}",1000,0.8172,0.3,10.0,10.0,11551.884,13995.05,2476.413,4038.399999999998,4675.34,316.64,112.0,3982.165
P2,67e1385a0799ff36,"{""policy"":""P2"",""fixed_p"":10,""alpha"":2,""beta"":32,""ef_min"":8,""ef_max"":512}",1000,0.8422000000000001,0.4,10.0,10.0,17229.639,20782.85,3010.135,4634.5,5241.929999999999,479.286,128.0,5587.063
P2,25054e2b790762ba,"{""policy"":""P2"",""fixed_p"":10,""alpha"":2,""beta"":64,""ef_min"":8,""ef_max"":512}",1000,0.8717999999999999,0.5,10.0,10.0,27357.595,32701.3,4158.883,5732.65,6529.299999999999,791.681,160.0,8490.995
P2,aeeddf8c62bf23ad,"{""policy"":""P2"",""fixed_p"":10,""alpha"":4,""beta"":4,""ef_min"":8,""ef_max"":512}",1000,0.8292999999999999,0.3,10.0,10.0,10726.455,13326.3,3571.217,6332.449999999999,7483.19,311.607,196.0,3780.594
P2,faf2dcae2785626c,"{""policy"":""P2"",""fixed_p"":10,""alpha"":4,""beta"":8,""ef_min"":8,""ef_max"":512}",1000,0.8372,0.3,10.0,10.0,11636.667,14380.25,3677.334,6502.1,7601.45,337.021,200.0,4029.618
P2,9b0fdf86dc0e7bfd,"{""policy"":""P2"",""fixed_p"":10,""alpha"":4,""beta"":16,""ef_min"":8,""ef_max"":512}",1000,0.8497,0.4,10.0,10.0,14462.719,17958.75,3900.593,6735.399999999999,7897.04,416.006,208.0,4857.541
P2,c13c468e312e1929,"{""policy"":""P2"",""fixed_p"":10,""alpha"":4,""beta"":32,""ef_min"":8,""ef_max"":512}",1000,0.8676,0.4,10.0,10.0,19993.319,24467.55,4353.574,7204.399999999998,8384.03,577.841,224.0,6404.461
P2,259430bac9ffb7d5,"{""policy"":""P2"",""fixed_p"":10,""alpha"":4,""beta"":64,""ef_min"":8,""ef_max"":512}",1000,0.8863,0.5,10.0,10.0,29961.233,36273.399999999994,5281.704,8167.249999999999,9367.67,890.543,256.0,9284.287
P2,3a0a3ce3dbc3f95b,"{""policy"":""P2"",""fixed_p"":10,""alpha"":8,""beta"":4,""ef_min"":8,""ef_max"":512}",1000,0.8697,0.4,10.0,10.0,16047.294,20602.75,6141.994,10957.1,12831.089999999998,507.575,388.0,5372.075
P2,7da9a6feb30949e1,"{""policy"":""P2"",""fixed_p"":10,""alpha"":8,""beta"":8,""ef_min"":8,""ef_max"":512}",1000,0.8739,0.4,10.0,10.0,17067.263,22143.5,6238.298,11099.0,12983.529999999999,536.94,392.0,5666.663
P2,588fb95e05dae205,"{""policy"":""P2"",""fixed_p"":10,""alpha"":8,""beta"":16,""ef_min"":8,""ef_max"":512}",1000,0.8806,0.5,10.0,10.0,19747.918,25357.0,6429.563,11306.25,13103.719999999998,614.742,400.0,6460.212
P2,933aeb7c8536ea1d,"{""policy"":""P2"",""fixed_p"":10,""alpha"":8,""beta"":32,""ef_min"":8,""ef_max"":512}",1000,0.8907999999999999,0.5,10.0,10.0,25074.444,31304.399999999998,6811.908,11703.449999999999,13585.55,775.662,416.0,7968.485
P2,f63a95fc5dad4126,"{""policy"":""P2"",""fixed_p"":10,""alpha"":8,""beta"":64,""ef_min"":8,""ef_max"":512}",1000,0.9038999999999999,0.5,10.0,10.0,34779.141,42577.5,7576.512,12434.5,14430.01,1088.128,448.0,10775.617
P2,05f27fc8b55875e5,"{""policy"":""P2"",""fixed_p"":10,""alpha"":16,""beta"":4,""ef_min"":8,""ef_max"":512}",1000,0.9012,0.5,10.0,10.0,24929.727,34462.45,9686.651,15912.15,17283.37,854.735,512.0,8104.079
P2,febb1cea4769df14,"{""policy"":""P2"",""fixed_p"":10,""alpha"":16,""beta"":8,""ef_min"":8,""ef_max"":512}",1000,0.9032,0.6,10.0,10.0,25802.959,35929.75,9746.565,15927.35,17284.26,881.183,512.0,8319.975
P2,6ab9f3a87e921014,"{""policy"":""P2"",""fixed_p"":10,""alpha"":16,""beta"":16,""ef_min"":8,""ef_max"":512}",1000,0.9055,0.6,10.0,10.0,28298.468,38621.95,9867.679,16101.2,17287.64,955.401,512.0,9067.277
P2,c7bc730a3aae4a7a,"{""policy"":""P2"",""fixed_p"":10,""alpha"":16,""beta"":32,""ef_min"":8,""ef_max"":512}",1000,0.9105,0.6,10.0,10.0,33252.757,44281.2,10098.023,16258.149999999998,17550.02,1108.588,512.0,10494.981
P2,96923d848ea3c820,"{""policy"":""P2"",""fixed_p"":10,""alpha"":16,""beta"":64,""ef_min"":8,""ef_max"":512}",1000,0.9166,0.6,10.0,10.0,42365.929,54829.24999999999,10541.788,16413.1,17793.859999999997,1407.226,512.0,13153.218
P2,c1af9e616bdc7ae3,"{""policy"":""P2"",""fixed_p"":11,""alpha"":1,""beta"":4,""ef_min"":8,""ef_max"":512}",1000,0.7397,0.2,11.0,11.0,7350.825,8873.699999999999,1310.613,2090.2999999999997,2404.4599999999996,195.868,52.0,2838.113
P2,e9ae3d6e08023b29,"{""policy"":""P2"",""fixed_p"":11,""alpha"":1,""beta"":8,""ef_min"":8,""ef_max"":512}",1000,0.7554,0.2,11.0,11.0,7747.298,9155.35,1426.065,2243.2,2572.0699999999997,207.122,56.0,2951.638
P2,580684e1f6586eeb,"{""policy"":""P2"",""fixed_p"":11,""alpha"":1,""beta"":16,""ef_min"":8,""ef_max"":512}",1000,0.7872,0.3,11.0,11.0,10953.577,12960.15,1737.464,2567.1499999999996,2905.21,292.937,64.0,3873.352
P2,2bed0bcc563db16a,"{""policy"":""P2"",""fixed_p"":11,""alpha"":1,""beta"":32,""ef_min"":8,""ef_max"":512}",1000,0.8248,0.3,11.0,11.0,17346.271,20542.0,2417.157,3230.25,3606.04,472.768,80.0,5692.657
P2,9097843104822630,"{""policy"":""P2"",""fixed_p"":11,""alpha"":1,""beta"":64,""ef_min"":8,""ef_max"":512}",1000,0.8649,0.5,11.0,11.0,28649.996,33780.049999999996,3742.964,4530.2,4903.15,816.3,112.0,8941.199
P2,6746325732368382,"{""policy"":""P2"",""fixed_p"":11,""alpha"":2,""beta"":4,""ef_min"":8,""ef_max"":512}",1000,0.7877000000000001,0.2,11.0,11.0,8640.505,10525.05,2092.303,3587.0499999999984,4198.42,237.144,100.0,3214.978
P2,53e8fa8bd2cb40a3,"{""policy"":""P2"",""fixed_p"":11,""alpha"":2,""beta"":8,""ef_min"":8,""ef_max"":512}",1000,0.798,0.2,11.0,11.0,9280.781,11112.15,2215.157,3767.1,4384.04,254.905,104.0,3397.978
P2,7e8c8575bb9602ab,"{""policy"":""P2"",""fixed_p"":11,""alpha"":2,""beta"":16,""ef_min"":8,""ef_max"":512}",1000,0.8195,0.3,11.0,11.0,12524.653,15031.75,2477.65,4038.399999999998,4675.34,342.913,112.0,4334.129
P2,cec33ce76e51ce04,"{""policy"":""P2"",""fixed_p"":11,""alpha"":2,""beta"":32,""ef_min"":8,""ef_max"":512}",1000,0.8452000000000001,0.4,11.0,11.0,18831.64,22482.1,3016.098,4634.5,5241.929999999999,522.444,128.0,6117.473
P2,7fc3a583fd5efdc0,"{""policy"":""P2"",""fixed_p"":11,""alpha"":2,""beta"":64,""ef_min"":8,""ef_max"":512}",1000,0.8752000000000001,0.5,11.0,11.0,30035.228,35602.85,4176.077,5732.65,6529.299999999999,866.031,160.0,9331.116
P2,b4f9a97cb41ceab6,"{""policy"":""P2"",""fixed_p"":11,""alpha"":4,""beta"":4,""ef_min"":8,""ef_max"":512}",1000,0.8312999999999999,0.3,11.0,11.0,11402.545,13978.3,3571.217,6332.449999999999,7483.19,330.309,196.0,4044.046
P2,5c0c7452af266436,"{""policy"":""P2"",""fixed_p"":11,""alpha"":4,""beta"":8,""ef_min"":8,""ef_max"":512}",1000,0.8393999999999999,0.3,11.0,11.0,12350.733,15207.599999999999,3677.334,6502.1,7601.45,356.628,200.0,4301.667
P2,3f5d0abb4b3dcd8e,"{""policy"":""P2"",""fixed_p"":11,""alpha"":4,""beta"":16,""ef_min"":8,""ef_max"":512}",1000,0.852,0.4,11.0,11.0,15464.583,19054.0,3900.7,6735.399999999999,7897.04,443.0,208.0,5216.287
P2,67c985197705a1d9,"{""policy"":""P2"",""fixed_p"":11,""alpha"":4,""beta"":32,""ef_min"":8,""ef_max"":512}",1000,0.8705,0.4950000000000003,11.0,11.0,21620.301,26353.4,4354.249,7204.399999999998,8384.03,621.653,224.0,6940.932
P2,7e2d7613e80741d9,"{""policy"":""P2"",""fixed_p"":11,""alpha"":4,""beta"":64,""ef_min"":8,""ef_max"":512}",1000,0.8896000000000001,0.5,11.0,11.0,32665.294,39122.1,5286.985,8167.249999999999,9367.67,965.628,256.0,10132.585
P2,e681f6234c059932,"{""policy"":""P2"",""fixed_p"":11,""alpha"":8,""beta"":4,""ef_min"":8,""ef_max"":512}",1000,0.8716,0.4,11.0,11.0,16767.544,21319.1,6141.994,10957.1,12831.089999999998,527.335,388.0,5646.135
P2,6c115af7ee3fcde8,"{""policy"":""P2"",""fixed_p"":11,""alpha"":8,""beta"":8,""ef_min"":8,""ef_max"":512}",1000,0.8757999999999999,0.4,11.0,11.0,17843.381,23019.099999999995,6238.298,11099.0,12983.529999999999,558.086,392.0,5956.735
P2,3f26c477c875408b,"{""policy"":""P2"",""fixed_p"":11,""alpha"":8,""beta"":16,""ef_min"":8,""ef_max"":512}",1000,0.883,0.5,11.0,11.0,20808.918,26542.399999999998,6429.563,11306.25,13103.719999999998,643.216,400.0,6833.555
P2,9c4f7781a7ac7aec,"{""policy"":""P2"",""fixed_p"":11,""alpha"":8,""beta"":32,""ef_min"":8,""ef_max"":512}",1000,0.8937,0.5,11.0,11.0,26753.017,33374.7,6811.908,11703.449999999999,13585.55,820.859,416.0,8518.657
P2,5839dd6957071f5f,"{""policy"":""P2"",""fixed_p"":11,""alpha"":8,""beta"":64,""ef_min"":8,""ef_max"":512}",1000,0.9073,0.6,11.0,11.0,37532.21,45811.4,7577.455,12434.5,14430.01,1164.641,448.0,11641.163
P2,406416a806f23bb6,"{""policy"":""P2"",""fixed_p"":11,""alpha"":16,""beta"":4,""ef_min"":8,""ef_max"":512}",1000,0.9035,0.5950000000000003,11.0,11.0,25770.676,35547.1,9686.651,15912.15,17283.37,877.511,512.0,8412.258
P2,2fb14904ef1d9ac1,"{""policy"":""P2"",""fixed_p"":11,""alpha"":16,""beta"":8,""ef_min"":8,""ef_max"":512}",1000,0.9056000000000001,0.6,11.0,11.0,26698.098,36999.4,9746.565,15927.35,17284.26,905.314,512.0,8640.129
P2,02bfc418be098fec,"{""policy"":""P2"",""fixed_p"":11,""alpha"":16,""beta"":16,""ef_min"":8,""ef_max"":512}",1000,0.9082,0.6,11.0,11.0,29485.026,40308.799999999996,9867.679,16101.2,17287.64,987.121,512.0,9476.833
P2,416bc8aa7556e22b,"{""policy"":""P2"",""fixed_p"":11,""alpha"":16,""beta"":32,""ef_min"":8,""ef_max"":512}",1000,0.9135,0.6,11.0,11.0,35042.362,46423.6,10098.023,16258.149999999998,17550.02,1156.834,512.0,11076.224
P2,009a5846a7094e12,"{""policy"":""P2"",""fixed_p"":11,""alpha"":16,""beta"":64,""ef_min"":8,""ef_max"":512}",1000,0.9201,0.6,11.0,11.0,45210.528,58070.15,10541.788,16413.1,17793.859999999997,1486.42,512.0,14041.351
P2,7a5cb3803f92e123,"{""policy"":""P2"",""fixed_p"":12,""alpha"":1,""beta"":4,""ef_min"":8,""ef_max"":512}",1000,0.7419,0.2,12.0,12.0,8023.606,9593.849999999999,1314.572,2090.2999999999997,2404.4599999999996,214.6,52.0,3100.705
P2,4d4173b67541a711,"{""policy"":""P2"",""fixed_p"":12,""alpha"":1,""beta"":8,""ef_min"":8,""ef_max"":512}",1000,0.7576,0.2,12.0,12.0,8420.079,9956.2,1427.741,2243.2,2572.0699999999997,225.854,56.0,3214.46
P2,1f27d85125e894d6,"{""policy"":""P2"",""fixed_p"":12,""alpha"":1,""beta"":16,""ef_min"":8,""ef_max"":512}",1000,0.7897000000000001,0.3,12.0,12.0,11909.354,13937.599999999999,1741.807,2567.1499999999996,2905.21,318.938,64.0,4217.869
P2,a6459759bf073e4e,"{""policy"":""P2"",""fixed_p"":12,""alpha"":1,""beta"":32,""ef_min"":8,""ef_max"":512}",1000,0.8279,0.3,12.0,12.0,18926.133,22130.95,2432.49,3230.25,3606.04,515.409,80.0,6210.457
P2,d3b1301a40378b5e,"{""policy"":""P2"",""fixed_p"":12,""alpha"":1,""beta"":64,""ef_min"":8,""ef_max"":512}",1000,0.8682000000000001,0.5,12.0,12.0,31301.568,36661.6,3760.551,4530.2,4903.15,890.087,112.0,9765.733
P2,3d584b285c30e936,"{""policy"":""P2"",""fixed_p"":12,""alpha"":2,""beta"":4,""ef_min"":8,""ef_max"":512}",1000,0.7898999999999999,0.2,12.0,12.0,9313.286,11213.449999999999,2092.687,3587.0499999999984,4198.42,255.876,100.0,3477.57
P2,945cab798529b834,"{""policy"":""P2"",""fixed_p"":12,""alpha"":2,""beta"":8,""ef_min"":8,""ef_max"":512}",1000,0.8002,0.3,12.0,12.0,9954.792,11801.449999999999,2215.536,3767.1,4384.04,273.665,104.0,3660.892
P2,5a67d0b709b84f50,"{""policy"":""P2"",""fixed_p"":12,""alpha"":2,""beta"":16,""ef_min"":8,""ef_max"":512}",1000,0.822,0.3,12.0,12.0,13491.198,16057.899999999998,2478.174,4038.399999999998,4675.34,369.176,112.0,4684.633
P2,16ce617342b1cd12,"{""policy"":""P2"",""fixed_p"":12,""alpha"":2,""beta"":32,""ef_min"":8,""ef_max"":512}",1000,0.8482000000000001,0.4,12.0,12.0,20422.98,24223.75,3020.029,4634.5,5241.929999999999,565.38,128.0,6634.784
P2,5bda4f1011f9ddc0,"{""policy"":""P2"",""fixed_p"":12,""alpha"":2,""beta"":64,""ef_min"":8,""ef_max"":512}",1000,0.8785,0.5,12.0,12.0,32697.64,38497.149999999994,4188.199,5732.65,6529.299999999999,940.102,160.0,10162.0
P2,6b1ace485a7d9cee,"{""policy"":""P2"",""fixed_p"":12,""alpha"":4,""beta"":4,""ef_min"":8,""ef_max"":512}",1000,0.8334,0.3,12.0,12.0,12076.556,14683.599999999999,3571.217,6332.449999999999,7483.19,349.069,196.0,4306.764
P2,348ccfbfd51c6308,"{""policy"":""P2"",""fixed_p"":12,""alpha"":4,""beta"":8,""ef_min"":8,""ef_max"":512}",1000,0.8418,0.3,12.0,12.0,13049.84,15926.599999999999,3677.334,6502.1,7601.45,376.004,200.0,4571.314
P2,abe9f05993b537b7,"{""policy"":""P2"",""fixed_p"":12,""alpha"":4,""beta"":16,""ef_min"":8,""ef_max"":512}",1000,0.8545,0.4,12.0,12.0,16455.657,20148.699999999997,3900.7,6735.399999999999,7897.04,469.874,208.0,5573.409
P2,b691fdc587cf173f,"{""policy"":""P2"",""fixed_p"":12,""alpha"":4,""beta"":32,""ef_min"":8,""ef_max"":512}",1000,0.8736,0.5,12.0,12.0,23236.943,28049.45,4354.913,7204.399999999998,8384.03,665.251,224.0,7469.046
P2,b6373453f5c045eb,"{""policy"":""P2"",""fixed_p"":12,""alpha"":4,""beta"":64,""ef_min"":8,""ef_max"":512}",1000,0.8927999999999999,0.5,12.0,12.0,35346.469,42114.45,5290.312,8167.249999999999,9367.67,1040.217,256.0,10966.024
P2,e0381d9d4ccfe93e,"{""policy"":""P2"",""fixed_p"":12,""alpha"":8,""beta"":4,""ef_min"":8,""ef_max"":512}",1000,0.8739,0.4,12.0,12.0,17469.497,22118.55,6141.994,10957.1,12831.089999999998,546.785,388.0,5916.544
P2,7700e554ecfce254,"{""policy"":""P2"",""fixed_p"":12,""alpha"":8,""beta"":8,""ef_min"":8,""ef_max"":512}",1000,0.8783,0.4,12.0,12.0,18599.57,23865.3,6238.298,11099.0,12983.529999999999,578.863,392.0,6244.0
P2,70ac05390a62db10,"{""policy"":""P2"",""fixed_p"":12,""alpha"":8,""beta"":16,""ef_min"":8,""ef_max"":512}",1000,0.8856,0.5,12.0,12.0,21846.396,27678.649999999998,6429.563,11306.25,13103.719999999998,671.239,400.0,7201.665
P2,56f4269c80d42259,"{""policy"":""P2"",""fixed_p"":12,""alpha"":8,""beta"":32,""ef_min"":8,""ef_max"":512}",1000,0.8967,0.5,12.0,12.0,28409.929,35255.25,6811.908,11703.449999999999,13585.55,865.528,416.0,9057.174
P2,73c4a40ef37e3e66,"{""policy"":""P2"",""fixed_p"":12,""alpha"":8,""beta"":64,""ef_min"":8,""ef_max"":512}",1000,0.9105,0.6,12.0,12.0,40252.53,48695.549999999996,7578.37,12434.5,14430.01,1240.361,448.0,12486.497
P2,155157966dd0c4da,"{""policy"":""P2"",""fixed_p"":12,""alpha"":16,""beta"":4,""ef_min"":8,""ef_max"":512}",1000,0.9058999999999999,0.6,12.0,12.0,26578.917,36372.04999999999,9686.651,15912.15,17283.37,899.57,512.0,8712.017
P2,b3794dc6741da489,"{""policy"":""P2"",""fixed_p"":12,""alpha"":16,""beta"":8,""ef_min"":8,""ef_max"":512}",1000,0.9081,0.6,12.0,12.0,27550.953,38198.2,9746.565,15927.35,17284.26,928.479,512.0,8951.394
P2,8f2d08a7eb691ee3,"{""policy"":""P2"",""fixed_p"":12,""alpha"":16,""beta"":16,""ef_min"":8,""ef_max"":512}",1000,0.9108999999999999,0.6,12.0,12.0,30610.6,41810.54999999999,9867.679,16101.2,17287.64,1017.402,512.0,9868.727
P2,a37744a01a018757,"{""policy"":""P2"",""fixed_p"":12,""alpha"":16,""beta"":32,""ef_min"":8,""ef_max"":512}",1000,0.9164,0.6,12.0,12.0,36779.772,48444.45,10098.023,16258.149999999998,17550.02,1203.676,512.0,11636.764
P2,97b7d97b01ba6868,"{""policy"":""P2"",""fixed_p"":12,""alpha"":16,""beta"":64,""ef_min"":8,""ef_max"":512}",1000,0.9231,0.6,12.0,12.0,48006.42,61317.049999999996,10541.788,16413.1,17793.859999999997,1564.28,512.0,14907.926
P2,7305fb396ab1c379,"{""policy"":""P2"",""fixed_p"":13,""alpha"":1,""beta"":4,""ef_min"":8,""ef_max"":512}",1000,0.7429,0.2,13.0,13.0,8693.408,10323.199999999999,1318.446,2090.2999999999997,2404.4599999999996,233.926,52.0,3364.351
P2,39bca1c09d946d42,"{""policy"":""P2"",""fixed_p"":13,""alpha"":1,""beta"":8,""ef_min"":8,""ef_max"":512}",1000,0.7586,0.2,13.0,13.0,9089.881,10649.25,1429.779,2243.2,2572.0699999999997,245.18,56.0,3478.881
P2,be3360354a621769,"{""policy"":""P2"",""fixed_p"":13,""alpha"":1,""beta"":16,""ef_min"":8,""ef_max"":512}",1000,0.7912,0.3,13.0,13.0,12854.987,14919.3,1747.132,2567.1499999999996,2905.21,345.422,64.0,4558.43
P2,02d390564bde4ba0,"{""policy"":""P2"",""fixed_p"":13,""alpha"":1,""beta"":32,""ef_min"":8,""ef_max"":512}",1000,0.8297,0.4,13.0,13.0,20470.968,23718.15,2445.284,3230.25,3606.04,558.255,80.0,6728.975
P2,b995b714b01bce1d,"{""policy"":""P2"",""fixed_p"":13,""alpha"":1,""beta"":64,""ef_min"":8,""ef_max"":512}",1000,0.8706,0.5,13.0,13.0,33899.302,39355.7,3780.784,4530.2,4903.15,964.022,112.0,10590.439
P2,06a563f51d729c1e,"{""policy"":""P2"",""fixed_p"":13,""alpha"":2,""beta"":4,""ef_min"":8,""ef_max"":512}",1000,0.7908999999999999,0.2,13.0,13.0,9983.088,11933.05,2093.238,3587.0499999999984,4198.42,275.202,100.0,3741.216
P2,5f2aeb53044e1740,"{""policy"":""P2"",""fixed_p"":13,""alpha"":2,""beta"":8,""ef_min"":8,""ef_max"":512}",1000,0.8012,0.3,13.0,13.0,10624.945,12521.949999999999,2215.941,3767.1,4384.04,292.999,104.0,3925.17
P2,1ab704538d5a7d15,"{""policy"":""P2"",""fixed_p"":13,""alpha"":2,""beta"":16,""ef_min"":8,""ef_max"":512}",1000,0.8235,0.3,13.0,13.0,14445.616,17062.15,2478.628,4038.399999999998,4675.34,395.871,112.0,5028.229
P2,2a10ba36714dad5c,"{""policy"":""P2"",""fixed_p"":13,""alpha"":2,""beta"":32,""ef_min"":8,""ef_max"":512}",1000,0.85,0.4,13.0,13.0,21975.763,25733.6,3024.51,4634.5,5241.929999999999,608.438,128.0,7154.221
P2,ec0e48d3f89c94fb,"{""policy"":""P2"",""fixed_p"":13,""alpha"":2,""beta"":64,""ef_min"":8,""ef_max"":512}",1000,0.8809,0.5,13.0,13.0,35301.31,41196.1,4198.831,5732.65,6529.299999999999,1014.206,160.0,10986.418
P2,79bd37b6a9d59bc9,"{""policy"":""P2"",""fixed_p"":13,""alpha"":4,""beta"":4,""ef_min"":8,""ef_max"":512}",1000,0.8344,0.3,13.0,13.0,12746.709,15397.55,3571.217,6332.449999999999,7483.19,368.403,196.0,4570.551
P2,60739ebea00864f8,"{""policy"":""P2"",""fixed_p"":13,""alpha"":4,""beta"":8,""ef_min"":8,""ef_max"":512}",1000,0.8429,0.3950000000000003,13.0,13.0,13742.452,16625.2,3677.334,6502.1,7601.45,395.896,200.0,4841.839
P2,82accce0a4e726ad,"{""policy"":""P2"",""fixed_p"":13,""alpha"":4,""beta"":16,""ef_min"":8,""ef_max"":512}",1000,0.856,0.4,13.0,13.0,17426.416,21143.6,3900.7,6735.399999999999,7897.04,496.977,208.0,5921.046
P2,73ab7f3fc349e950,"{""policy"":""P2"",""fixed_p"":13,""alpha"":4,""beta"":32,""ef_min"":8,""ef_max"":512}",1000,0.8755,0.5,13.0,13.0,24806.843,29617.949999999997,4355.547,7204.399999999998,8384.03,708.762,224.0,7994.488
P2,04f6e0c10967a9c0,"{""policy"":""P2"",""fixed_p"":13,""alpha"":4,""beta"":64,""ef_min"":8,""ef_max"":512}",1000,0.8951,0.6,13.0,13.0,37962.071,44781.15,5292.824,8167.249999999999,9367.67,1114.666,256.0,11792.096
P2,0e5081b87635cc63,"{""policy"":""P2"",""fixed_p"":13,""alpha"":8,""beta"":4,""ef_min"":8,""ef_max"":512}",1000,0.875,0.4950000000000003,13.0,13.0,18163.751,22725.3,6141.994,10957.1,12831.089999999998,566.716,388.0,6187.772
P2,1273045b94586937,"{""policy"":""P2"",""fixed_p"":13,""alpha"":8,""beta"":8,""ef_min"":8,""ef_max"":512}",1000,0.8796,0.5,13.0,13.0,19329.52,24640.649999999998,6238.298,11099.0,12983.529999999999,599.671,392.0,6524.548
P2,b8792ca57ed7d7f3,"{""policy"":""P2"",""fixed_p"":13,""alpha"":8,""beta"":16,""ef_min"":8,""ef_max"":512}",1000,0.8871,0.5,13.0,13.0,22849.148,28976.7,6429.563,11306.25,13103.719999999998,699.154,400.0,7559.72
P2,83b288bffbd4743e,"{""policy"":""P2"",""fixed_p"":13,""alpha"":8,""beta"":32,""ef_min"":8,""ef_max"":512}",1000,0.8986000000000001,0.5,13.0,13.0,30010.615,36908.7,6811.908,11703.449999999999,13585.55,909.858,416.0,9588.088
P2,b3b8489cfc96141e,"{""policy"":""P2"",""fixed_p"":13,""alpha"":8,""beta"":64,""ef_min"":8,""ef_max"":512}",1000,0.9126000000000001,0.6,13.0,13.0,42895.134,51576.45,7579.331,12434.5,14430.01,1315.609,448.0,13322.099
P2,7c86f2634965d31f,"{""policy"":""P2"",""fixed_p"":13,""alpha"":16,""beta"":4,""ef_min"":8,""ef_max"":512}",1000,0.9072,0.6,13.0,13.0,27344.519,37292.649999999994,9686.651,15912.15,17283.37,921.266,512.0,9001.228
P2,a5c752016675901c,"{""policy"":""P2"",""fixed_p"":13,""alpha"":16,""beta"":8,""ef_min"":8,""ef_max"":512}",1000,0.9094,0.6,13.0,13.0,28348.562,39272.4,9746.565,15927.35,17284.26,950.985,512.0,9251.611
P2,e15c3fb2b19b0209,"{""policy"":""P2"",""fixed_p"":13,""alpha"":16,""beta"":16,""ef_min"":8,""ef_max"":512}",1000,0.9125,0.6,13.0,13.0,31676.393,43129.59999999999,9867.679,16101.2,17287.64,1046.986,512.0,10242.468
P2,0c80fd6e139cba5e,"{""policy"":""P2"",""fixed_p"":13,""alpha"":16,""beta"":32,""ef_min"":8,""ef_max"":512}",1000,0.9183,0.6,13.0,13.0,38440.138,50540.35,10098.023,16258.149999999998,17550.02,1249.636,512.0,12185.693
P2,0d1f5f655e4bac84,"{""policy"":""P2"",""fixed_p"":13,""alpha"":16,""beta"":64,""ef_min"":8,""ef_max"":512}",1000,0.9251,0.6,13.0,13.0,50702.839,64491.5,10541.788,16413.1,17793.859999999997,1641.129,512.0,15756.341
P2,62f96f194fa13c1d,"{""policy"":""P2"",""fixed_p"":14,""alpha"":1,""beta"":4,""ef_min"":8,""ef_max"":512}",1000,0.744,0.2,14.0,14.0,9371.759,11041.3,1321.992,2090.2999999999997,2404.4599999999996,253.311,52.0,3626.758
P2,de1473e1ff12686b,"{""policy"":""P2"",""fixed_p"":14,""alpha"":1,""beta"":8,""ef_min"":8,""ef_max"":512}",1000,0.7597,0.2,14.0,14.0,9768.232,11359.1,1432.606,2243.2,2572.0699999999997,264.565,56.0,3741.217
P2,63d4abd490bd21a9,"{""policy"":""P2"",""fixed_p"":14,""alpha"":1,""beta"":16,""ef_min"":8,""ef_max"":512}",1000,0.7924,0.3,14.0,14.0,13811.09,15903.1,1752.692,2567.1499999999996,2905.21,371.932,64.0,4902.746
P2,3942a4206be11be8,"{""policy"":""P2"",""fixed_p"":14,""alpha"":1,""beta"":32,""ef_min"":8,""ef_max"":512}",1000,0.8312999999999999,0.4,14.0,14.0,22034.233,25388.149999999998,2457.511,3230.25,3606.04,601.145,80.0,7244.1
P2,3388949374ea8a75,"{""policy"":""P2"",""fixed_p"":14,""alpha"":1,""beta"":64,""ef_min"":8,""ef_max"":512}",1000,0.8723,0.5,14.0,14.0,36534.038,42227.05,3800.757,4530.2,4903.15,1038.218,112.0,11416.053
P2,e31d7f90f81b17f4,"{""policy"":""P2"",""fixed_p"":14,""alpha"":2,""beta"":4,""ef_min"":8,""ef_max"":512}",1000,0.792,0.2,14.0,14.0,10661.439,12681.75,2094.051,3587.0499999999984,4198.42,294.587,100.0,4003.623
P2,840b6e0c5cb52ec1,"{""policy"":""P2"",""fixed_p"":14,""alpha"":2,""beta"":8,""ef_min"":8,""ef_max"":512}",1000,0.8022999999999999,0.3,14.0,14.0,11303.397,13247.449999999999,2216.415,3767.1,4384.04,312.386,104.0,4187.698
P2,be3003dbd88ee867,"{""policy"":""P2"",""fixed_p"":14,""alpha"":2,""beta"":16,""ef_min"":8,""ef_max"":512}",1000,0.8247000000000001,0.3,14.0,14.0,15408.627,18033.199999999997,2479.524,4038.399999999998,4675.34,422.548,112.0,5373.762
P2,50d86fde7746e27c,"{""policy"":""P2"",""fixed_p"":14,""alpha"":2,""beta"":32,""ef_min"":8,""ef_max"":512}",1000,0.8516,0.4,14.0,14.0,23545.384,27305.75,3029.392,4634.5,5241.929999999999,651.497,128.0,7670.161
P2,1a7cbc1a9a862f0b,"{""policy"":""P2"",""fixed_p"":14,""alpha"":2,""beta"":64,""ef_min"":8,""ef_max"":512}",1000,0.8825,0.5,14.0,14.0,37940.512,43988.1,4210.928,5732.65,6529.299999999999,1088.533,160.0,11812.949
P2,a45f4fbb91277d2c,"{""policy"":""P2"",""fixed_p"":14,""alpha"":4,""beta"":4,""ef_min"":8,""ef_max"":512}",1000,0.8355,0.3,14.0,14.0,13425.161,16046.25,3571.217,6332.449999999999,7483.19,387.79,196.0,4832.971
P2,284d35ae03a66df1,"{""policy"":""P2"",""fixed_p"":14,""alpha"":4,""beta"":8,""ef_min"":8,""ef_max"":512}",1000,0.8441000000000001,0.3950000000000003,14.0,14.0,14435.087,17286.85,3677.334,6502.1,7601.45,415.631,200.0,5109.031
P2,8058de3b53f32d87,"{""policy"":""P2"",""fixed_p"":14,""alpha"":4,""beta"":16,""ef_min"":8,""ef_max"":512}",1000,0.8572000000000001,0.4,14.0,14.0,18400.675,22137.3,3900.7,6735.399999999999,7897.04,523.931,208.0,6268.984
P2,4e69af260d325418,"{""policy"":""P2"",""fixed_p"":14,""alpha"":4,""beta"":32,""ef_min"":8,""ef_max"":512}",1000,0.877,0.5,14.0,14.0,26387.851,31249.499999999996,4356.903,7204.399999999998,8384.03,752.114,224.0,8512.974
P2,acf012ba79afe5c9,"{""policy"":""P2"",""fixed_p"":14,""alpha"":4,""beta"":64,""ef_min"":8,""ef_max"":512}",1000,0.8967,0.6,14.0,14.0,40611.296,47581.85,5297.18,8167.249999999999,9367.67,1189.294,256.0,12619.797
P2,75ef6f8c4c33a3bd,"{""policy"":""P2"",""fixed_p"":14,""alpha"":8,""beta"":4,""ef_min"":8,""ef_max"":512}",1000,0.8761,0.5,14.0,14.0,18856.581,23449.35,6141.994,10957.1,12831.089999999998,586.455,388.0,6455.02
P2,a68289291e9f3fd1,"{""policy"":""P2"",""fixed_p"":14,""alpha"":8,""beta"":8,""ef_min"":8,""ef_max"":512}",1000,0.8807,0.5,14.0,14.0,20050.818,25470.649999999998,6238.298,11099.0,12983.529999999999,620.088,392.0,6798.388
P2,378fa9dff8db4e10,"{""policy"":""P2"",""fixed_p"":14,""alpha"":8,""beta"":16,""ef_min"":8,""ef_max"":512}",1000,0.8881,0.5,14.0,14.0,23850.829,29987.5,6429.563,11306.25,13103.719999999998,726.783,400.0,7918.686
P2,192ccc34c2284d89,"{""policy"":""P2"",""fixed_p"":14,""alpha"":8,""beta"":32,""ef_min"":8,""ef_max"":512}",1000,0.9001,0.5,14.0,14.0,31615.979,38465.75,6811.908,11703.449999999999,13585.55,953.861,416.0,10114.552
P2,6bb3df623658dfd2,"{""policy"":""P2"",""fixed_p"":14,""alpha"":8,""beta"":64,""ef_min"":8,""ef_max"":512}",1000,0.914,0.6,14.0,14.0,45566.99,54510.35,7580.17,12434.5,14430.01,1390.853,448.0,14153.738
P2,9e4a9a724b659b8e,"{""policy"":""P2"",""fixed_p"":14,""alpha"":16,""beta"":4,""ef_min"":8,""ef_max"":512}",1000,0.9083,0.6,14.0,14.0,28090.826,38286.049999999996,9686.651,15912.15,17283.37,942.303,512.0,9280.521
P2,ac877b086bd1493e,"{""policy"":""P2"",""fixed_p"":14,""alpha"":16,""beta"":8,""ef_min"":8,""ef_max"":512}",1000,0.9104,0.6,14.0,14.0,29121.809,40137.399999999994,9746.565,15927.35,17284.26,972.687,512.0,9541.677
P2,9498a8e8d45d985f,"{""policy"":""P2"",""fixed_p"":14,""alpha"":16,""beta"":16,""ef_min"":8,""ef_max"":512}",1000,0.9135,0.6,14.0,14.0,32725.407,44567.15,9867.679,16101.2,17287.64,1075.824,512.0,10611.153
P2,0b906946be6eb699,"{""policy"":""P2"",""fixed_p"":14,""alpha"":16,""beta"":32,""ef_min"":8,""ef_max"":512}",1000,0.9197000000000001,0.6,14.0,14.0,40086.487,52385.399999999994,10098.023,16258.149999999998,17550.02,1294.767,512.0,12724.898
P2,bfb40e46057ae293,"{""policy"":""P2"",""fixed_p"":14,""alpha"":16,""beta"":64,""ef_min"":8,""ef_max"":512}",1000,0.9266,0.6,14.0,14.0,53412.767,67662.95,10541.788,16413.1,17793.859999999997,1717.477,512.0,16600.915
P2,1193687189e9abe6,"{""policy"":""P2"",""fixed_p"":15,""alpha"":1,""beta"":4,""ef_min"":8,""ef_max"":512}",1000,0.7451,0.2,15.0,15.0,10054.433,11770.1,1325.91,2090.2999999999997,2404.4599999999996,272.928,52.0,3892.825
P2,24dec503a61eff7d,"{""policy"":""P2"",""fixed_p"":15,""alpha"":1,""beta"":8,""ef_min"":8,""ef_max"":512}",1000,0.7607999999999999,0.2,15.0,15.0,10450.906,12088.55,1434.668,2243.2,2572.0699999999997,284.182,56.0,4007.464
P2,3daf0f7153e26061,"{""policy"":""P2"",""fixed_p"":15,""alpha"":1,""beta"":16,""ef_min"":8,""ef_max"":512}",1000,0.7938999999999999,0.3,15.0,15.0,14763.495,16917.15,1757.645,2567.1499999999996,2905.21,398.469,64.0,5249.684
P2,b99189219b10150b,"{""policy"":""P2"",""fixed_p"":15,""alpha"":1,""beta"":32,""ef_min"":8,""ef_max"":512}",1000,0.833,0.4,15.0,15.0,23603.612,26836.35,2470.419,3230.25,3606.04,644.296,80.0,7769.842
P2,ec0c52a9af27456a,"{""policy"":""P2"",""fixed_p"":15,""alpha"":1,""beta"":64,""ef_min"":8,""ef_max"":512}",1000,0.8741,0.5,15.0,15.0,39162.651,44583.899999999994,3816.709,4535.2,4903.15,1112.332,112.0,12260.192
P2,33cceaded0a4133d,"{""policy"":""P2"",""fixed_p"":15,""alpha"":2,""beta"":4,""ef_min"":8,""ef_max"":512}",1000,0.793,0.2,15.0,15.0,11344.113,13397.8,2094.487,3587.0499999999984,4198.42,314.204,100.0,4269.69
P2,4ba347c2f4a08944,"{""policy"":""P2"",""fixed_p"":15,""alpha"":2,""beta"":8,""ef_min"":8,""ef_max"":512}",1000,0.8032999999999999,0.3,15.0,15.0,11986.071,13892.449999999999,2216.639,3767.1,4384.04,332.003,104.0,4453.399
P2,1823095ad55acddc,"{""policy"":""P2"",""fixed_p"":15,""alpha"":2,""beta"":16,""ef_min"":8,""ef_max"":512}",1000,0.8261000000000001,0.3,15.0,15.0,16366.11,19008.15,2480.636,4038.399999999998,4675.34,449.223,112.0,5722.575
P2,ddaef65407451f9a,"{""policy"":""P2"",""fixed_p"":15,""alpha"":2,""beta"":32,""ef_min"":8,""ef_max"":512}",1000,0.8532000000000001,0.4,15.0,15.0,25118.02,28904.15,3033.65,4634.5,5241.929999999999,694.742,128.0,8195.776
P2,968043c84b55e1b4,"{""policy"":""P2"",""fixed_p"":15,""alpha"":2,""beta"":64,""ef_min"":8,""ef_max"":512}",1000,0.8843,0.5,15.0,15.0,40572.03,46500.8,4220.534,5732.65,6529.299999999999,1162.723,160.0,12655.722
P2,c52a401c89372c00,"{""policy"":""P2"",""fixed_p"":15,""alpha"":4,""beta"":4,""ef_min"":8,""ef_max"":512}",1000,0.8365,0.3,15.0,15.0,14107.835,16746.3,3571.217,6332.449999999999,7483.19,407.407,196.0,5099.038
P2,2dbd96cee20a4253,"{""policy"":""P2"",""fixed_p"":15,""alpha"":4,""beta"":8,""ef_min"":8,""ef_max"":512}",1000,0.8452999999999999,0.4,15.0,15.0,15129.356,18072.899999999998,3677.334,6502.1,7601.45,435.537,200.0,5377.714
P2,ff8edb0ce68d3e90,"{""policy"":""P2"",""fixed_p"":15,""alpha"":4,""beta"":16,""ef_min"":8,""ef_max"":512}",1000,0.8583999999999999,0.4,15.0,15.0,19364.891,23117.55,3900.931,6735.399999999999,7897.04,550.777,208.0,6619.339
P2,0da0cf6c6888d769,"{""policy"":""P2"",""fixed_p"":15,""alpha"":4,""beta"":32,""ef_min"":8,""ef_max"":512}",1000,0.8787,0.5,15.0,15.0,27967.898,32760.25,4357.337,7204.399999999998,8384.03,795.567,224.0,9040.637
P2,7d387563fb595d18,"{""policy"":""P2"",""fixed_p"":15,""alpha"":4,""beta"":64,""ef_min"":8,""ef_max"":512}",1000,0.8985,0.6,15.0,15.0,43248.87,50167.6,5301.458,8167.249999999999,9367.67,1263.666,256.0,13466.35
P2,b5287c197a1dce56,"{""policy"":""P2"",""fixed_p"":15,""alpha"":8,""beta"":4,""ef_min"":8,""ef_max"":512}",1000,0.8772000000000001,0.5,15.0,15.0,19550.85,24157.25,6141.994,10957.1,12831.089999999998,606.361,388.0,6723.703
P2,58aefc11220e76db,"{""policy"":""P2"",""fixed_p"":15,""alpha"":8,""beta"":8,""ef_min"":8,""ef_max"":512}",1000,0.8817999999999999,0.5,15.0,15.0,20766.344,26190.3,6238.298,11099.0,12983.529999999999,640.532,392.0,7073.755
P2,4431443ff9c1b1c2,"{""policy"":""P2"",""fixed_p"":15,""alpha"":8,""beta"":16,""ef_min"":8,""ef_max"":512}",1000,0.8894,0.5,15.0,15.0,24834.385,31005.899999999998,6429.563,11306.25,13103.719999999998,754.135,400.0,8274.188
P2,daa3f33f0c19254d,"{""policy"":""P2"",""fixed_p"":15,""alpha"":8,""beta"":32,""ef_min"":8,""ef_max"":512}",1000,0.9017999999999999,0.6,15.0,15.0,33213.892,40222.15,6811.908,11703.449999999999,13585.55,997.799,416.0,10646.517
P2,2dc4c2fdfd4af28f,"{""policy"":""P2"",""fixed_p"":15,""alpha"":8,""beta"":64,""ef_min"":8,""ef_max"":512}",1000,0.9158,0.6,15.0,15.0,48218.28,57136.0,7580.17,12434.5,14430.01,1465.639,448.0,15005.162
P2,3a278f12a62a912c,"{""policy"":""P2"",""fixed_p"":15,""alpha"":16,""beta"":4,""ef_min"":8,""ef_max"":512}",1000,0.9094,0.6,15.0,15.0,28823.338,39120.09999999999,9686.651,15912.15,17283.37,963.19,512.0,9559.585
P2,305e1be624bf450e,"{""policy"":""P2"",""fixed_p"":15,""alpha"":16,""beta"":8,""ef_min"":8,""ef_max"":512}",1000,0.9116000000000001,0.6,15.0,15.0,29873.661,41017.1,9746.565,15927.35,17284.26,994.08,512.0,9825.888
P2,6bfbd682a06c9564,"{""policy"":""P2"",""fixed_p"":15,""alpha"":16,""beta"":16,""ef_min"":8,""ef_max"":512}",1000,0.9148999999999999,0.6,15.0,15.0,33741.003,45529.5,9867.679,16101.2,17287.64,1104.035,512.0,10975.136
P2,2e72f39b396e0e42,"{""policy"":""P2"",""fixed_p"":15,""alpha"":16,""beta"":32,""ef_min"":8,""ef_max"":512}",1000,0.9213,0.6,15.0,15.0,41715.658,54019.299999999996,10098.023,16258.149999999998,17550.02,1339.573,512.0,13265.239
P2,5266af6d0ef4e42c,"{""policy"":""P2"",""fixed_p"":15,""alpha"":16,""beta"":64,""ef_min"":8,""ef_max"":512}",1000,0.9284,0.6,15.0,15.0,56094.632,69995.7,10541.788,16413.1,17793.859999999997,1793.168,512.0,17459.509
P2,d29623778d6ed46c,"{""policy"":""P2"",""fixed_p"":16,""alpha"":1,""beta"":4,""ef_min"":8,""ef_max"":512}",1000,0.7456,0.2,16.0,16.0,10761.448,12524.15,1332.14,2090.2999999999997,2404.4599999999996,293.002,52.0,4169.339
P2,188408073397299f,"{""policy"":""P2"",""fixed_p"":16,""alpha"":1,""beta"":8,""ef_min"":8,""ef_max"":512}",1000,0.7613,0.2,16.0,16.0,11157.921,12800.449999999999,1438.935,2243.2,2572.0699999999997,304.256,56.0,4283.182
P2,e8bdd3525a69764b,"{""policy"":""P2"",""fixed_p"":16,""alpha"":1,""beta"":16,""ef_min"":8,""ef_max"":512}",1000,0.7947000000000001,0.3,16.0,16.0,15749.515,17974.05,1762.875,2567.1499999999996,2905.21,425.481,64.0,5604.255
P2,232511264e97d6b5,"{""policy"":""P2"",""fixed_p"":16,""alpha"":1,""beta"":32,""ef_min"":8,""ef_max"":512}",1000,0.8341000000000001,0.4,16.0,16.0,25232.772,28629.45,2482.95,3230.25,3606.04,688.109,80.0,8311.687
P2,6c035a053cdd4ab6,"{""policy"":""P2"",""fixed_p"":16,""alpha"":1,""beta"":64,""ef_min"":8,""ef_max"":512}",1000,0.8754,0.5,16.0,16.0,41894.159,47330.799999999996,3840.77,4539.549999999999,4903.15,1187.103,112.0,13125.854
P2,7957e681fc97e045,"{""policy"":""P2"",""fixed_p"":16,""alpha"":2,""beta"":4,""ef_min"":8,""ef_max"":512}",1000,0.7935,0.2,16.0,16.0,12051.128,14139.5,2095.351,3587.0499999999984,4198.42,334.278,100.0,4546.204
P2,7d7b22516c105ea4,"{""policy"":""P2"",""fixed_p"":16,""alpha"":2,""beta"":8,""ef_min"":8,""ef_max"":512}",1000,0.8038,0.3,16.0,16.0,12693.086,14712.25,2217.09,3767.1,4384.04,352.077,104.0,4729.857
P2,ca7d74c9103f873c,"{""policy"":""P2"",""fixed_p"":16,""alpha"":2,""beta"":16,""ef_min"":8,""ef_max"":512}",1000,0.8269,0.3,16.0,16.0,17356.054,19977.649999999998,2481.538,4038.399999999998,4675.34,476.32,112.0,6078.969
P2,644339b30ce24622,"{""policy"":""P2"",""fixed_p"":16,""alpha"":2,""beta"":32,""ef_min"":8,""ef_max"":512}",1000,0.8543,0.4,16.0,16.0,26749.446,30511.399999999998,3039.912,4634.5,5241.929999999999,738.611,128.0,8738.568
P2,d578689bcb8e86a4,"{""policy"":""P2"",""fixed_p"":16,""alpha"":2,""beta"":64,""ef_min"":8,""ef_max"":512}",1000,0.8856,0.5,16.0,16.0,43305.767,49169.1,4236.049,5732.65,6529.299999999999,1237.562,160.0,13521.165
P2,8d1646e80034b879,"{""policy"":""P2"",""fixed_p"":16,""alpha"":4,""beta"":4,""ef_min"":8,""ef_max"":512}",1000,0.837,0.3,16.0,16.0,14814.85,17450.1,3571.217,6332.449999999999,7483.19,427.481,196.0,5375.552
P2,83d803dc551989ca,"{""policy"":""P2"",""fixed_p"":16,""alpha"":4,""beta"":8,""ef_min"":8,""ef_max"":512}",1000,0.8458,0.4,16.0,16.0,15842.042,18754.749999999996,3677.334,6502.1,7601.45,455.752,200.0,5655.255
P2,e55651b354682be3,"{""policy"":""P2"",""fixed_p"":16,""alpha"":4,""beta"":16,""ef_min"":8,""ef_max"":512}",1000,0.8592000000000001,0.4,16.0,16.0,20359.799,24102.3,3900.931,6735.399999999999,7897.04,577.993,208.0,6976.021
P2,89a970763e83ebc2,"{""policy"":""P2"",""fixed_p"":16,""alpha"":4,""beta"":32,""ef_min"":8,""ef_max"":512}",1000,0.8797999999999999,0.5,16.0,16.0,29603.742,34525.2,4358.171,7204.399999999998,8384.03,839.545,224.0,9583.695
P2,7225663eb8e702af,"{""policy"":""P2"",""fixed_p"":16,""alpha"":4,""beta"":64,""ef_min"":8,""ef_max"":512}",1000,0.8997999999999999,0.6,16.0,16.0,45987.048,52694.35,5305.179,8167.249999999999,9367.67,1338.629,256.0,14332.354
P2,dd7a3b9ea39e9c0d,"{""policy"":""P2"",""fixed_p"":16,""alpha"":8,""beta"":4,""ef_min"":8,""ef_max"":512}",1000,0.8777,0.5,16.0,16.0,20263.536,24870.15,6141.994,10957.1,12831.089999999998,626.576,388.0,7001.244
P2,bae2e32d58e2ecab,"{""policy"":""P2"",""fixed_p"":16,""alpha"":8,""beta"":8,""ef_min"":8,""ef_max"":512}",1000,0.8824,0.5,16.0,16.0,21488.973,26931.85,6238.298,11099.0,12983.529999999999,660.992,392.0,7353.816
P2,43ceaac1ec092683,"{""policy"":""P2"",""fixed_p"":16,""alpha"":8,""beta"":16,""ef_min"":8,""ef_max"":512}",1000,0.8902,0.5,16.0,16.0,25840.613,31990.3,6429.563,11306.25,13103.719999999998,781.646,400.0,8634.858
P2,f5bd121099250b76,"{""policy"":""P2"",""fixed_p"":16,""alpha"":8,""beta"":32,""ef_min"":8,""ef_max"":512}",1000,0.9027999999999999,0.6,16.0,16.0,34860.909,41900.25,6811.908,11703.449999999999,13585.55,1042.076,416.0,11192.266
P2,31bbea0176539bb8,"{""policy"":""P2"",""fixed_p"":16,""alpha"":8,""beta"":64,""ef_min"":8,""ef_max"":512}",1000,0.917,0.6,16.0,16.0,50965.305,59568.8,7580.36,12434.5,14430.01,1540.842,448.0,15875.198
P2,4f160026ceffab2c,"{""policy"":""P2"",""fixed_p"":16,""alpha"":16,""beta"":4,""ef_min"":8,""ef_max"":512}",1000,0.91,0.6,16.0,16.0,29557.542,39982.59999999999,9686.651,15912.15,17283.37,983.919,512.0,9842.039
P2,7c3ec30181835b4b,"{""policy"":""P2"",""fixed_p"":16,""alpha"":16,""beta"":8,""ef_min"":8,""ef_max"":512}",1000,0.9122,0.6,16.0,16.0,30619.185,41802.6,9746.565,15927.35,17284.26,1015.104,512.0,10112.33
P2,f8699b31c3b101a4,"{""policy"":""P2"",""fixed_p"":16,""alpha"":16,""beta"":16,""ef_min"":8,""ef_max"":512}",1000,0.9157000000000001,0.6,16.0,16.0,34768.513,46709.55,9867.679,16101.2,17287.64,1132.081,512.0,11340.847
P2,1114e004bbbd7d97,"{""policy"":""P2"",""fixed_p"":16,""alpha"":16,""beta"":32,""ef_min"":8,""ef_max"":512}",1000,0.9223,0.6,16.0,16.0,43379.125,55782.049999999996,10098.023,16258.149999999998,17550.02,1384.281,512.0,13816.164
P2,e8afd1f5d2b25e36,"{""policy"":""P2"",""fixed_p"":16,""alpha"":16,""beta"":64,""ef_min"":8,""ef_max"":512}",1000,0.9296,0.6,16.0,16.0,58858.327,72931.5,10541.788,16413.1,17793.859999999997,1868.865,512.0,18333.146
P2,15c7b6b53f0256d6,"{""policy"":""P2"",""fixed_p"":17,""alpha"":1,""beta"":4,""ef_min"":8,""ef_max"":512}",1000,0.7469,0.2,17.0,17.0,11449.505,13214.4,1337.491,2090.2999999999997,2404.4599999999996,313.383,52.0,4444.459
P2,010d968feb470d74,"{""policy"":""P2"",""fixed_p"":17,""alpha"":1,""beta"":8,""ef_min"":8,""ef_max"":512}",1000,0.7626000000000001,0.2,17.0,17.0,11845.978,13544.35,1442.595,2243.2,2572.0699999999997,324.637,56.0,4558.281
P2,dbad67f229788130,"{""policy"":""P2"",""fixed_p"":17,""alpha"":1,""beta"":16,""ef_min"":8,""ef_max"":512}",1000,0.7961,0.3,17.0,17.0,16700.895,18930.55,1767.117,2567.1499999999996,2905.21,452.678,64.0,5959.673
P2,98b2c90550c1b859,"{""policy"":""P2"",""fixed_p"":17,""alpha"":1,""beta"":32,""ef_min"":8,""ef_max"":512}",1000,0.8362,0.4,17.0,17.0,26782.102,30305.1,2490.306,3230.25,3606.04,731.854,80.0,8842.664
P2,f4b36bca23f00acb,"{""policy"":""P2"",""fixed_p"":17,""alpha"":1,""beta"":64,""ef_min"":8,""ef_max"":512}",1000,0.8777999999999999,0.5,17.0,17.0,44475.42,49798.95,3853.591,4539.549999999999,4903.15,1261.693,112.0,13960.675
P2,70e06c17c1a02fb8,"{""policy"":""P2"",""fixed_p"":17,""alpha"":2,""beta"":4,""ef_min"":8,""ef_max"":512}",1000,0.7948,0.29500000000000026,17.0,17.0,12739.185,14886.75,2095.72,3587.0499999999984,4198.42,354.659,100.0,4821.324
P2,bf1c38e65835d6e5,"{""policy"":""P2"",""fixed_p"":17,""alpha"":2,""beta"":8,""ef_min"":8,""ef_max"":512}",1000,0.8051,0.3,17.0,17.0,13381.143,15397.05,2217.329,3767.1,4384.04,372.458,104.0,5004.756
P2,cc3f1a30568b4c20,"{""policy"":""P2"",""fixed_p"":17,""alpha"":2,""beta"":16,""ef_min"":8,""ef_max"":512}",1000,0.8282999999999999,0.3,17.0,17.0,18308.892,20980.05,2482.121,4038.399999999998,4675.34,503.549,112.0,6434.574
P2,7caee28dceb1c425,"{""policy"":""P2"",""fixed_p"":17,""alpha"":2,""beta"":32,""ef_min"":8,""ef_max"":512}",1000,0.8563999999999999,0.4,17.0,17.0,28300.148,32176.899999999998,3042.432,4634.5,5241.929999999999,782.391,128.0,9270.324
P2,6cbea6421666dc18,"{""policy"":""P2"",""fixed_p"":17,""alpha"":2,""beta"":64,""ef_min"":8,""ef_max"":512}",1000,0.888,0.5,17.0,17.0,45888.472,51750.799999999996,4244.843,5732.65,6529.299999999999,1312.198,160.0,14354.459
P2,24a15d0f30f7304b,"{""policy"":""P2"",""fixed_p"":17,""alpha"":4,""beta"":4,""ef_min"":8,""ef_max"":512}",1000,0.8382999999999999,0.3,17.0,17.0,15502.907,18196.0,3571.217,6332.449999999999,7483.19,447.862,196.0,5650.672
P2,fb978df9e492d73c,"{""policy"":""P2"",""fixed_p"":17,""alpha"":4,""beta"":8,""ef_min"":8,""ef_max"":512}",1000,0.8471000000000001,0.4,17.0,17.0,16534.373,19473.55,3677.334,6502.1,7601.45,476.23,200.0,5931.731
P2,e1edf616a3c2178b,"{""policy"":""P2"",""fixed_p"":17,""alpha"":4,""beta"":16,""ef_min"":8,""ef_max"":512}",1000,0.8606,0.4,17.0,17.0,21315.084,25039.649999999998,3900.931,6735.399999999999,7897.04,605.283,208.0,7333.157
P2,bb306dd410343d62,"{""policy"":""P2"",""fixed_p"":17,""alpha"":4,""beta"":32,""ef_min"":8,""ef_max"":512}",1000,0.8819,0.5,17.0,17.0,31157.329,36043.7,4358.79,7204.399999999998,8384.03,883.402,224.0,10117.291
P2,ed3969fa259f1d70,"{""policy"":""P2"",""fixed_p"":17,""alpha"":4,""beta"":64,""ef_min"":8,""ef_max"":512}",1000,0.9022,0.6,17.0,17.0,48571.897,55376.1,5307.306,8167.249999999999,9367.67,1413.321,256.0,15167.375
P2,11387e25b24fbe99,"{""policy"":""P2"",""fixed_p"":17,""alpha"":8,""beta"":4,""ef_min"":8,""ef_max"":512}",1000,0.879,0.5,17.0,17.0,20955.867,25577.399999999998,6141.994,10957.1,12831.089999999998,647.054,388.0,7277.72
P2,3a3fd8e31a9b0428,"{""policy"":""P2"",""fixed_p"":17,""alpha"":8,""beta"":8,""ef_min"":8,""ef_max"":512}",1000,0.8837,0.5,17.0,17.0,22188.77,27570.2,6238.298,11099.0,12983.529999999999,681.649,392.0,7632.281
P2,0e2fdc67a67a6142,"{""policy"":""P2"",""fixed_p"":17,""alpha"":8,""beta"":16,""ef_min"":8,""ef_max"":512}",1000,0.8916000000000001,0.5,17.0,17.0,26802.727,33041.45,6429.563,11306.25,13103.719999999998,809.102,400.0,8993.731
P2,bd135efae0ce4e21,"{""policy"":""P2"",""fixed_p"":17,""alpha"":8,""beta"":32,""ef_min"":8,""ef_max"":512}",1000,0.9048999999999999,0.6,17.0,17.0,36417.871,43419.95,6811.908,11703.449999999999,13585.55,1086.023,416.0,11725.557
P2,495286f57d9682f5,"{""policy"":""P2"",""fixed_p"":17,""alpha"":8,""beta"":64,""ef_min"":8,""ef_max"":512}",1000,0.9194,0.6,17.0,17.0,53554.394,62315.25,7580.746,12434.5,14430.01,1615.657,448.0,16710.186
P2,4df963fab8921864,"{""policy"":""P2"",""fixed_p"":17,""alpha"":16,""beta"":4,""ef_min"":8,""ef_max"":512}",1000,0.9113,0.6,17.0,17.0,30262.509,40527.84999999999,9686.651,15912.15,17283.37,1004.705,512.0,10122.387
P2,c1b837998aa85d54,"{""policy"":""P2"",""fixed_p"":17,""alpha"":16,""beta"":8,""ef_min"":8,""ef_max"":512}",1000,0.9135,0.6,17.0,17.0,31330.981,42374.7,9746.565,15927.35,17284.26,1036.056,512.0,10394.415
P2,ea608fbb5563005f,"{""policy"":""P2"",""fixed_p"":17,""alpha"":16,""beta"":16,""ef_min"":8,""ef_max"":512}",1000,0.9172,0.6,17.0,17.0,35741.267,47602.5,9867.679,16101.2,17287.64,1159.797,512.0,11702.263
P2,8fe35e1c4046a092,"{""policy"":""P2"",""fixed_p"":17,""alpha"":16,""beta"":32,""ef_min"":8,""ef_max"":512}",1000,0.9245,0.6,17.0,17.0,44946.66,57224.7,10098.023,16258.149999999998,17550.02,1428.503,512.0,14353.287
P2,5e37c985ee620892,"{""policy"":""P2"",""fixed_p"":17,""alpha"":16,""beta"":64,""ef_min"":8,""ef_max"":512}",1000,0.932,0.7,17.0,17.0,61458.877,75396.09999999999,10541.788,16413.1,17793.859999999997,1943.999,512.0,19172.267
P2,e1bae98709d02384,"{""policy"":""P2"",""fixed_p"":18,""alpha"":1,""beta"":4,""ef_min"":8,""ef_max"":512}",1000,0.7486,0.2,18.0,18.0,12131.171,13968.449999999999,1341.425,2090.2999999999997,2404.4599999999996,333.801,52.0,4711.827
P2,c040a222af937873,"{""policy"":""P2"",""fixed_p"":18,""alpha"":1,""beta"":8,""ef_min"":8,""ef_max"":512}",1000,0.7643,0.2,18.0,18.0,12527.644,14292.2,1444.703,2243.2,2572.0699999999997,345.055,56.0,4825.939
P2,74314317dae8008d,"{""policy"":""P2"",""fixed_p"":18,""alpha"":1,""beta"":16,""ef_min"":8,""ef_max"":512}",1000,0.7978999999999999,0.3,18.0,18.0,17655.41,19958.4,1770.539,2567.1499999999996,2905.21,480.21,64.0,6308.122
P2,2c4ac655ba2c759b,"{""policy"":""P2"",""fixed_p"":18,""alpha"":1,""beta"":32,""ef_min"":8,""ef_max"":512}",1000,0.8382000000000001,0.4,18.0,18.0,28319.328,31775.0,2495.716,3230.25,3606.04,775.542,80.0,9360.998
P2,90566c0c8b26ed36,"{""policy"":""P2"",""fixed_p"":18,""alpha"":1,""beta"":64,""ef_min"":8,""ef_max"":512}",1000,0.8799,0.5,18.0,18.0,47047.439,52541.149999999994,3860.098,4539.549999999999,4903.15,1336.471,112.0,14789.896
P2,b8c9582d2a60719a,"{""policy"":""P2"",""fixed_p"":18,""alpha"":2,""beta"":4,""ef_min"":8,""ef_max"":512}",1000,0.7965,0.3,18.0,18.0,13420.851,15584.849999999999,2095.765,3587.0499999999984,4198.42,375.077,100.0,5088.692
P2,a0ea7c896219580e,"{""policy"":""P2"",""fixed_p"":18,""alpha"":2,""beta"":8,""ef_min"":8,""ef_max"":512}",1000,0.8067000000000001,0.3,18.0,18.0,14062.809,16109.8,2217.329,3767.1,4384.04,392.876,104.0,5272.046
P2,c815addc9b0ec6aa,"{""policy"":""P2"",""fixed_p"":18,""alpha"":2,""beta"":16,""ef_min"":8,""ef_max"":512}",1000,0.8301000000000001,0.3,18.0,18.0,19263.838,21975.1,2482.547,4038.399999999998,4675.34,531.09,112.0,6783.503
P2,299e073f285d41e5,"{""policy"":""P2"",""fixed_p"":18,""alpha"":2,""beta"":32,""ef_min"":8,""ef_max"":512}",1000,0.8583999999999999,0.4,18.0,18.0,29837.825,33740.1,3044.698,4634.5,5241.929999999999,826.088,128.0,9789.006
P2,10ce7762398ec3ee,"{""policy"":""P2"",""fixed_p"":18,""alpha"":2,""beta"":64,""ef_min"":8,""ef_max"":512}",1000,0.8901,0.5,18.0,18.0,48461.229,54406.25,4247.838,5732.65,6529.299999999999,1386.994,160.0,15183.524
P2,94274ab312e537e4,"{""policy"":""P2"",""fixed_p"":18,""alpha"":4,""beta"":4,""ef_min"":8,""ef_max"":512}",1000,0.8399,0.3950000000000003,18.0,18.0,16184.573,18944.949999999997,3571.217,6332.449999999999,7483.19,468.28,196.0,5918.04
P2,8b1bfb3570b70771,"{""policy"":""P2"",""fixed_p"":18,""alpha"":4,""beta"":8,""ef_min"":8,""ef_max"":512}",1000,0.8487,0.4,18.0,18.0,17217.234,20230.35,3677.334,6502.1,7601.45,496.682,200.0,6199.487
P2,f16c4e865b47cb84,"{""policy"":""P2"",""fixed_p"":18,""alpha"":4,""beta"":16,""ef_min"":8,""ef_max"":512}",1000,0.8623999999999999,0.4,18.0,18.0,22271.633,26039.7,3900.931,6735.399999999999,7897.04,632.875,208.0,7682.366
P2,045cffb4e268ad49,"{""policy"":""P2"",""fixed_p"":18,""alpha"":4,""beta"":32,""ef_min"":8,""ef_max"":512}",1000,0.8839,0.5,18.0,18.0,32696.315,37460.1,4359.297,7204.399999999998,8384.03,927.133,224.0,10636.054
P2,d7c98fdb6da3e11a,"{""policy"":""P2"",""fixed_p"":18,""alpha"":4,""beta"":64,""ef_min"":8,""ef_max"":512}",1000,0.9043,0.6,18.0,18.0,51146.205,57807.3,5307.723,8167.249999999999,9367.67,1488.152,256.0,15997.228
P2,bb826b84c5869f0c,"{""policy"":""P2"",""fixed_p"":18,""alpha"":8,""beta"":4,""ef_min"":8,""ef_max"":512}",1000,0.8806,0.5,18.0,18.0,21638.728,26291.649999999998,6141.994,10957.1,12831.089999999998,667.506,388.0,7545.476
P2,46792ba656eaf539,"{""policy"":""P2"",""fixed_p"":18,""alpha"":8,""beta"":8,""ef_min"":8,""ef_max"":512}",1000,0.8853,0.5,18.0,18.0,22874.244,28365.25,6238.298,11099.0,12983.529999999999,702.169,392.0,7901.012
P2,e1318fa959d323f4,"{""policy"":""P2"",""fixed_p"":18,""alpha"":8,""beta"":16,""ef_min"":8,""ef_max"":512}",1000,0.8934,0.5,18.0,18.0,27761.325,33889.35,6429.563,11306.25,13103.719999999998,836.744,400.0,9343.27
P2,92e54560c3aeec17,"{""policy"":""P2"",""fixed_p"":18,""alpha"":8,""beta"":32,""ef_min"":8,""ef_max"":512}",1000,0.9068999999999999,0.6,18.0,18.0,37958.353,44912.7,6811.908,11703.449999999999,13585.55,1129.798,416.0,12244.649
P2,4b4e6535212b6a8f,"{""policy"":""P2"",""fixed_p"":18,""alpha"":8,""beta"":64,""ef_min"":8,""ef_max"":512}",1000,0.9215,0.6,18.0,18.0,56129.689,64872.85,7580.746,12434.5,14430.01,1690.518,448.0,17540.011
P2,080def81022b295d,"{""policy"":""P2"",""fixed_p"":18,""alpha"":16,""beta"":4,""ef_min"":8,""ef_max"":512}",1000,0.9128999999999999,0.6,18.0,18.0,30950.2,41397.399999999994,9686.651,15912.15,17283.37,1025.291,512.0,10391.435
P2,93a4d12f18143eaf,"{""policy"":""P2"",""fixed_p"":18,""alpha"":16,""beta"":8,""ef_min"":8,""ef_max"":512}",1000,0.9151,0.6,18.0,18.0,32020.721,43219.25,9746.565,15927.35,17284.26,1056.692,512.0,10663.793
P2,c4f3bf178edd7f57,"{""policy"":""P2"",""fixed_p"":18,""alpha"":16,""beta"":16,""ef_min"":8,""ef_max"":512}",1000,0.919,0.6,18.0,18.0,36704.371,48519.15,9867.679,16101.2,17287.64,1187.553,512.0,12053.505
P2,985abc335f38698b,"{""policy"":""P2"",""fixed_p"":18,""alpha"":16,""beta"":32,""ef_min"":8,""ef_max"":512}",1000,0.9265,0.6,18.0,18.0,46490.742,58762.1,10098.023,16258.149999999998,17550.02,1472.374,512.0,14873.261
P2,0c2db3dc1721a6fb,"{""policy"":""P2"",""fixed_p"":18,""alpha"":16,""beta"":64,""ef_min"":8,""ef_max"":512}",1000,0.9341,0.7,18.0,18.0,64037.876,78143.25,10541.788,16413.1,17793.859999999997,2018.969,512.0,20003.177
P2,e4233bf88cb659cd,"{""policy"":""P2"",""fixed_p"":19,""alpha"":1,""beta"":4,""ef_min"":8,""ef_max"":512}",1000,0.7505,0.2,19.0,19.0,12800.81,14706.2,1346.237,2090.2999999999997,2404.4599999999996,354.014,52.0,4976.617
P2,2695234633396502,"{""policy"":""P2"",""fixed_p"":19,""alpha"":1,""beta"":8,""ef_min"":8,""ef_max"":512}",1000,0.7662,0.2,19.0,19.0,13197.283,14989.25,1448.44,2243.2,2572.0699999999997,365.268,56.0,5090.766
P2,d8f3391225aaf19f,"{""policy"":""P2"",""fixed_p"":19,""alpha"":1,""beta"":16,""ef_min"":8,""ef_max"":512}",1000,0.7998,0.3,19.0,19.0,18576.85,20873.5,1774.289,2567.1499999999996,2905.21,507.152,64.0,6647.41
P2,3fcb9a9be368af31,"{""policy"":""P2"",""fixed_p"":19,""alpha"":1,""beta"":32,""ef_min"":8,""ef_max"":512}",1000,0.8401000000000001,0.4,19.0,19.0,29839.372,33345.399999999994,2503.766,3230.25,3606.04,819.272,80.0,9871.109
P2,a475473dd54efc65,"{""policy"":""P2"",""fixed_p"":19,""alpha"":1,""beta"":64,""ef_min"":8,""ef_max"":512}",1000,0.8822000000000001,0.5,19.0,19.0,49560.026,55056.55,3869.537,4558.05,4903.15,1410.656,112.0,15590.761
P2,8e77434df76a92cd,"{""policy"":""P2"",""fixed_p"":19,""alpha"":2,""beta"":4,""ef_min"":8,""ef_max"":512}",1000,0.7984,0.3,19.0,19.0,14090.49,16304.25,2097.454,3587.0499999999984,4198.42,395.29,100.0,5353.482
P2,aa367a0d12eeaba1,"{""policy"":""P2"",""fixed_p"":19,""alpha"":2,""beta"":8,""ef_min"":8,""ef_max"":512}",1000,0.8086,0.3,19.0,19.0,14732.448,16872.649999999998,2218.578,3767.1,4384.04,413.089,104.0,5536.909
P2,4111d5c45ba5aaad,"{""policy"":""P2"",""fixed_p"":19,""alpha"":2,""beta"":16,""ef_min"":8,""ef_max"":512}",1000,0.8319,0.3,19.0,19.0,20185.525,22927.05,2483.887,4038.399999999998,4675.34,558.042,112.0,7122.909
P2,490e4ab07a485d9c,"{""policy"":""P2"",""fixed_p"":19,""alpha"":2,""beta"":32,""ef_min"":8,""ef_max"":512}",1000,0.8603,0.4,19.0,19.0,31358.124,35277.6,3048.343,4634.5,5241.929999999999,869.825,128.0,10299.192
P2,05f2aca1d14d6775,"{""policy"":""P2"",""fixed_p"":19,""alpha"":2,""beta"":64,""ef_min"":8,""ef_max"":512}",1000,0.8924,0.6,19.0,19.0,50973.865,57048.05,4253.156,5732.65,6529.299999999999,1461.181,160.0,15984.735
P2,87520a239581a2b6,"{""policy"":""P2"",""fixed_p"":19,""alpha"":4,""beta"":4,""ef_min"":8,""ef_max"":512}",1000,0.8418,0.4,19.0,19.0,16854.212,19678.699999999997,3571.536,6332.449999999999,7483.19,488.493,196.0,6182.83
P2,fa1f8dd000f72f17,"{""policy"":""P2"",""fixed_p"":19,""alpha"":4,""beta"":8,""ef_min"":8,""ef_max"":512}",1000,0.8506,0.4,19.0,19.0,17887.573,20910.55,3677.586,6502.1,7601.45,516.916,200.0,6464.42
P2,444283b4e146ed05,"{""policy"":""P2"",""fixed_p"":19,""alpha"":4,""beta"":16,""ef_min"":8,""ef_max"":512}",1000,0.8642000000000001,0.4,19.0,19.0,23193.848,27022.95,3901.269,6735.399999999999,7897.04,659.844,208.0,8022.177
P2,5b04fcea5b4196b0,"{""policy"":""P2"",""fixed_p"":19,""alpha"":4,""beta"":32,""ef_min"":8,""ef_max"":512}",1000,0.8859,0.5,19.0,19.0,34217.783,39057.19999999999,4360.731,7204.399999999998,8384.03,970.9,224.0,11147.229
P2,df3d5600c75dc6d3,"{""policy"":""P2"",""fixed_p"":19,""alpha"":4,""beta"":64,""ef_min"":8,""ef_max"":512}",1000,0.9066000000000001,0.6,19.0,19.0,53659.545,60536.35,5309.679,8167.249999999999,9367.67,1562.362,256.0,16798.882
P2,ef76e76635c13a4f,"{""policy"":""P2"",""fixed_p"":19,""alpha"":8,""beta"":4,""ef_min"":8,""ef_max"":512}",1000,0.8824,0.5,19.0,19.0,22309.067,27019.0,6141.994,10957.1,12831.089999999998,687.74,388.0,7810.409
P2,a1a1351e13ba2e16,"{""policy"":""P2"",""fixed_p"":19,""alpha"":8,""beta"":8,""ef_min"":8,""ef_max"":512}",1000,0.8871,0.5,19.0,19.0,23545.125,28931.399999999994,6238.298,11099.0,12983.529999999999,722.419,392.0,8166.265
P2,04a9f85901570446,"{""policy"":""P2"",""fixed_p"":19,""alpha"":8,""beta"":16,""ef_min"":8,""ef_max"":512}",1000,0.8951,0.5,19.0,19.0,28684.509,34920.15,6429.563,11306.25,13103.719999999998,863.74,400.0,9683.128
P2,1f4942ac43ae8c5c,"{""policy"":""P2"",""fixed_p"":19,""alpha"":8,""beta"":32,""ef_min"":8,""ef_max"":512}",1000,0.9088999999999999,0.6,19.0,19.0,39480.216,46569.05,6811.908,11703.449999999999,13585.55,1173.578,416.0,12755.431
P2,8755662c95235120,"{""policy"":""P2"",""fixed_p"":19,""alpha"":8,""beta"":64,""ef_min"":8,""ef_max"":512}",1000,0.9238,0.6,19.0,19.0,58643.599,67495.05,7580.746,12434.5,14430.01,1764.753,448.0,18341.771
P2,22d2ec78bdd98919,"{""policy"":""P2"",""fixed_p"":19,""alpha"":16,""beta"":4,""ef_min"":8,""ef_max"":512}",1000,0.9147000000000001,0.6,19.0,19.0,31622.089,42041.6,9686.651,15912.15,17283.37,1045.573,512.0,10657.129
P2,e73a50faed83be60,"{""policy"":""P2"",""fixed_p"":19,""alpha"":16,""beta"":8,""ef_min"":8,""ef_max"":512}",1000,0.9168,0.6,19.0,19.0,32693.579,43862.799999999996,9746.565,15927.35,17284.26,1077.001,512.0,10929.534
P2,186dee9c478fe1ac,"{""policy"":""P2"",""fixed_p"":19,""alpha"":16,""beta"":16,""ef_min"":8,""ef_max"":512}",1000,0.9207000000000001,0.6,19.0,19.0,37628.937,49405.1,9867.679,16101.2,17287.64,1214.588,512.0,12393.416
P2,6f1a477aab92c5cd,"{""policy"":""P2"",""fixed_p"":19,""alpha"":16,""beta"":32,""ef_min"":8,""ef_max"":512}",1000,0.9285,0.6,19.0,19.0,48013.626,60194.4,10098.023,16258.149999999998,17550.02,1516.188,512.0,15384.033
P2,0bb187940b3f3d17,"{""policy"":""P2"",""fixed_p"":19,""alpha"":16,""beta"":64,""ef_min"":8,""ef_max"":512}",1000,0.9364,0.7,19.0,19.0,66553.007,80553.7,10541.788,16413.1,17793.859999999997,2093.247,512.0,20805.267
P2,38df1e4b5b50783f,"{""policy"":""P2"",""fixed_p"":20,""alpha"":1,""beta"":4,""ef_min"":8,""ef_max"":512}",1000,0.7514,0.2,20.0,20.0,13469.578,15377.9,1347.581,2090.2999999999997,2404.4599999999996,374.48,52.0,5243.038
P2,c209a45a50f510c9,"{""policy"":""P2"",""fixed_p"":20,""alpha"":1,""beta"":8,""ef_min"":8,""ef_max"":512}",1000,0.7671,0.2,20.0,20.0,13866.051,15720.55,1449.442,2243.2,2572.0699999999997,385.734,56.0,5357.116
P2,8b9959567347aeb2,"{""policy"":""P2"",""fixed_p"":20,""alpha"":1,""beta"":16,""ef_min"":8,""ef_max"":512}",1000,0.801,0.3,20.0,20.0,19508.483,21918.3,1776.933,2567.1499999999996,2905.21,534.623,64.0,6989.108
P2,fd7820ddd8be799e,"{""policy"":""P2"",""fixed_p"":20,""alpha"":1,""beta"":32,""ef_min"":8,""ef_max"":512}",1000,0.8415,0.4,20.0,20.0,31343.47,35029.4,2507.825,3230.25,3606.04,862.984,80.0,10383.916
P2,c9a14023177aaeab,"{""policy"":""P2"",""fixed_p"":20,""alpha"":1,""beta"":64,""ef_min"":8,""ef_max"":512}",1000,0.8837,0.5,20.0,20.0,52054.336,57731.1,3877.426,4559.5,4903.15,1485.092,112.0,16402.478
P2,7cdb25f72a6e5afe,"{""policy"":""P2"",""fixed_p"":20,""alpha"":2,""beta"":4,""ef_min"":8,""ef_max"":512}",1000,0.7992999999999999,0.3,20.0,20.0,14759.258,17014.25,2097.454,3587.0499999999984,4198.42,415.756,100.0,5619.903
P2,869fe34efc5c43b9,"{""policy"":""P2"",""fixed_p"":20,""alpha"":2,""beta"":8,""ef_min"":8,""ef_max"":512}",1000,0.8095,0.3,20.0,20.0,15401.216,17558.7,2218.578,3767.1,4384.04,433.555,104.0,5803.174
P2,aff4c8a7fbf547ca,"{""policy"":""P2"",""fixed_p"":20,""alpha"":2,""beta"":16,""ef_min"":8,""ef_max"":512}",1000,0.8331000000000001,0.3950000000000003,20.0,20.0,21117.217,24015.25,2484.356,4038.399999999998,4675.34,585.514,112.0,7464.63
P2,34be7ad4c85ef81e,"{""policy"":""P2"",""fixed_p"":20,""alpha"":2,""beta"":32,""ef_min"":8,""ef_max"":512}",1000,0.8617,0.4,20.0,20.0,32862.253,36980.9,3049.418,4634.5,5241.929999999999,913.538,128.0,10811.847
P2,cfb31453a87aa4ec,"{""policy"":""P2"",""fixed_p"":20,""alpha"":2,""beta"":64,""ef_min"":8,""ef_max"":512}",1000,0.8939,0.6,20.0,20.0,53468.196,59511.049999999996,4256.89,5732.65,6529.299999999999,1535.618,160.0,16796.138
P2,80c11d343a17f1dd,"{""policy"":""P2"",""fixed_p"":20,""alpha"":4,""beta"":4,""ef_min"":8,""ef_max"":512}",1000,0.8427,0.4,20.0,20.0,17522.98,20364.35,3571.536,6332.449999999999,7483.19,508.959,196.0,6449.251
P2,c3b9b78387309be8,"{""policy"":""P2"",""fixed_p"":20,""alpha"":4,""beta"":8,""ef_min"":8,""ef_max"":512}",1000,0.8515,0.4,20.0,20.0,18556.547,21642.899999999998,3677.586,6502.1,7601.45,537.386,200.0,6730.806
P2,0d1b5919037b51d4,"{""policy"":""P2"",""fixed_p"":20,""alpha"":4,""beta"":16,""ef_min"":8,""ef_max"":512}",1000,0.8654,0.4,20.0,20.0,24125.849,28104.45,3901.269,6735.399999999999,7897.04,687.324,208.0,8363.946
P2,4195884a002adceb,"{""policy"":""P2"",""fixed_p"":20,""alpha"":4,""beta"":32,""ef_min"":8,""ef_max"":512}",1000,0.8873,0.5,20.0,20.0,35721.944,40834.399999999994,4360.731,7204.399999999998,8384.03,1014.614,224.0,11659.907
P2,e7d3d2621ec7bc3f,"{""policy"":""P2"",""fixed_p"":20,""alpha"":4,""beta"":64,""ef_min"":8,""ef_max"":512}",1000,0.9081,0.6,20.0,20.0,56154.429,63270.05,5311.052,8167.249999999999,9367.67,1636.814,256.0,17610.602
P2,a822abdb75ba3347,"{""policy"":""P2"",""fixed_p"":20,""alpha"":8,""beta"":4,""ef_min"":8,""ef_max"":512}",1000,0.8833,0.5,20.0,20.0,22978.041,27675.899999999998,6141.994,10957.1,12831.089999999998,708.21,388.0,8076.795
P2,5c2ec377d868f5a2,"{""policy"":""P2"",""fixed_p"":20,""alpha"":8,""beta"":8,""ef_min"":8,""ef_max"":512}",1000,0.888,0.5,20.0,20.0,24214.512,29774.5,6238.298,11099.0,12983.529999999999,742.898,392.0,8432.693
P2,88967be34382b3d4,"{""policy"":""P2"",""fixed_p"":20,""alpha"":8,""beta"":16,""ef_min"":8,""ef_max"":512}",1000,0.8963,0.5,20.0,20.0,29616.73,35955.85,6429.563,11306.25,13103.719999999998,891.225,400.0,10024.906
P2,8517995726d62670,"{""policy"":""P2"",""fixed_p"":20,""alpha"":8,""beta"":32,""ef_min"":8,""ef_max"":512}",1000,0.9103,0.6,20.0,20.0,40984.587,48171.45,6811.908,11703.449999999999,13585.55,1217.298,416.0,13268.382
P2,77a940adc9754886,"{""policy"":""P2"",""fixed_p"":20,""alpha"":8,""beta"":64,""ef_min"":8,""ef_max"":512}",1000,0.9252999999999999,0.6,20.0,20.0,61138.483,70202.8,7580.746,12434.5,14430.01,1839.205,448.0,19153.366
P2,46e27e1be57117c4,"{""policy"":""P2"",""fixed_p"":20,""alpha"":16,""beta"":4,""ef_min"":8,""ef_max"":512}",1000,0.9156,0.6,20.0,20.0,32291.903,42776.7,9686.651,15912.15,17283.37,1066.062,512.0,10923.684
P2,a9a765ec51a8501f,"{""policy"":""P2"",""fixed_p"":20,""alpha"":16,""beta"":8,""ef_min"":8,""ef_max"":512}",1000,0.9177000000000001,0.6,20.0,20.0,33363.613,44463.45,9746.565,15927.35,17284.26,1097.495,512.0,11196.098
P2,963488a3c5eb12b6,"{""policy"":""P2"",""fixed_p"":20,""alpha"":16,""beta"":16,""ef_min"":8,""ef_max"":512}",1000,0.9218999999999999,0.6,20.0,20.0,38561.997,50611.55,9867.679,16101.2,17287.64,1242.093,512.0,12735.412
P2,0999efe377bdc0d1,"{""policy"":""P2"",""fixed_p"":20,""alpha"":16,""beta"":32,""ef_min"":8,""ef_max"":512}",1000,0.9299,0.6,20.0,20.0,49519.16,61926.4,10098.023,16258.149999999998,17550.02,1559.936,512.0,15897.419
P2,756cb4c3d2b23362,"{""policy"":""P2"",""fixed_p"":20,""alpha"":16,""beta"":64,""ef_min"":8,""ef_max"":512}",1000,0.9379,0.7,20.0,20.0,69048.318,83393.7,10541.788,16413.1,17793.859999999997,2167.711,512.0,21617.221
P2,1611382ce99850df,"{""policy"":""P2"",""fixed_p"":21,""alpha"":1,""beta"":4,""ef_min"":8,""ef_max"":512}",1000,0.7525,0.2,21.0,21.0,14129.132,16089.1,1349.883,2090.2999999999997,2404.4599999999996,395.269,52.0,5506.851
P2,d183e78e5258877b,"{""policy"":""P2"",""fixed_p"":21,""alpha"":1,""beta"":8,""ef_min"":8,""ef_max"":512}",1000,0.7682,0.2,21.0,21.0,14525.605,16386.1,1450.516,2243.2,2572.0699999999997,406.523,56.0,5620.929
P2,5106e47c683632fe,"{""policy"":""P2"",""fixed_p"":21,""alpha"":1,""beta"":16,""ef_min"":8,""ef_max"":512}",1000,0.802,0.3,21.0,21.0,20415.885,22921.45,1779.504,2567.1499999999996,2905.21,562.233,64.0,7329.196
P2,931594ffb4378024,"{""policy"":""P2"",""fixed_p"":21,""alpha"":1,""beta"":32,""ef_min"":8,""ef_max"":512}",1000,0.8426,0.4,21.0,21.0,32800.171,36629.65,2511.956,3230.25,3606.04,906.737,80.0,10881.94
P2,16375fb653810d3e,"{""policy"":""P2"",""fixed_p"":21,""alpha"":1,""beta"":64,""ef_min"":8,""ef_max"":512}",1000,0.885,0.5,21.0,21.0,54474.822,60622.15,3885.176,4559.5,4903.15,1559.78,112.0,17196.637
P2,09f6e21fa76e078b,"{""policy"":""P2"",""fixed_p"":21,""alpha"":2,""beta"":4,""ef_min"":8,""ef_max"":512}",1000,0.8004,0.3,21.0,21.0,15418.812,17673.899999999998,2097.837,3587.0499999999984,4198.42,436.545,100.0,5883.716
P2,9a95de84b176b950,"{""policy"":""P2"",""fixed_p"":21,""alpha"":2,""beta"":8,""ef_min"":8,""ef_max"":512}",1000,0.8105,0.3,21.0,21.0,16060.77,18222.75,2218.875,3767.1,4384.04,454.344,104.0,6066.987
P2,777a73bf18ffbc35,"{""policy"":""P2"",""fixed_p"":21,""alpha"":2,""beta"":16,""ef_min"":8,""ef_max"":512}",1000,0.8341000000000001,0.4,21.0,21.0,22024.619,24967.45,2484.978,4038.399999999998,4675.34,613.124,112.0,7804.718
P2,812be01c1bdcb766,"{""policy"":""P2"",""fixed_p"":21,""alpha"":2,""beta"":32,""ef_min"":8,""ef_max"":512}",1000,0.8627999999999999,0.5,21.0,21.0,34318.954,38534.649999999994,3050.888,4634.5,5241.929999999999,957.291,128.0,11309.871
P2,a3d0b9e766430800,"{""policy"":""P2"",""fixed_p"":21,""alpha"":2,""beta"":64,""ef_min"":8,""ef_max"":512}",1000,0.8952,0.6,21.0,21.0,55888.682,62250.35,4261.639,5732.65,6529.299999999999,1610.306,160.0,17590.297
P2,c79496009601e384,"{""policy"":""P2"",""fixed_p"":21,""alpha"":4,""beta"":4,""ef_min"":8,""ef_max"":512}",1000,0.8437,0.4,21.0,21.0,18182.534,21035.45,3571.536,6332.449999999999,7483.19,529.748,196.0,6713.064
P2,9c4611fb589c3f0a,"{""policy"":""P2"",""fixed_p"":21,""alpha"":4,""beta"":8,""ef_min"":8,""ef_max"":512}",1000,0.8525,0.4,21.0,21.0,19216.101,22317.55,3677.586,6502.1,7601.45,558.175,200.0,6994.619
P2,5120fec7915c37bf,"{""policy"":""P2"",""fixed_p"":21,""alpha"":4,""beta"":16,""ef_min"":8,""ef_max"":512}",1000,0.8664,0.4,21.0,21.0,25033.251,29002.699999999997,3901.347,6735.399999999999,7897.04,714.934,208.0,8704.034
P2,b6a2ca2aad0b9957,"{""policy"":""P2"",""fixed_p"":21,""alpha"":4,""beta"":32,""ef_min"":8,""ef_max"":512}",1000,0.8884,0.5,21.0,21.0,37178.645,42388.5,4360.87,7204.399999999998,8384.03,1058.367,224.0,12157.931
P2,c1848d28deef7551,"{""policy"":""P2"",""fixed_p"":21,""alpha"":4,""beta"":64,""ef_min"":8,""ef_max"":512}",1000,0.9094,0.6,21.0,21.0,58574.915,65923.25,5313.485,8167.249999999999,9367.67,1711.502,256.0,18404.761
P2,cd016d1fee0ab7a4,"{""policy"":""P2"",""fixed_p"":21,""alpha"":8,""beta"":4,""ef_min"":8,""ef_max"":512}",1000,0.8843,0.5,21.0,21.0,23637.595,28426.149999999998,6141.994,10957.1,12831.089999999998,728.999,388.0,8340.608
P2,43418d713c62d63a,"{""policy"":""P2"",""fixed_p"":21,""alpha"":8,""beta"":8,""ef_min"":8,""ef_max"":512}",1000,0.889,0.5,21.0,21.0,24874.066,30492.55,6238.298,11099.0,12983.529999999999,763.687,392.0,8696.506
P2,21100b3c0d961fc8,"{""policy"":""P2"",""fixed_p"":21,""alpha"":8,""beta"":16,""ef_min"":8,""ef_max"":512}",1000,0.8973,0.5,21.0,21.0,30524.132,36890.95,6429.563,11306.25,13103.719999999998,918.835,400.0,10364.994
P2,a91e00395cf4483b,"{""policy"":""P2"",""fixed_p"":21,""alpha"":8,""beta"":32,""ef_min"":8,""ef_max"":512}",1000,0.9114,0.6,21.0,21.0,42441.288,49750.9,6811.908,11703.449999999999,13585.55,1261.051,416.0,13766.406
P2,bc7280cfeb7bb3c1,"{""policy"":""P2"",""fixed_p"":21,""alpha"":8,""beta"":64,""ef_min"":8,""ef_max"":512}",1000,0.9266,0.6,21.0,21.0,63558.969,72982.45,7582.159,12434.5,14430.01,1913.893,448.0,19947.525
P2,81eff85206f02ee5,"{""policy"":""P2"",""fixed_p"":21,""alpha"":16,""beta"":4,""ef_min"":8,""ef_max"":512}",1000,0.9165,0.6,21.0,21.0,32951.457,43564.899999999994,9686.651,15912.15,17283.37,1086.851,512.0,11187.497
P2,e181d4ef09543a51,"{""policy"":""P2"",""fixed_p"":21,""alpha"":16,""beta"":8,""ef_min"":8,""ef_max"":512}",1000,0.9186,0.6,21.0,21.0,34023.167,45158.24999999999,9746.565,15927.35,17284.26,1118.284,512.0,11459.911
P2,2e1f2e2e0cdca9b4,"{""policy"":""P2"",""fixed_p"":21,""alpha"":16,""beta"":16,""ef_min"":8,""ef_max"":512}",1000,0.9228,0.6,21.0,21.0,39469.399,51568.4,9867.679,16101.2,17287.64,1269.703,512.0,13075.5
P2,1e03cee570e54a4b,"{""policy"":""P2"",""fixed_p"":21,""alpha"":16,""beta"":32,""ef_min"":8,""ef_max"":512}",1000,0.9309,0.6,21.0,21.0,50975.861,63429.6,10098.023,16258.149999999998,17550.02,1603.689,512.0,16395.443
P2,a5209c7b43a4bc7e,"{""policy"":""P2"",""fixed_p"":21,""alpha"":16,""beta"":64,""ef_min"":8,""ef_max"":512}",1000,0.9391,0.7,21.0,21.0,71468.804,86197.15,10541.788,16413.1,17793.859999999997,2242.399,512.0,22411.38
P2,8ba8b25b53aa2b0f,"{""policy"":""P2"",""fixed_p"":22,""alpha"":1,""beta"":4,""ef_min"":8,""ef_max"":512}",1000,0.7537,0.2,22.0,22.0,14764.897,16707.35,1351.722,2090.2999999999997,2404.4599999999996,415.761,52.0,5756.428
P2,1af504205838ff7f,"{""policy"":""P2"",""fixed_p"":22,""alpha"":1,""beta"":8,""ef_min"":8,""ef_max"":512}",1000,0.7694,0.2,22.0,22.0,15161.37,17010.35,1451.567,2243.2,2572.0699999999997,427.015,56.0,5870.506
P2,e2205ead2e2dacab,"{""policy"":""P2"",""fixed_p"":22,""alpha"":1,""beta"":16,""ef_min"":8,""ef_max"":512}",1000,0.8034,0.3,22.0,22.0,21292.018,23832.449999999997,1782.457,2567.1499999999996,2905.21,589.565,64.0,7648.38
P2,0de161f478099995,"{""policy"":""P2"",""fixed_p"":22,""alpha"":1,""beta"":32,""ef_min"":8,""ef_max"":512}",1000,0.8443999999999999,0.4,22.0,22.0,34215.415,38123.7,2516.937,3230.25,3606.04,950.338,80.0,11355.619
P2,a42cb6ce078b657c,"{""policy"":""P2"",""fixed_p"":22,""alpha"":1,""beta"":64,""ef_min"":8,""ef_max"":512}",1000,0.8869,0.6,22.0,22.0,56799.625,62916.15,3888.89,4559.5,4903.15,1633.99,112.0,17941.979
P2,04b7fedb2db07b2b,"{""policy"":""P2"",""fixed_p"":22,""alpha"":2,""beta"":4,""ef_min"":8,""ef_max"":512}",1000,0.8016,0.3,22.0,22.0,16054.577,18321.45,2098.126,3587.0499999999984,4198.42,457.037,100.0,6133.293
P2,af24f1aff8b3075f,"{""policy"":""P2"",""fixed_p"":22,""alpha"":2,""beta"":8,""ef_min"":8,""ef_max"":512}",1000,0.8116,0.3,22.0,22.0,16696.535,18889.35,2219.057,3767.1,4384.04,474.836,104.0,6316.564
P2,eb145aaa6e3a7f35,"{""policy"":""P2"",""fixed_p"":22,""alpha"":2,""beta"":16,""ef_min"":8,""ef_max"":512}",1000,0.8355,0.4,22.0,22.0,22900.752,25890.45,2485.904,4038.399999999998,4675.34,640.456,112.0,8123.902
P2,7b28fda65bb7a035,"{""policy"":""P2"",""fixed_p"":22,""alpha"":2,""beta"":32,""ef_min"":8,""ef_max"":512}",1000,0.8646,0.5,22.0,22.0,35734.198,40124.2,3052.725,4634.5,5241.929999999999,1000.892,128.0,11783.55
P2,14dbc0971a36f39f,"{""policy"":""P2"",""fixed_p"":22,""alpha"":2,""beta"":64,""ef_min"":8,""ef_max"":512}",1000,0.8971,0.6,22.0,22.0,58213.485,64834.1,4262.577,5732.65,6529.299999999999,1684.516,160.0,18335.639
P2,c6943bd341278260,"{""policy"":""P2"",""fixed_p"":22,""alpha"":4,""beta"":4,""ef_min"":8,""ef_max"":512}",1000,0.8448,0.4,22.0,22.0,18818.299,21724.05,3571.536,6332.449999999999,7483.19,550.24,196.0,6962.641
P2,7c42417540a50b83,"{""policy"":""P2"",""fixed_p"":22,""alpha"":4,""beta"":8,""ef_min"":8,""ef_max"":512}",1000,0.8536,0.4,22.0,22.0,19851.866,23020.149999999998,3677.586,6502.1,7601.45,578.667,200.0,7244.196
P2,626e35a0be5d5a59,"{""policy"":""P2"",""fixed_p"":22,""alpha"":4,""beta"":16,""ef_min"":8,""ef_max"":512}",1000,0.8677999999999999,0.4,22.0,22.0,25909.384,30016.0,3901.347,6735.399999999999,7897.04,742.266,208.0,9023.218
P2,edf1a63f76cbba5e,"{""policy"":""P2"",""fixed_p"":22,""alpha"":4,""beta"":32,""ef_min"":8,""ef_max"":512}",1000,0.8902,0.5,22.0,22.0,38593.889,43954.299999999996,4361.058,7204.399999999998,8384.03,1101.968,224.0,12631.61
P2,c3853c3ebd859ec2,"{""policy"":""P2"",""fixed_p"":22,""alpha"":4,""beta"":64,""ef_min"":8,""ef_max"":512}",1000,0.9113,0.6,22.0,22.0,60899.718,68339.95,5313.875,8167.249999999999,9367.67,1785.712,256.0,19150.103
P2,35cc9762ddc4bf4f,"{""policy"":""P2"",""fixed_p"":22,""alpha"":8,""beta"":4,""ef_min"":8,""ef_max"":512}",1000,0.8854,0.5,22.0,22.0,24273.36,29055.25,6141.994,10957.1,12831.089999999998,749.491,388.0,8590.185
P2,ab1b9841ae95a6e6,"{""policy"":""P2"",""fixed_p"":22,""alpha"":8,""beta"":8,""ef_min"":8,""ef_max"":512}",1000,0.8901,0.5,22.0,22.0,25509.831,31092.85,6238.298,11099.0,12983.529999999999,784.179,392.0,8946.083
P2,8ca1806e7c4de7f9,"{""policy"":""P2"",""fixed_p"":22,""alpha"":8,""beta"":16,""ef_min"":8,""ef_max"":512}",1000,0.8987,0.5,22.0,22.0,31400.265,37785.5,6429.563,11306.25,13103.719999999998,946.167,400.0,10684.178
P2,911d66f4ae7ab552,"{""policy"":""P2"",""fixed_p"":22,""alpha"":8,""beta"":32,""ef_min"":8,""ef_max"":512}",1000,0.9132,0.6,22.0,22.0,43856.532,51197.649999999994,6811.908,11703.449999999999,13585.55,1304.652,416.0,14240.085
P2,88458eabfb427d9c,"{""policy"":""P2"",""fixed_p"":22,""alpha"":8,""beta"":64,""ef_min"":8,""ef_max"":512}",1000,0.9285,0.7,22.0,22.0,65883.772,75484.25,7582.159,12434.5,14430.01,1988.103,448.0,20692.867
P2,4ae937d76515e274,"{""policy"":""P2"",""fixed_p"":22,""alpha"":16,""beta"":4,""ef_min"":8,""ef_max"":512}",1000,0.9176,0.6,22.0,22.0,33587.222,44352.2,9686.651,15912.15,17283.37,1107.343,512.0,11437.074
P2,c09d80bcbb1c6419,"{""policy"":""P2"",""fixed_p"":22,""alpha"":16,""beta"":8,""ef_min"":8,""ef_max"":512}",1000,0.9197000000000001,0.6,22.0,22.0,34658.932,45879.5,9746.565,15927.35,17284.26,1138.776,512.0,11709.488
P2,935be39db544489d,"{""policy"":""P2"",""fixed_p"":22,""alpha"":16,""beta"":16,""ef_min"":8,""ef_max"":512}",1000,0.9242,0.6,22.0,22.0,40345.532,52407.549999999996,9867.679,16101.2,17287.64,1297.035,512.0,13394.684
P2,2e32e621baa7b88a,"{""policy"":""P2"",""fixed_p"":22,""alpha"":16,""beta"":32,""ef_min"":8,""ef_max"":512}",1000,0.9327000000000001,0.7,22.0,22.0,52391.105,65090.049999999996,10098.023,16258.149999999998,17550.02,1647.29,512.0,16869.122
P2,e4672497a439e8ed,"{""policy"":""P2"",""fixed_p"":22,""alpha"":16,""beta"":64,""ef_min"":8,""ef_max"":512}",1000,0.941,0.7,22.0,22.0,73793.607,88528.49999999999,10541.788,16413.1,17793.859999999997,2316.609,512.0,23156.722
P2,3058afcb69b9616e,"{""policy"":""P2"",""fixed_p"":23,""alpha"":1,""beta"":4,""ef_min"":8,""ef_max"":512}",1000,0.7549,0.2,23.0,23.0,15366.128,17327.0,1353.5,2090.2999999999997,2404.4599999999996,436.104,52.0,5999.223
P2,01f8347176b48c82,"{""policy"":""P2"",""fixed_p"":23,""alpha"":1,""beta"":8,""ef_min"":8,""ef_max"":512}",1000,0.7706000000000001,0.2,23.0,23.0,15762.601,17664.0,1452.785,2243.2,2572.0699999999997,447.358,56.0,6113.301
P2,a3d9510b7cc27974,"{""policy"":""P2"",""fixed_p"":23,""alpha"":1,""beta"":16,""ef_min"":8,""ef_max"":512}",1000,0.8051,0.3,23.0,23.0,22116.298,24770.55,1783.978,2567.1499999999996,2905.21,616.629,64.0,7954.896
P2,9436098a06d77ecd,"{""policy"":""P2"",""fixed_p"":23,""alpha"":1,""beta"":32,""ef_min"":8,""ef_max"":512}",1000,0.8466,0.4,23.0,23.0,35534.976,39660.25,2518.387,3230.25,3606.04,993.38,80.0,11805.721
P2,9e7bcf9f976b0f95,"{""policy"":""P2"",""fixed_p"":23,""alpha"":1,""beta"":64,""ef_min"":8,""ef_max"":512}",1000,0.8891,0.6,23.0,23.0,58972.009,65434.0,3892.506,4559.5,4903.15,1707.795,112.0,18656.485
P2,f8fa1510411990df,"{""policy"":""P2"",""fixed_p"":23,""alpha"":2,""beta"":4,""ef_min"":8,""ef_max"":512}",1000,0.8028,0.3,23.0,23.0,16655.808,18939.4,2098.541,3587.0499999999984,4198.42,477.38,100.0,6376.088
P2,df43472ed6f2fd08,"{""policy"":""P2"",""fixed_p"":23,""alpha"":2,""beta"":8,""ef_min"":8,""ef_max"":512}",1000,0.8128,0.3,23.0,23.0,17297.766,19579.7,2219.211,3767.1,4384.04,495.179,104.0,6559.359
P2,e3d54074d7819027,"{""policy"":""P2"",""fixed_p"":23,""alpha"":2,""beta"":16,""ef_min"":8,""ef_max"":512}",1000,0.8372,0.4,23.0,23.0,23725.032,26848.0,2486.226,4038.399999999998,4675.34,667.52,112.0,8430.418
P2,ed18bee3fe90dc0c,"{""policy"":""P2"",""fixed_p"":23,""alpha"":2,""beta"":32,""ef_min"":8,""ef_max"":512}",1000,0.8667999999999999,0.5,23.0,23.0,37053.759,41626.85,3053.652,4634.5,5241.929999999999,1043.934,128.0,12233.652
P2,05c739fd336c8350,"{""policy"":""P2"",""fixed_p"":23,""alpha"":2,""beta"":64,""ef_min"":8,""ef_max"":512}",1000,0.8993,0.6,23.0,23.0,60385.869,67252.45,4265.156,5732.65,6529.299999999999,1758.321,160.0,19050.145
P2,c771f7e9e6f76aac,"{""policy"":""P2"",""fixed_p"":23,""alpha"":4,""beta"":4,""ef_min"":8,""ef_max"":512}",1000,0.846,0.4,23.0,23.0,19419.53,22352.45,3571.536,6332.449999999999,7483.19,570.583,196.0,7205.436
P2,70c109dd4c998264,"{""policy"":""P2"",""fixed_p"":23,""alpha"":4,""beta"":8,""ef_min"":8,""ef_max"":512}",1000,0.8548,0.4,23.0,23.0,20453.097,23666.55,3677.586,6502.1,7601.45,599.01,200.0,7486.991
P2,579a3a3888eecee4,"{""policy"":""P2"",""fixed_p"":23,""alpha"":4,""beta"":16,""ef_min"":8,""ef_max"":512}",1000,0.8695,0.4,23.0,23.0,26733.664,30891.05,3901.61,6735.399999999999,7897.04,769.33,208.0,9329.734
P2,fc66a2588040b439,"{""policy"":""P2"",""fixed_p"":23,""alpha"":4,""beta"":32,""ef_min"":8,""ef_max"":512}",1000,0.8924,0.5,23.0,23.0,39913.45,45373.15,4361.428,7204.399999999998,8384.03,1145.01,224.0,13081.712
P2,78d27ff76c482ac9,"{""policy"":""P2"",""fixed_p"":23,""alpha"":4,""beta"":64,""ef_min"":8,""ef_max"":512}",1000,0.9135,0.6,23.0,23.0,63072.102,70901.45,5315.088,8167.249999999999,9367.67,1859.517,256.0,19864.609
P2,e29ed01f03120fd8,"{""policy"":""P2"",""fixed_p"":23,""alpha"":8,""beta"":4,""ef_min"":8,""ef_max"":512}",1000,0.8866,0.5,23.0,23.0,24874.591,29738.0,6141.994,10957.1,12831.089999999998,769.834,388.0,8832.98
P2,d0496cca3a1149ab,"{""policy"":""P2"",""fixed_p"":23,""alpha"":8,""beta"":8,""ef_min"":8,""ef_max"":512}",1000,0.8913,0.5,23.0,23.0,26111.062,31743.149999999998,6238.298,11099.0,12983.529999999999,804.522,392.0,9188.878
P2,fb4a13b566ce9cb1,"{""policy"":""P2"",""fixed_p"":23,""alpha"":8,""beta"":16,""ef_min"":8,""ef_max"":512}",1000,0.9004,0.5,23.0,23.0,32224.545,38706.35,6429.563,11306.25,13103.719999999998,973.231,400.0,10990.694
P2,cf5e9a098d64ffc9,"{""policy"":""P2"",""fixed_p"":23,""alpha"":8,""beta"":32,""ef_min"":8,""ef_max"":512}",1000,0.9154,0.6,23.0,23.0,45176.093,52860.5,6812.142,11703.449999999999,13585.55,1347.694,416.0,14690.187
P2,a992b76f602bf239,"{""policy"":""P2"",""fixed_p"":23,""alpha"":8,""beta"":64,""ef_min"":8,""ef_max"":512}",1000,0.9307000000000001,0.7,23.0,23.0,68056.156,77835.95,7583.372,12434.5,14430.01,2061.908,448.0,21407.373
P2,3bc523c261210351,"{""policy"":""P2"",""fixed_p"":23,""alpha"":16,""beta"":4,""ef_min"":8,""ef_max"":512}",1000,0.9188,0.6,23.0,23.0,34188.453,44847.0,9686.651,15912.15,17283.37,1127.686,512.0,11679.869
P2,73b37854cd9a90d7,"{""policy"":""P2"",""fixed_p"":23,""alpha"":16,""beta"":8,""ef_min"":8,""ef_max"":512}",1000,0.9208999999999999,0.6,23.0,23.0,35260.163,46610.2,9746.565,15927.35,17284.26,1159.119,512.0,11952.283
P2,0841595cd0589272,"{""policy"":""P2"",""fixed_p"":23,""alpha"":16,""beta"":16,""ef_min"":8,""ef_max"":512}",1000,0.9259,0.6,23.0,23.0,41169.812,53482.7,9867.679,16101.2,17287.64,1324.099,512.0,13701.2
P2,5db6fd3d46fe0e35,"{""policy"":""P2"",""fixed_p"":23,""alpha"":16,""beta"":32,""ef_min"":8,""ef_max"":512}",1000,0.9349,0.7,23.0,23.0,53710.666,66767.55,10098.023,16258.149999999998,17550.02,1690.332,512.0,17319.224
P2,54a324dc54cfda71,"{""policy"":""P2"",""fixed_p"":23,""alpha"":16,""beta"":64,""ef_min"":8,""ef_max"":512}",1000,0.9432,0.7,23.0,23.0,75965.991,91128.15,10541.788,16413.1,17793.859999999997,2390.414,512.0,23871.228
P2,bef33ab3dcdb5e1b,"{""policy"":""P2"",""fixed_p"":24,""alpha"":1,""beta"":4,""ef_min"":8,""ef_max"":512}",1000,0.7555,0.2,24.0,24.0,15960.224,17959.15,1354.394,2090.2999999999997,2404.4599999999996,456.479,52.0,6244.949
P2,b8a12933999e55b2,"{""policy"":""P2"",""fixed_p"":24,""alpha"":1,""beta"":8,""ef_min"":8,""ef_max"":512}",1000,0.7712,0.2,24.0,24.0,16356.697,18265.1,1453.352,2243.2,2572.0699999999997,467.733,56.0,6359.027
P2,1b11d204d007d27c,"{""policy"":""P2"",""fixed_p"":24,""alpha"":1,""beta"":16,""ef_min"":8,""ef_max"":512}",1000,0.8058,0.3,24.0,24.0,22935.785,25577.6,1785.186,2567.1499999999996,2905.21,643.919,64.0,8270.458
P2,70fe83ba60b47c87,"{""policy"":""P2"",""fixed_p"":24,""alpha"":1,""beta"":32,""ef_min"":8,""ef_max"":512}",1000,0.8473999999999999,0.4,24.0,24.0,36857.098,41126.3,2521.216,3230.25,3606.04,1037.033,80.0,12273.873
P2,e70ef1573e46b6d6,"{""policy"":""P2"",""fixed_p"":24,""alpha"":1,""beta"":64,""ef_min"":8,""ef_max"":512}",1000,0.8899,0.6,24.0,24.0,61148.649,67693.3,3895.548,4559.5,4903.15,1782.223,112.0,19387.578
P2,edd951d04ddf758e,"{""policy"":""P2"",""fixed_p"":24,""alpha"":2,""beta"":4,""ef_min"":8,""ef_max"":512}",1000,0.8032999999999999,0.3,24.0,24.0,17249.904,19568.15,2098.665,3587.0499999999984,4198.42,497.755,100.0,6621.814
P2,be3b80bf0bc28a99,"{""policy"":""P2"",""fixed_p"":24,""alpha"":2,""beta"":8,""ef_min"":8,""ef_max"":512}",1000,0.8132,0.3,24.0,24.0,17891.862,20150.75,2219.229,3767.1,4384.04,515.554,104.0,6805.085
P2,1c1bf08c84c4a8d0,"{""policy"":""P2"",""fixed_p"":24,""alpha"":2,""beta"":16,""ef_min"":8,""ef_max"":512}",1000,0.8378,0.4,24.0,24.0,24544.519,27689.699999999997,2486.541,4038.399999999998,4675.34,694.81,112.0,8745.98
P2,442d321224743d87,"{""policy"":""P2"",""fixed_p"":24,""alpha"":2,""beta"":32,""ef_min"":8,""ef_max"":512}",1000,0.8675,0.5,24.0,24.0,38375.881,42995.25,3054.406,4634.5,5241.929999999999,1087.587,128.0,12701.804
P2,8cf6dcad5579eac6,"{""policy"":""P2"",""fixed_p"":24,""alpha"":2,""beta"":64,""ef_min"":8,""ef_max"":512}",1000,0.9001,0.6,24.0,24.0,62562.509,69527.4,4266.245,5732.65,6529.299999999999,1832.749,160.0,19781.238
P2,002e0f120b25c8ed,"{""policy"":""P2"",""fixed_p"":24,""alpha"":4,""beta"":4,""ef_min"":8,""ef_max"":512}",1000,0.8463999999999999,0.4,24.0,24.0,20013.626,22929.899999999998,3571.536,6332.449999999999,7483.19,590.958,196.0,7451.162
P2,dbb5837fd0bf88bf,"{""policy"":""P2"",""fixed_p"":24,""alpha"":4,""beta"":8,""ef_min"":8,""ef_max"":512}",1000,0.8552000000000001,0.4,24.0,24.0,21047.193,24328.199999999997,3677.586,6502.1,7601.45,619.385,200.0,7732.717
P2,771403e8872fd0a7,"{""policy"":""P2"",""fixed_p"":24,""alpha"":4,""beta"":16,""ef_min"":8,""ef_max"":512}",1000,0.8701,0.4,24.0,24.0,27553.151,31795.75,3901.61,6735.399999999999,7897.04,796.62,208.0,9645.296
P2,b4f998bbcd69e287,"{""policy"":""P2"",""fixed_p"":24,""alpha"":4,""beta"":32,""ef_min"":8,""ef_max"":512}",1000,0.8931,0.5950000000000003,24.0,24.0,41235.572,46940.4,4361.501,7204.399999999998,8384.03,1188.663,224.0,13549.864
P2,cf17127ab01c257e,"{""policy"":""P2"",""fixed_p"":24,""alpha"":4,""beta"":64,""ef_min"":8,""ef_max"":512}",1000,0.9143,0.6,24.0,24.0,65248.742,73331.09999999999,5315.289,8167.249999999999,9367.67,1933.945,256.0,20595.702
P2,1a9d955a35103c4d,"{""policy"":""P2"",""fixed_p"":24,""alpha"":8,""beta"":4,""ef_min"":8,""ef_max"":512}",1000,0.887,0.5,24.0,24.0,25468.687,30335.4,6141.994,10957.1,12831.089999999998,790.209,388.0,9078.706
P2,14d5f2b3901ac34a,"{""policy"":""P2"",""fixed_p"":24,""alpha"":8,""beta"":8,""ef_min"":8,""ef_max"":512}",1000,0.8917,0.5,24.0,24.0,26705.158,32348.6,6238.298,11099.0,12983.529999999999,824.897,392.0,9434.604
P2,bfdf5b8d435dc39a,"{""policy"":""P2"",""fixed_p"":24,""alpha"":8,""beta"":16,""ef_min"":8,""ef_max"":512}",1000,0.901,0.5,24.0,24.0,33044.032,39600.1,6429.563,11306.25,13103.719999999998,1000.521,400.0,11306.256
P2,b2a532db1103a65b,"{""policy"":""P2"",""fixed_p"":24,""alpha"":8,""beta"":32,""ef_min"":8,""ef_max"":512}",1000,0.9161,0.6,24.0,24.0,46498.215,54318.05,6812.142,11703.449999999999,13585.55,1391.347,416.0,15158.339
P2,bd4cf13a73cf1893,"{""policy"":""P2"",""fixed_p"":24,""alpha"":8,""beta"":64,""ef_min"":8,""ef_max"":512}",1000,0.9315,0.7,24.0,24.0,70232.796,80287.75,7583.372,12434.5,14430.01,2136.336,448.0,22138.466
P2,cf5fcbf2a470f00c,"{""policy"":""P2"",""fixed_p"":24,""alpha"":16,""beta"":4,""ef_min"":8,""ef_max"":512}",1000,0.9192,0.6,24.0,24.0,34782.549,45482.2,9686.651,15912.15,17283.37,1148.061,512.0,11925.595
P2,f94762b0d40dcdf8,"{""policy"":""P2"",""fixed_p"":24,""alpha"":16,""beta"":8,""ef_min"":8,""ef_max"":512}",1000,0.9213,0.6,24.0,24.0,35854.259,47226.549999999996,9746.565,15927.35,17284.26,1179.494,512.0,12198.009
P2,d18b845422d4c541,"{""policy"":""P2"",""fixed_p"":24,""alpha"":16,""beta"":16,""ef_min"":8,""ef_max"":512}",1000,0.9265,0.6,24.0,24.0,41989.299,54253.049999999996,9867.679,16101.2,17287.64,1351.389,512.0,14016.762
P2,b6096cb0cdcd3e70,"{""policy"":""P2"",""fixed_p"":24,""alpha"":16,""beta"":32,""ef_min"":8,""ef_max"":512}",1000,0.9356,0.7,24.0,24.0,55032.788,68116.24999999999,10098.023,16258.149999999998,17550.02,1733.985,512.0,17787.376
P2,8cf720fda95efbb2,"{""policy"":""P2"",""fixed_p"":24,""alpha"":16,""beta"":64,""ef_min"":8,""ef_max"":512}",1000,0.944,0.7,24.0,24.0,78142.631,93628.1,10541.788,16413.1,17793.859999999997,2464.842,512.0,24602.321
P2,f792644939d3b7dc,"{""policy"":""P2"",""fixed_p"":25,""alpha"":1,""beta"":4,""ef_min"":8,""ef_max"":512}",1000,0.7557999999999999,0.2,25.0,25.0,16580.816,18586.3,1355.411,2090.2999999999997,2404.4599999999996,477.168,52.0,6498.71
P2,ae5b7e8a90d9b55c,"{""policy"":""P2"",""fixed_p"":25,""alpha"":1,""beta"":8,""ef_min"":8,""ef_max"":512}",1000,0.7715,0.2,25.0,25.0,16977.289,18904.55,1453.834,2243.2,2572.0699999999997,488.422,56.0,6612.788
P2,65de0e82ddc43658,"{""policy"":""P2"",""fixed_p"":25,""alpha"":1,""beta"":16,""ef_min"":8,""ef_max"":512}",1000,0.8062999999999999,0.3,25.0,25.0,23790.213,26470.15,1786.265,2567.1499999999996,2905.21,671.567,64.0,8595.521
P2,b03f78a6dcad53c7,"{""policy"":""P2"",""fixed_p"":25,""alpha"":1,""beta"":32,""ef_min"":8,""ef_max"":512}",1000,0.8482999999999999,0.5,25.0,25.0,38224.684,42535.049999999996,2523.169,3230.25,3606.04,1080.749,80.0,12751.352
P2,42a556e929b86ac1,"{""policy"":""P2"",""fixed_p"":25,""alpha"":1,""beta"":64,""ef_min"":8,""ef_max"":512}",1000,0.8911,0.6,25.0,25.0,63427.831,70032.65,3897.356,4559.5,4903.15,1856.942,112.0,20145.726
P2,bde93068563447ff,"{""policy"":""P2"",""fixed_p"":25,""alpha"":2,""beta"":4,""ef_min"":8,""ef_max"":512}",1000,0.8036,0.3,25.0,25.0,17870.496,20166.35,2098.679,3587.0499999999984,4198.42,518.444,100.0,6875.575
P2,1236dad822475aa4,"{""policy"":""P2"",""fixed_p"":25,""alpha"":2,""beta"":8,""ef_min"":8,""ef_max"":512}",1000,0.8135,0.3,25.0,25.0,18512.454,20768.15,2219.229,3767.1,4384.04,536.243,104.0,7058.846
P2,f8c8f82e1838c92e,"{""policy"":""P2"",""fixed_p"":25,""alpha"":2,""beta"":16,""ef_min"":8,""ef_max"":512}",1000,0.8382999999999999,0.4,25.0,25.0,25398.947,28547.85,2486.541,4038.399999999998,4675.34,722.458,112.0,9071.043
P2,d80ee453e7c1f488,"{""policy"":""P2"",""fixed_p"":25,""alpha"":2,""beta"":32,""ef_min"":8,""ef_max"":512}",1000,0.8684,0.5,25.0,25.0,39743.467,44443.399999999994,3055.312,4634.5,5241.929999999999,1131.303,128.0,13179.283
P2,bdb5f2cd92bdf8a3,"{""policy"":""P2"",""fixed_p"":25,""alpha"":2,""beta"":64,""ef_min"":8,""ef_max"":512}",1000,0.9013,0.6,25.0,25.0,64841.691,72000.25,4267.375,5732.65,6529.299999999999,1907.468,160.0,20539.386
P2,9057a46523b05a49,"{""policy"":""P2"",""fixed_p"":25,""alpha"":4,""beta"":4,""ef_min"":8,""ef_max"":512}",1000,0.8467,0.4,25.0,25.0,20634.218,23662.899999999998,3571.536,6332.449999999999,7483.19,611.647,196.0,7704.923
P2,20b88a94e4a77a89,"{""policy"":""P2"",""fixed_p"":25,""alpha"":4,""beta"":8,""ef_min"":8,""ef_max"":512}",1000,0.8555,0.4,25.0,25.0,21667.785,24961.4,3677.586,6502.1,7601.45,640.074,200.0,7986.478
P2,ad92fd79157fffd0,"{""policy"":""P2"",""fixed_p"":25,""alpha"":4,""beta"":16,""ef_min"":8,""ef_max"":512}",1000,0.8706,0.4,25.0,25.0,28407.579,32719.35,3901.61,6735.399999999999,7897.04,824.268,208.0,9970.359
P2,251a6e91b793ddd2,"{""policy"":""P2"",""fixed_p"":25,""alpha"":4,""beta"":32,""ef_min"":8,""ef_max"":512}",1000,0.894,0.6,25.0,25.0,42603.158,48348.4,4361.774,7204.399999999998,8384.03,1232.379,224.0,14027.343
P2,2104f01232a30a60,"{""policy"":""P2"",""fixed_p"":25,""alpha"":4,""beta"":64,""ef_min"":8,""ef_max"":512}",1000,0.9155,0.6,25.0,25.0,67527.924,75742.25,5315.572,8167.249999999999,9367.67,2008.664,256.0,21353.85
P2,22ee0bd87e5541e2,"{""policy"":""P2"",""fixed_p"":25,""alpha"":8,""beta"":4,""ef_min"":8,""ef_max"":512}",1000,0.8873,0.5,25.0,25.0,26089.279,30947.1,6141.994,10957.1,12831.089999999998,810.898,388.0,9332.467
P2,016bc7f2d138c9df,"{""policy"":""P2"",""fixed_p"":25,""alpha"":8,""beta"":8,""ef_min"":8,""ef_max"":512}",1000,0.892,0.5,25.0,25.0,27325.75,32990.3,6238.298,11099.0,12983.529999999999,845.586,392.0,9688.365
P2,e5064b0c14bbcfa2,"{""policy"":""P2"",""fixed_p"":25,""alpha"":8,""beta"":16,""ef_min"":8,""ef_max"":512}",1000,0.9014,0.5,25.0,25.0,33898.46,40480.4,6429.563,11306.25,13103.719999999998,1028.169,400.0,11631.319
P2,dc12f014e5c39f6c,"{""policy"":""P2"",""fixed_p"":25,""alpha"":8,""beta"":32,""ef_min"":8,""ef_max"":512}",1000,0.9168999999999999,0.6,25.0,25.0,47865.801,55757.8,6812.142,11703.449999999999,13585.55,1435.063,416.0,15635.818
P2,a20033a6f8082164,"{""policy"":""P2"",""fixed_p"":25,""alpha"":8,""beta"":64,""ef_min"":8,""ef_max"":512}",1000,0.9326,0.7,25.0,25.0,72511.978,82588.05,7583.372,12434.5,14430.01,2211.055,448.0,22896.614
P2,e88206a6b1669081,"{""policy"":""P2"",""fixed_p"":25,""alpha"":16,""beta"":4,""ef_min"":8,""ef_max"":512}",1000,0.9195,0.6,25.0,25.0,35403.141,46200.799999999996,9686.651,15912.15,17283.37,1168.75,512.0,12179.356
P2,67620c0719cc8117,"{""policy"":""P2"",""fixed_p"":25,""alpha"":16,""beta"":8,""ef_min"":8,""ef_max"":512}",1000,0.9216,0.6,25.0,25.0,36474.851,47848.6,9746.565,15927.35,17284.26,1200.183,512.0,12451.77
P2,0bd4710eaa3cdf81,"{""policy"":""P2"",""fixed_p"":25,""alpha"":16,""beta"":16,""ef_min"":8,""ef_max"":512}",1000,0.9269,0.6,25.0,25.0,42843.727,55373.35,9867.679,16101.2,17287.64,1379.037,512.0,14341.825
P2,56820a37ba6e3c3d,"{""policy"":""P2"",""fixed_p"":25,""alpha"":16,""beta"":32,""ef_min"":8,""ef_max"":512}",1000,0.9364,0.7,25.0,25.0,56400.374,69639.8,10098.023,16258.149999999998,17550.02,1777.701,512.0,18264.855
P2,45bdfd9e06a4b16a,"{""policy"":""P2"",""fixed_p"":25,""alpha"":16,""beta"":64,""ef_min"":8,""ef_max"":512}",1000,0.9451,0.7,25.0,25.0,80421.813,96008.6,10541.788,16413.1,17793.859999999997,2539.561,512.0,25360.469
P2,9469b353c51c91ba,"{""policy"":""P2"",""fixed_p"":26,""alpha"":1,""beta"":4,""ef_min"":8,""ef_max"":512}",1000,0.7564,0.2,26.0,26.0,17232.057,19258.0,1357.604,2090.2999999999997,2404.4599999999996,497.954,52.0,6757.298
P2,615d31252f47fda0,"{""policy"":""P2"",""fixed_p"":26,""alpha"":1,""beta"":8,""ef_min"":8,""ef_max"":512}",1000,0.7721,0.2,26.0,26.0,17628.53,19538.5,1455.407,2243.2,2572.0699999999997,509.208,56.0,6871.376
P2,643e8c200ad1a54f,"{""policy"":""P2"",""fixed_p"":26,""alpha"":1,""beta"":16,""ef_min"":8,""ef_max"":512}",1000,0.807,0.3,26.0,26.0,24684.535,27364.4,1787.633,2567.1499999999996,2905.21,699.074,64.0,8931.612
P2,c8da7c2e52c30003,"{""policy"":""P2"",""fixed_p"":26,""alpha"":1,""beta"":32,""ef_min"":8,""ef_max"":512}",1000,0.849,0.5,26.0,26.0,39684.785,43911.35,2526.809,3230.25,3606.04,1124.831,80.0,13255.01
P2,58870610e140549a,"{""policy"":""P2"",""fixed_p"":26,""alpha"":1,""beta"":64,""ef_min"":8,""ef_max"":512}",1000,0.892,0.6,26.0,26.0,65857.526,72350.75,3904.126,4559.5,4903.15,1932.003,112.0,20941.714
P2,e362516c6b4532c9,"{""policy"":""P2"",""fixed_p"":26,""alpha"":2,""beta"":4,""ef_min"":8,""ef_max"":512}",1000,0.8042,0.3,26.0,26.0,18521.737,20879.2,2098.681,3587.0499999999984,4198.42,539.23,100.0,7134.163
P2,abe8d35294e0745a,"{""policy"":""P2"",""fixed_p"":26,""alpha"":2,""beta"":8,""ef_min"":8,""ef_max"":512}",1000,0.8141,0.3,26.0,26.0,19163.695,21409.899999999998,2219.229,3767.1,4384.04,557.029,104.0,7317.434
P2,a3f84e7edc52e0c4,"{""policy"":""P2"",""fixed_p"":26,""alpha"":2,""beta"":16,""ef_min"":8,""ef_max"":512}",1000,0.839,0.4,26.0,26.0,26293.269,29396.45,2486.722,4038.399999999998,4675.34,749.965,112.0,9407.134
P2,fc75d7b029bd7631,"{""policy"":""P2"",""fixed_p"":26,""alpha"":2,""beta"":32,""ef_min"":8,""ef_max"":512}",1000,0.8691,0.5,26.0,26.0,41203.568,45886.35,3056.298,4634.5,5241.929999999999,1175.385,128.0,13682.941
P2,335c940f0e0bdd52,"{""policy"":""P2"",""fixed_p"":26,""alpha"":2,""beta"":64,""ef_min"":8,""ef_max"":512}",1000,0.9022,0.6,26.0,26.0,67271.386,74312.3,4272.455,5732.65,6529.299999999999,1982.529,160.0,21335.374
P2,f2fff7f2ee0c27cc,"{""policy"":""P2"",""fixed_p"":26,""alpha"":4,""beta"":4,""ef_min"":8,""ef_max"":512}",1000,0.8472999999999999,0.4,26.0,26.0,21285.459,24263.949999999997,3571.536,6332.449999999999,7483.19,632.433,196.0,7963.511
P2,348e636bf3ff5aac,"{""policy"":""P2"",""fixed_p"":26,""alpha"":4,""beta"":8,""ef_min"":8,""ef_max"":512}",1000,0.8561,0.4,26.0,26.0,22319.026,25634.3,3677.586,6502.1,7601.45,660.86,200.0,8245.066
P2,61be53db4f77fa9f,"{""policy"":""P2"",""fixed_p"":26,""alpha"":4,""beta"":16,""ef_min"":8,""ef_max"":512}",1000,0.8713,0.4,26.0,26.0,29301.901,33529.049999999996,3901.61,6735.399999999999,7897.04,851.775,208.0,10306.45
P2,b083e2c37423586d,"{""policy"":""P2"",""fixed_p"":26,""alpha"":4,""beta"":32,""ef_min"":8,""ef_max"":512}",1000,0.8947,0.6,26.0,26.0,44063.259,49658.049999999996,4361.828,7204.399999999998,8384.03,1276.461,224.0,14531.001
P2,292b9a6581765953,"{""policy"":""P2"",""fixed_p"":26,""alpha"":4,""beta"":64,""ef_min"":8,""ef_max"":512}",1000,0.9164,0.6,26.0,26.0,69957.619,77682.15,5317.179,8167.249999999999,9367.67,2083.725,256.0,22149.838
P2,79670a8b7aac2bb0,"{""policy"":""P2"",""fixed_p"":26,""alpha"":8,""beta"":4,""ef_min"":8,""ef_max"":512}",1000,0.8879,0.5,26.0,26.0,26740.52,31580.249999999996,6141.994,10957.1,12831.089999999998,831.684,388.0,9591.055
P2,5d6aa0570375d21a,"{""policy"":""P2"",""fixed_p"":26,""alpha"":8,""beta"":8,""ef_min"":8,""ef_max"":512}",1000,0.8926000000000001,0.5,26.0,26.0,27976.991,33545.1,6238.298,11099.0,12983.529999999999,866.372,392.0,9946.953
P2,8d080e048cbec046,"{""policy"":""P2"",""fixed_p"":26,""alpha"":8,""beta"":16,""ef_min"":8,""ef_max"":512}",1000,0.9021,0.6,26.0,26.0,34792.782,41395.2,6429.563,11306.25,13103.719999999998,1055.676,400.0,11967.41
P2,745090567ca5c4ae,"{""policy"":""P2"",""fixed_p"":26,""alpha"":8,""beta"":32,""ef_min"":8,""ef_max"":512}",1000,0.9176,0.6,26.0,26.0,49325.902,57057.25,6812.142,11703.449999999999,13585.55,1479.145,416.0,16139.476
P2,fc3b9927c1dd48db,"{""policy"":""P2"",""fixed_p"":26,""alpha"":8,""beta"":64,""ef_min"":8,""ef_max"":512}",1000,0.9335,0.7,26.0,26.0,74941.673,84786.15,7583.949,12434.5,14430.01,2286.116,448.0,23692.602
P2,f5ebb568a3e6460d,"{""policy"":""P2"",""fixed_p"":26,""alpha"":16,""beta"":4,""ef_min"":8,""ef_max"":512}",1000,0.9201,0.6,26.0,26.0,36054.382,46680.59999999999,9686.651,15912.15,17283.37,1189.536,512.0,12437.944
P2,c199e86dba7bc053,"{""policy"":""P2"",""fixed_p"":26,""alpha"":16,""beta"":8,""ef_min"":8,""ef_max"":512}",1000,0.9222,0.6,26.0,26.0,37126.092,48499.25,9746.565,15927.35,17284.26,1220.969,512.0,12710.358
P2,a73c705db8f06a9a,"{""policy"":""P2"",""fixed_p"":26,""alpha"":16,""beta"":16,""ef_min"":8,""ef_max"":512}",1000,0.9276,0.6950000000000003,26.0,26.0,43738.049,56014.25,9867.679,16101.2,17287.64,1406.544,512.0,14677.916
P2,110297d70d5528be,"{""policy"":""P2"",""fixed_p"":26,""alpha"":16,""beta"":32,""ef_min"":8,""ef_max"":512}",1000,0.9371,0.7,26.0,26.0,57860.475,71046.34999999999,10098.023,16258.149999999998,17550.02,1821.783,512.0,18768.513
P2,e31cc9af6abccf2c,"{""policy"":""P2"",""fixed_p"":26,""alpha"":16,""beta"":64,""ef_min"":8,""ef_max"":512}",1000,0.946,0.7,26.0,26.0,82851.508,98161.6,10541.79,16413.1,17793.859999999997,2614.622,512.0,26156.457
P2,13b252aa28383bd4,"{""policy"":""P2"",""fixed_p"":27,""alpha"":1,""beta"":4,""ef_min"":8,""ef_max"":512}",1000,0.7567,0.2,27.0,27.0,17930.428,20082.55,1358.825,2090.2999999999997,2404.4599999999996,518.685,52.0,7038.89
P2,3a2aa8e17b6eb8a3,"{""policy"":""P2"",""fixed_p"":27,""alpha"":1,""beta"":8,""ef_min"":8,""ef_max"":512}",1000,0.7724,0.2,27.0,27.0,18326.901,20400.7,1456.327,2243.2,2572.0699999999997,529.939,56.0,7152.968
P2,5b83ab331abd1026,"{""policy"":""P2"",""fixed_p"":27,""alpha"":1,""beta"":16,""ef_min"":8,""ef_max"":512}",1000,0.8074,0.3,27.0,27.0,25663.9,28324.45,1790.252,2567.1499999999996,2905.21,726.84,64.0,9299.108
P2,964b979fc73591df,"{""policy"":""P2"",""fixed_p"":27,""alpha"":1,""beta"":32,""ef_min"":8,""ef_max"":512}",1000,0.8495,0.5,27.0,27.0,41290.65,45290.2,2539.005,3230.25,3606.04,1169.009,80.0,13806.826
P2,6c03e311fc520dfd,"{""policy"":""P2"",""fixed_p"":27,""alpha"":1,""beta"":64,""ef_min"":8,""ef_max"":512}",1000,0.8926000000000001,0.6,27.0,27.0,68553.987,74514.8,3920.141,4559.5,4903.15,2007.087,112.0,21837.09
P2,f8b0cfb04e77d745,"{""policy"":""P2"",""fixed_p"":27,""alpha"":2,""beta"":4,""ef_min"":8,""ef_max"":512}",1000,0.8045,0.3,27.0,27.0,19220.108,21720.1,2098.751,3587.0499999999984,4198.42,559.961,100.0,7415.755
P2,0ea36dff090bf5af,"{""policy"":""P2"",""fixed_p"":27,""alpha"":2,""beta"":8,""ef_min"":8,""ef_max"":512}",1000,0.8144,0.3,27.0,27.0,19862.066,22201.649999999998,2219.298,3767.1,4384.04,577.76,104.0,7599.026
P2,3e9bf5f05444a0ac,"{""policy"":""P2"",""fixed_p"":27,""alpha"":2,""beta"":16,""ef_min"":8,""ef_max"":512}",1000,0.8393999999999999,0.4,27.0,27.0,27272.634,30413.05,2487.192,4038.399999999998,4675.34,777.731,112.0,9774.63
P2,819f00d329a0b051,"{""policy"":""P2"",""fixed_p"":27,""alpha"":2,""beta"":32,""ef_min"":8,""ef_max"":512}",1000,0.8696,0.5,27.0,27.0,42809.433,47244.9,3060.745,4634.5,5241.929999999999,1219.563,128.0,14234.757
P2,e41913c5696e0f99,"{""policy"":""P2"",""fixed_p"":27,""alpha"":2,""beta"":64,""ef_min"":8,""ef_max"":512}",1000,0.9027999999999999,0.6,27.0,27.0,69967.847,76320.95,4283.723,5732.65,6529.299999999999,2057.613,160.0,22230.75
P2,424365bdab7e1b66,"{""policy"":""P2"",""fixed_p"":27,""alpha"":4,""beta"":4,""ef_min"":8,""ef_max"":512}",1000,0.8476,0.4,27.0,27.0,21983.83,25044.95,3571.536,6332.449999999999,7483.19,653.164,196.0,8245.103
P2,5445b1320e282e83,"{""policy"":""P2"",""fixed_p"":27,""alpha"":4,""beta"":8,""ef_min"":8,""ef_max"":512}",1000,0.8563999999999999,0.4,27.0,27.0,23017.397,26322.1,3677.586,6502.1,7601.45,681.591,200.0,8526.658
P2,e994e82a5f2c1c9a,"{""policy"":""P2"",""fixed_p"":27,""alpha"":4,""beta"":16,""ef_min"":8,""ef_max"":512}",1000,0.8717,0.4,27.0,27.0,30281.266,34385.4,3901.61,6735.399999999999,7897.04,879.541,208.0,10673.946
P2,1c6321d3ecd6411c,"{""policy"":""P2"",""fixed_p"":27,""alpha"":4,""beta"":32,""ef_min"":8,""ef_max"":512}",1000,0.8952,0.6,27.0,27.0,45669.124,50986.2,4363.513,7204.399999999998,8384.03,1320.639,224.0,15082.817
P2,d325bb8ad4b5c005,"{""policy"":""P2"",""fixed_p"":27,""alpha"":4,""beta"":64,""ef_min"":8,""ef_max"":512}",1000,0.917,0.6,27.0,27.0,72654.08,80098.7,5323.238,8167.249999999999,9367.67,2158.809,256.0,23045.214
P2,a743768ef3d9b07b,"{""policy"":""P2"",""fixed_p"":27,""alpha"":8,""beta"":4,""ef_min"":8,""ef_max"":512}",1000,0.8882000000000001,0.5,27.0,27.0,27438.891,32232.35,6141.994,10957.1,12831.089999999998,852.415,388.0,9872.647
P2,c6eb18c665e35686,"{""policy"":""P2"",""fixed_p"":27,""alpha"":8,""beta"":8,""ef_min"":8,""ef_max"":512}",1000,0.8929,0.5,27.0,27.0,28675.362,34201.25,6238.298,11099.0,12983.529999999999,887.103,392.0,10228.545
P2,2d434ec2e95b1ef7,"{""policy"":""P2"",""fixed_p"":27,""alpha"":8,""beta"":16,""ef_min"":8,""ef_max"":512}",1000,0.9025,0.6,27.0,27.0,35772.147,42300.3,6429.563,11306.25,13103.719999999998,1083.442,400.0,12334.906
P2,9666dcf5ebccb24f,"{""policy"":""P2"",""fixed_p"":27,""alpha"":8,""beta"":32,""ef_min"":8,""ef_max"":512}",1000,0.9181,0.6,27.0,27.0,50931.767,58467.95,6812.252,11703.449999999999,13585.55,1523.323,416.0,16691.292
P2,9672ff9f6738c31b,"{""policy"":""P2"",""fixed_p"":27,""alpha"":8,""beta"":64,""ef_min"":8,""ef_max"":512}",1000,0.9341,0.7,27.0,27.0,77638.134,86925.7,7586.442,12434.5,14430.01,2361.2,448.0,24587.978
P2,02b881512b62b90c,"{""policy"":""P2"",""fixed_p"":27,""alpha"":16,""beta"":4,""ef_min"":8,""ef_max"":512}",1000,0.9204,0.6,27.0,27.0,36752.753,47436.65,9686.651,15912.15,17283.37,1210.267,512.0,12719.536
P2,8f8b5060415e5d1f,"{""policy"":""P2"",""fixed_p"":27,""alpha"":16,""beta"":8,""ef_min"":8,""ef_max"":512}",1000,0.9225,0.6,27.0,27.0,37824.463,48973.549999999996,9746.565,15927.35,17284.26,1241.7,512.0,12991.95
P2,479e1952232381d2,"{""policy"":""P2"",""fixed_p"":27,""alpha"":16,""beta"":16,""ef_min"":8,""ef_max"":512}",1000,0.928,0.6950000000000003,27.0,27.0,44717.414,56841.55,9867.679,16101.2,17287.64,1434.31,512.0,15045.412
P2,3f43a287859f966e,"{""policy"":""P2"",""fixed_p"":27,""alpha"":16,""beta"":32,""ef_min"":8,""ef_max"":512}",1000,0.9376,0.7,27.0,27.0,59466.34,72163.15,10098.023,16258.149999999998,17550.02,1865.961,512.0,19320.329
P2,4f346af57de8fc09,"{""policy"":""P2"",""fixed_p"":27,""alpha"":16,""beta"":64,""ef_min"":8,""ef_max"":512}",1000,0.9466,0.7,27.0,27.0,85547.969,100102.54999999999,10543.059,16413.1,17793.859999999997,2689.706,512.0,27051.833
P2,92a220d0bfa26aaf,"{""policy"":""P2"",""fixed_p"":28,""alpha"":1,""beta"":4,""ef_min"":8,""ef_max"":512}",1000,0.7577999999999999,0.2,28.0,28.0,18666.525,20897.649999999998,1362.139,2090.2999999999997,2404.4599999999996,539.364,52.0,7335.817
P2,20393c4d8bcb7026,"{""policy"":""P2"",""fixed_p"":28,""alpha"":1,""beta"":8,""ef_min"":8,""ef_max"":512}",1000,0.7735,0.2,28.0,28.0,19062.998,21158.2,1458.457,2243.2,2572.0699999999997,550.618,56.0,7449.895
P2,53578cab4bad0fcd,"{""policy"":""P2"",""fixed_p"":28,""alpha"":1,""beta"":16,""ef_min"":8,""ef_max"":512}",1000,0.8084,0.3,28.0,28.0,26680.328,29312.2,1793.464,2567.1499999999996,2905.21,754.225,64.0,9682.26
P2,7a6cb4bed520a25b,"{""policy"":""P2"",""fixed_p"":28,""alpha"":1,""beta"":32,""ef_min"":8,""ef_max"":512}",1000,0.8509,0.5,28.0,28.0,42962.616,46930.75,2549.274,3230.25,3606.04,1213.002,80.0,14394.033
P2,7e817bb7f60a51f5,"{""policy"":""P2"",""fixed_p"":28,""alpha"":1,""beta"":64,""ef_min"":8,""ef_max"":512}",1000,0.8941,0.6,28.0,28.0,71368.667,77268.7,3933.862,4569.05,4918.19,2081.911,112.0,22773.613
P2,865a55a0e7c84df1,"{""policy"":""P2"",""fixed_p"":28,""alpha"":2,""beta"":4,""ef_min"":8,""ef_max"":512}",1000,0.8056,0.3,28.0,28.0,19956.205,22528.0,2099.577,3587.0499999999984,4198.42,580.64,100.0,7712.682
P2,19b1f548856eca69,"{""policy"":""P2"",""fixed_p"":28,""alpha"":2,""beta"":8,""ef_min"":8,""ef_max"":512}",1000,0.8154,0.3,28.0,28.0,20598.163,22950.699999999997,2219.869,3767.1,4384.04,598.439,104.0,7895.953
P2,0e95757edf6d1957,"{""policy"":""P2"",""fixed_p"":28,""alpha"":2,""beta"":16,""ef_min"":8,""ef_max"":512}",1000,0.8403999999999999,0.4,28.0,28.0,28289.062,31414.3,2487.935,4038.399999999998,4675.34,805.116,112.0,10157.782
P2,962a453bc8a68327,"{""policy"":""P2"",""fixed_p"":28,""alpha"":2,""beta"":32,""ef_min"":8,""ef_max"":512}",1000,0.871,0.5,28.0,28.0,44481.399,48795.0,3064.033,4634.5,5241.929999999999,1263.556,128.0,14821.964
P2,8d5975290a8d8913,"{""policy"":""P2"",""fixed_p"":28,""alpha"":2,""beta"":64,""ef_min"":8,""ef_max"":512}",1000,0.9043,0.6,28.0,28.0,72782.527,79156.0,4293.676,5732.65,6529.299999999999,2132.437,160.0,23167.273
P2,de01b97b25840964,"{""policy"":""P2"",""fixed_p"":28,""alpha"":4,""beta"":4,""ef_min"":8,""ef_max"":512}",1000,0.8486,0.4,28.0,28.0,22719.927,25869.0,3571.563,6332.449999999999,7483.19,673.843,196.0,8542.03
P2,c80769a0804e89fe,"{""policy"":""P2"",""fixed_p"":28,""alpha"":4,""beta"":8,""ef_min"":8,""ef_max"":512}",1000,0.8573999999999999,0.4,28.0,28.0,23753.494,27060.1,3677.592,6502.1,7601.45,702.27,200.0,8823.585
P2,eb587deff78761a3,"{""policy"":""P2"",""fixed_p"":28,""alpha"":4,""beta"":16,""ef_min"":8,""ef_max"":512}",1000,0.8727,0.4,28.0,28.0,31297.694,35359.15,3901.679,6735.399999999999,7897.04,906.926,208.0,11057.098
P2,35052a354da36fb6,"{""policy"":""P2"",""fixed_p"":28,""alpha"":4,""beta"":32,""ef_min"":8,""ef_max"":512}",1000,0.8966000000000001,0.6,28.0,28.0,47341.09,52594.1,4364.129,7204.399999999998,8384.03,1364.632,224.0,15670.024
P2,4ba808e3e4b44ef1,"{""policy"":""P2"",""fixed_p"":28,""alpha"":4,""beta"":64,""ef_min"":8,""ef_max"":512}",1000,0.9185,0.6,28.0,28.0,75468.76,82700.4,5327.928,8167.249999999999,9367.67,2233.633,256.0,23981.737
P2,6caddce3f4114353,"{""policy"":""P2"",""fixed_p"":28,""alpha"":8,""beta"":4,""ef_min"":8,""ef_max"":512}",1000,0.8892,0.5,28.0,28.0,28174.988,32922.15,6141.994,10957.1,12831.089999999998,873.094,388.0,10169.574
P2,cb4da41d7e169108,"{""policy"":""P2"",""fixed_p"":28,""alpha"":8,""beta"":8,""ef_min"":8,""ef_max"":512}",1000,0.8939,0.5,28.0,28.0,29411.459,34791.35,6238.298,11099.0,12983.529999999999,907.782,392.0,10525.472
P2,8ca1975c38b75424,"{""policy"":""P2"",""fixed_p"":28,""alpha"":8,""beta"":16,""ef_min"":8,""ef_max"":512}",1000,0.9035,0.6,28.0,28.0,36788.575,43170.8,6429.563,11306.25,13103.719999999998,1110.827,400.0,12718.058
P2,724690247a2bc4e5,"{""policy"":""P2"",""fixed_p"":28,""alpha"":8,""beta"":32,""ef_min"":8,""ef_max"":512}",1000,0.9195,0.6,28.0,28.0,52603.733,60018.75,6812.275,11703.449999999999,13585.55,1567.316,416.0,17278.499
P2,c06f5e55da17d6e3,"{""policy"":""P2"",""fixed_p"":28,""alpha"":8,""beta"":64,""ef_min"":8,""ef_max"":512}",1000,0.9355,0.7,28.0,28.0,80452.814,89385.6,7588.595,12434.5,14430.01,2436.024,448.0,25524.501
P2,1e14974444b4dac8,"{""policy"":""P2"",""fixed_p"":28,""alpha"":16,""beta"":4,""ef_min"":8,""ef_max"":512}",1000,0.9213,0.6,28.0,28.0,37488.85,47957.7,9686.651,15912.15,17283.37,1230.946,512.0,13016.463
P2,6cbf0bf9baba801b,"{""policy"":""P2"",""fixed_p"":28,""alpha"":16,""beta"":8,""ef_min"":8,""ef_max"":512}",1000,0.9234,0.6,28.0,28.0,38560.56,49719.049999999996,9746.565,15927.35,17284.26,1262.379,512.0,13288.877
P2,1e6c219090cefc3c,"{""policy"":""P2"",""fixed_p"":28,""alpha"":16,""beta"":16,""ef_min"":8,""ef_max"":512}",1000,0.9289,0.6950000000000003,28.0,28.0,45733.842,57753.15,9867.679,16101.2,17287.64,1461.695,512.0,15428.564
P2,7919d44e79e17029,"{""policy"":""P2"",""fixed_p"":28,""alpha"":16,""beta"":32,""ef_min"":8,""ef_max"":512}",1000,0.9388,0.7,28.0,28.0,61138.306,73683.49999999999,10098.023,16258.149999999998,17550.02,1909.954,512.0,19907.536
P2,ac0859f2c2f04a41,"{""policy"":""P2"",""fixed_p"":28,""alpha"":16,""beta"":64,""ef_min"":8,""ef_max"":512}",1000,0.9478,0.7,28.0,28.0,88362.649,102621.65,10543.059,16413.1,17793.859999999997,2764.53,512.0,27988.356
P2,ccafed9146a2b8b9,"{""policy"":""P2"",""fixed_p"":29,""alpha"":1,""beta"":4,""ef_min"":8,""ef_max"":512}",1000,0.7593,0.2,29.0,29.0,19364.999,21577.399999999998,1365.291,2090.2999999999997,2404.4599999999996,560.342,52.0,7617.339
P2,3141769e2fde0316,"{""policy"":""P2"",""fixed_p"":29,""alpha"":1,""beta"":8,""ef_min"":8,""ef_max"":512}",1000,0.775,0.29500000000000026,29.0,29.0,19761.472,21894.55,1461.13,2243.2,2572.0699999999997,571.596,56.0,7731.417
P2,71d76f681e05aec9,"{""policy"":""P2"",""fixed_p"":29,""alpha"":1,""beta"":16,""ef_min"":8,""ef_max"":512}",1000,0.8099,0.3,29.0,29.0,27639.028,30384.25,1796.443,2567.1499999999996,2905.21,782.05,64.0,10041.56
P2,f9b2bfd851d8c66f,"{""policy"":""P2"",""fixed_p"":29,""alpha"":1,""beta"":32,""ef_min"":8,""ef_max"":512}",1000,0.853,0.5,29.0,29.0,44526.756,48627.95,2556.41,3230.25,3606.04,1257.503,80.0,14935.109
P2,b8271d96690f05d2,"{""policy"":""P2"",""fixed_p"":29,""alpha"":1,""beta"":64,""ef_min"":8,""ef_max"":512}",1000,0.8965,0.6,29.0,29.0,73981.278,80075.05,3944.178,4571.299999999999,4918.19,2157.452,112.0,23637.82
P2,50df28128711ce31,"{""policy"":""P2"",""fixed_p"":29,""alpha"":2,""beta"":4,""ef_min"":8,""ef_max"":512}",1000,0.8071,0.3,29.0,29.0,20654.679,23180.25,2100.131,3587.0499999999984,4198.42,601.618,100.0,7994.204
P2,3bf025f528aad14f,"{""policy"":""P2"",""fixed_p"":29,""alpha"":2,""beta"":8,""ef_min"":8,""ef_max"":512}",1000,0.8169,0.3,29.0,29.0,21296.637,23695.1,2220.205,3767.1,4384.04,619.417,104.0,8177.475
P2,22b5ac60db0ef9f7,"{""policy"":""P2"",""fixed_p"":29,""alpha"":2,""beta"":16,""ef_min"":8,""ef_max"":512}",1000,0.8418,0.4,29.0,29.0,29247.762,32415.949999999997,2488.69,4038.399999999998,4675.34,832.941,112.0,10517.082
P2,fee6478501fc4d0e,"{""policy"":""P2"",""fixed_p"":29,""alpha"":2,""beta"":32,""ef_min"":8,""ef_max"":512}",1000,0.873,0.5,29.0,29.0,46045.539,50503.6,3067.201,4634.5,5241.929999999999,1308.057,128.0,15363.04
P2,a03e0ce5b9b91171,"{""policy"":""P2"",""fixed_p"":29,""alpha"":2,""beta"":64,""ef_min"":8,""ef_max"":512}",1000,0.9067000000000001,0.6,29.0,29.0,75395.138,82002.65,4298.536,5732.65,6529.299999999999,2207.978,160.0,24031.48
P2,49118099a33615b7,"{""policy"":""P2"",""fixed_p"":29,""alpha"":4,""beta"":4,""ef_min"":8,""ef_max"":512}",1000,0.85,0.4,29.0,29.0,23418.401,26474.649999999998,3571.563,6332.449999999999,7483.19,694.821,196.0,8823.552
P2,1590f6d2471ff146,"{""policy"":""P2"",""fixed_p"":29,""alpha"":4,""beta"":8,""ef_min"":8,""ef_max"":512}",1000,0.8588,0.4,29.0,29.0,24451.968,27789.5,3677.592,6502.1,7601.45,723.248,200.0,9105.107
P2,82993c040e8a2028,"{""policy"":""P2"",""fixed_p"":29,""alpha"":4,""beta"":16,""ef_min"":8,""ef_max"":512}",1000,0.8741,0.4,29.0,29.0,32256.394,36439.1,3901.679,6735.399999999999,7897.04,934.751,208.0,11416.398
P2,b90e5ed84266125d,"{""policy"":""P2"",""fixed_p"":29,""alpha"":4,""beta"":32,""ef_min"":8,""ef_max"":512}",1000,0.8986000000000001,0.6,29.0,29.0,48905.23,54287.65,4364.217,7204.399999999998,8384.03,1409.133,224.0,16211.1
P2,dc7ed54c33854ddd,"{""policy"":""P2"",""fixed_p"":29,""alpha"":4,""beta"":64,""ef_min"":8,""ef_max"":512}",1000,0.9208999999999999,0.6,29.0,29.0,78081.371,85360.45,5329.553,8167.249999999999,9367.67,2309.174,256.0,24845.944
P2,35f057965d5f6e4e,"{""policy"":""P2"",""fixed_p"":29,""alpha"":8,""beta"":4,""ef_min"":8,""ef_max"":512}",1000,0.8906000000000001,0.5,29.0,29.0,28873.462,33618.5,6141.994,10957.1,12831.089999999998,894.072,388.0,10451.096
P2,95636411b9ca0eaa,"{""policy"":""P2"",""fixed_p"":29,""alpha"":8,""beta"":8,""ef_min"":8,""ef_max"":512}",1000,0.8953,0.5,29.0,29.0,30109.933,35641.05,6238.298,11099.0,12983.529999999999,928.76,392.0,10806.994
P2,12e5f8c2ee141b2b,"{""policy"":""P2"",""fixed_p"":29,""alpha"":8,""beta"":16,""ef_min"":8,""ef_max"":512}",1000,0.9048999999999999,0.6,29.0,29.0,37747.275,44219.1,6429.563,11306.25,13103.719999999998,1138.652,400.0,13077.358
P2,3aabb0b007b21cf0,"{""policy"":""P2"",""fixed_p"":29,""alpha"":8,""beta"":32,""ef_min"":8,""ef_max"":512}",1000,0.9215,0.6,29.0,29.0,54167.873,61600.5,6812.275,11703.449999999999,13585.55,1611.817,416.0,17819.575
P2,1f7ed0e66633c69d,"{""policy"":""P2"",""fixed_p"":29,""alpha"":8,""beta"":64,""ef_min"":8,""ef_max"":512}",1000,0.9377000000000001,0.7,29.0,29.0,83065.425,92127.7,7588.981,12434.5,14430.01,2511.565,448.0,26388.708
P2,ab3a4ad6e3a49794,"{""policy"":""P2"",""fixed_p"":29,""alpha"":16,""beta"":4,""ef_min"":8,""ef_max"":512}",1000,0.9227000000000001,0.6,29.0,29.0,38187.324,48588.549999999996,9686.651,15912.15,17283.37,1251.924,512.0,13297.985
P2,de5781993ad5b442,"{""policy"":""P2"",""fixed_p"":29,""alpha"":16,""beta"":8,""ef_min"":8,""ef_max"":512}",1000,0.9248,0.6,29.0,29.0,39259.034,50484.75,9746.565,15927.35,17284.26,1283.357,512.0,13570.399
P2,e80d6c12c86fb123,"{""policy"":""P2"",""fixed_p"":29,""alpha"":16,""beta"":16,""ef_min"":8,""ef_max"":512}",1000,0.9302999999999999,0.7,29.0,29.0,46692.542,58625.399999999994,9867.679,16101.2,17287.64,1489.52,512.0,15787.864
P2,d79b1008bd1b9e99,"{""policy"":""P2"",""fixed_p"":29,""alpha"":16,""beta"":32,""ef_min"":8,""ef_max"":512}",1000,0.9407000000000001,0.7,29.0,29.0,62702.446,75417.85,10098.023,16258.149999999998,17550.02,1954.455,512.0,20448.612
P2,8cb7da2e4bc0072c,"{""policy"":""P2"",""fixed_p"":29,""alpha"":16,""beta"":64,""ef_min"":8,""ef_max"":512}",1000,0.95,0.7,29.0,29.0,90975.26,105274.3,10543.059,16413.1,17793.859999999997,2840.071,512.0,28852.563
P2,25b268f1afa09fa2,"{""policy"":""P2"",""fixed_p"":30,""alpha"":1,""beta"":4,""ef_min"":8,""ef_max"":512}",1000,0.7602000000000001,0.2,30.0,30.0,20062.709,22296.1,1367.78,2090.2999999999997,2404.4599999999996,581.602,52.0,7895.366
P2,a9a9f95ba1dbed36,"{""policy"":""P2"",""fixed_p"":30,""alpha"":1,""beta"":8,""ef_min"":8,""ef_max"":512}",1000,0.7758999999999999,0.29500000000000026,30.0,30.0,20459.182,22624.5,1462.825,2243.2,2572.0699999999997,592.856,56.0,8009.444
P2,b9ed1fed6aef62ad,"{""policy"":""P2"",""fixed_p"":30,""alpha"":1,""beta"":16,""ef_min"":8,""ef_max"":512}",1000,0.8109,0.3,30.0,30.0,28608.381,31394.1,1798.283,2567.1499999999996,2905.21,810.33,64.0,10407.348
P2,7c83cfd81693481b,"{""policy"":""P2"",""fixed_p"":30,""alpha"":1,""beta"":32,""ef_min"":8,""ef_max"":512}",1000,0.8543,0.5,30.0,30.0,46132.24,50199.25,2561.322,3230.25,3606.04,1302.879,80.0,15490.034
P2,2c6ea61fe09c5640,"{""policy"":""P2"",""fixed_p"":30,""alpha"":1,""beta"":64,""ef_min"":8,""ef_max"":512}",1000,0.8981,0.6,30.0,30.0,76657.566,82697.65,3949.671,4571.299999999999,4918.19,2233.961,112.0,24519.714
P2,4b3afae13de78e3e,"{""policy"":""P2"",""fixed_p"":30,""alpha"":2,""beta"":4,""ef_min"":8,""ef_max"":512}",1000,0.808,0.3,30.0,30.0,21352.389,23913.6,2100.537,3587.0499999999984,4198.42,622.878,100.0,8272.231
P2,af455987dc38b711,"{""policy"":""P2"",""fixed_p"":30,""alpha"":2,""beta"":8,""ef_min"":8,""ef_max"":512}",1000,0.8178,0.3,30.0,30.0,21994.347,24417.45,2220.538,3767.1,4384.04,640.677,104.0,8455.502
P2,d1d47d6d19eb374d,"{""policy"":""P2"",""fixed_p"":30,""alpha"":2,""beta"":16,""ef_min"":8,""ef_max"":512}",1000,0.8428,0.4,30.0,30.0,30217.115,33379.35,2488.749,4038.399999999998,4675.34,861.221,112.0,10882.87
P2,d0c962aa96c5cacf,"{""policy"":""P2"",""fixed_p"":30,""alpha"":2,""beta"":32,""ef_min"":8,""ef_max"":512}",1000,0.8743,0.5,30.0,30.0,47651.023,52216.4,3069.384,4634.5,5241.929999999999,1353.433,128.0,15917.965
P2,d376483941c6e505,"{""policy"":""P2"",""fixed_p"":30,""alpha"":2,""beta"":64,""ef_min"":8,""ef_max"":512}",1000,0.9083,0.6,30.0,30.0,78071.426,84645.75,4301.31,5732.65,6529.299999999999,2284.487,160.0,24913.374
P2,37853415dc59da99,"{""policy"":""P2"",""fixed_p"":30,""alpha"":4,""beta"":4,""ef_min"":8,""ef_max"":512}",1000,0.8509,0.4,30.0,30.0,24116.111,27212.649999999998,3571.563,6332.449999999999,7483.19,716.081,196.0,9101.579
P2,02cdab7d480a499e,"{""policy"":""P2"",""fixed_p"":30,""alpha"":4,""beta"":8,""ef_min"":8,""ef_max"":512}",1000,0.8597,0.4,30.0,30.0,25149.678,28501.05,3677.592,6502.1,7601.45,744.508,200.0,9383.134
P2,db3e3e60256fe329,"{""policy"":""P2"",""fixed_p"":30,""alpha"":4,""beta"":16,""ef_min"":8,""ef_max"":512}",1000,0.8751,0.5,30.0,30.0,33225.747,37382.4,3901.679,6735.399999999999,7897.04,963.031,208.0,11782.186
P2,3aba4c0527c1fb9a,"{""policy"":""P2"",""fixed_p"":30,""alpha"":4,""beta"":32,""ef_min"":8,""ef_max"":512}",1000,0.8998999999999999,0.6,30.0,30.0,50510.714,55851.95,4364.759,7204.399999999998,8384.03,1454.509,224.0,16766.025
P2,56791582189388a5,"{""policy"":""P2"",""fixed_p"":30,""alpha"":4,""beta"":64,""ef_min"":8,""ef_max"":512}",1000,0.9225,0.6,30.0,30.0,80757.659,88137.5,5330.773,8167.249999999999,9367.67,2385.683,256.0,25727.838
P2,146e8b4a2f0a36d6,"{""policy"":""P2"",""fixed_p"":30,""alpha"":8,""beta"":4,""ef_min"":8,""ef_max"":512}",1000,0.8915,0.5,30.0,30.0,29571.172,34391.1,6141.994,10957.1,12831.089999999998,915.332,388.0,10729.123
P2,c41230692367884b,"{""policy"":""P2"",""fixed_p"":30,""alpha"":8,""beta"":8,""ef_min"":8,""ef_max"":512}",1000,0.8962,0.5,30.0,30.0,30807.643,36275.15,6238.298,11099.0,12983.529999999999,950.02,392.0,11085.021
P2,88ab67752badcc2b,"{""policy"":""P2"",""fixed_p"":30,""alpha"":8,""beta"":16,""ef_min"":8,""ef_max"":512}",1000,0.9058999999999999,0.6,30.0,30.0,38716.628,44972.9,6429.563,11306.25,13103.719999999998,1166.932,400.0,13443.146
P2,b4597d68f5e57023,"{""policy"":""P2"",""fixed_p"":30,""alpha"":8,""beta"":32,""ef_min"":8,""ef_max"":512}",1000,0.9228,0.6,30.0,30.0,55773.357,63191.65,6812.275,11703.449999999999,13585.55,1657.193,416.0,18374.5
P2,63ddcb2495e3fa38,"{""policy"":""P2"",""fixed_p"":30,""alpha"":8,""beta"":64,""ef_min"":8,""ef_max"":512}",1000,0.9392999999999999,0.7,30.0,30.0,85741.713,95011.95,7589.397,12434.5,14430.01,2588.074,448.0,27270.602
P2,76673db94fc8927a,"{""policy"":""P2"",""fixed_p"":30,""alpha"":16,""beta"":4,""ef_min"":8,""ef_max"":512}",1000,0.9236,0.6,30.0,30.0,38885.034,49216.549999999996,9686.651,15912.15,17283.37,1273.184,512.0,13576.012
P2,8f42c89065eca7da,"{""policy"":""P2"",""fixed_p"":30,""alpha"":16,""beta"":8,""ef_min"":8,""ef_max"":512}",1000,0.9257000000000001,0.6,30.0,30.0,39956.744,51108.7,9746.565,15927.35,17284.26,1304.617,512.0,13848.426
P2,f7e69c40cc58fecd,"{""policy"":""P2"",""fixed_p"":30,""alpha"":16,""beta"":16,""ef_min"":8,""ef_max"":512}",1000,0.9312999999999999,0.7,30.0,30.0,47661.895,59504.2,9867.679,16101.2,17287.64,1517.8,512.0,16153.652
P2,37bc0e3eb17963d0,"{""policy"":""P2"",""fixed_p"":30,""alpha"":16,""beta"":32,""ef_min"":8,""ef_max"":512}",1000,0.942,0.7,30.0,30.0,64307.93,76986.25,10098.023,16258.149999999998,17550.02,1999.831,512.0,21003.537
P2,234a8acc4c4d7a4a,"{""policy"":""P2"",""fixed_p"":30,""alpha"":16,""beta"":64,""ef_min"":8,""ef_max"":512}",1000,0.9516,0.7,30.0,30.0,93651.548,107798.9,10543.059,16413.1,17793.859999999997,2916.58,512.0,29734.457
P2,db2f996ce2f4c843,"{""policy"":""P2"",""fixed_p"":31,""alpha"":1,""beta"":4,""ef_min"":8,""ef_max"":512}",1000,0.7607,0.2,31.0,31.0,20871.097,23217.05,1371.484,2090.2999999999997,2404.4599999999996,603.062,52.0,8222.251
P2,613ee3e1dcb2b593,"{""policy"":""P2"",""fixed_p"":31,""alpha"":1,""beta"":8,""ef_min"":8,""ef_max"":512}",1000,0.7764,0.29500000000000026,31.0,31.0,21267.57,23517.0,1465.109,2243.2,2572.0699999999997,614.316,56.0,8336.329
P2,7be1beb7568024bd,"{""policy"":""P2"",""fixed_p"":31,""alpha"":1,""beta"":16,""ef_min"":8,""ef_max"":512}",1000,0.8114,0.3,31.0,31.0,29744.055,32584.4,1803.131,2567.1499999999996,2905.21,839.037,64.0,10835.558
P2,ff5c24c592892187,"{""policy"":""P2"",""fixed_p"":31,""alpha"":1,""beta"":32,""ef_min"":8,""ef_max"":512}",1000,0.8552000000000001,0.5,31.0,31.0,48017.182,52184.9,2579.121,3235.1,3606.04,1348.724,80.0,16151.9
P2,4feb32c38f69fa5c,"{""policy"":""P2"",""fixed_p"":31,""alpha"":1,""beta"":64,""ef_min"":8,""ef_max"":512}",1000,0.8992,0.6,31.0,31.0,79832.165,85895.75,3983.626,4615.2,4918.19,2311.034,112.0,25578.002
P2,29015fd9c1c69e27,"{""policy"":""P2"",""fixed_p"":31,""alpha"":2,""beta"":4,""ef_min"":8,""ef_max"":512}",1000,0.8085,0.3,31.0,31.0,22160.777,24792.5,2101.264,3587.0499999999984,4198.42,644.338,100.0,8599.116
P2,43c34e3a98c1442b,"{""policy"":""P2"",""fixed_p"":31,""alpha"":2,""beta"":8,""ef_min"":8,""ef_max"":512}",1000,0.8182999999999999,0.3,31.0,31.0,22802.735,25269.05,2220.848,3767.1,4384.04,662.137,104.0,8782.387
P2,1845b13a7f0c55be,"{""policy"":""P2"",""fixed_p"":31,""alpha"":2,""beta"":16,""ef_min"":8,""ef_max"":512}",1000,0.8432999999999999,0.4,31.0,31.0,31352.789,34573.8,2489.491,4038.399999999998,4675.34,889.928,112.0,11311.08
P2,fa5016598a253112,"{""policy"":""P2"",""fixed_p"":31,""alpha"":2,""beta"":32,""ef_min"":8,""ef_max"":512}",1000,0.8752000000000001,0.5,31.0,31.0,49535.965,54008.95,3076.655,4634.5,5241.929999999999,1399.278,128.0,16579.831
P2,b47c084231b35529,"{""policy"":""P2"",""fixed_p"":31,""alpha"":2,""beta"":64,""ef_min"":8,""ef_max"":512}",1000,0.9094,0.6,31.0,31.0,81246.025,87742.09999999999,4322.747,5732.65,6529.299999999999,2361.56,160.0,25971.662
P2,3c8f89d78deb2b73,"{""policy"":""P2"",""fixed_p"":31,""alpha"":4,""beta"":4,""ef_min"":8,""ef_max"":512}",1000,0.8513999999999999,0.4,31.0,31.0,24924.499,28034.85,3571.563,6332.449999999999,7483.19,737.541,196.0,9428.464
P2,5eebfcbfe099f462,"{""policy"":""P2"",""fixed_p"":31,""alpha"":4,""beta"":8,""ef_min"":8,""ef_max"":512}",1000,0.8602000000000001,0.4,31.0,31.0,25958.066,29325.1,3677.592,6502.1,7601.45,765.968,200.0,9710.019
P2,76378eeed907f5e8,"{""policy"":""P2"",""fixed_p"":31,""alpha"":4,""beta"":16,""ef_min"":8,""ef_max"":512}",1000,0.8756,0.5,31.0,31.0,34361.421,38427.35,3901.684,6735.399999999999,7897.04,991.738,208.0,12210.396
P2,7266f3d9a4397c1c,"{""policy"":""P2"",""fixed_p"":31,""alpha"":4,""beta"":32,""ef_min"":8,""ef_max"":512}",1000,0.9007999999999999,0.6,31.0,31.0,52395.656,57639.4,4366.162,7204.399999999998,8384.03,1500.354,224.0,17427.891
P2,cff6b6352272ea74,"{""policy"":""P2"",""fixed_p"":31,""alpha"":4,""beta"":64,""ef_min"":8,""ef_max"":512}",1000,0.9236,0.6,31.0,31.0,83932.258,91120.45,5337.001,8167.249999999999,9367.67,2462.756,256.0,26786.126
P2,871cb512feabcc8c,"{""policy"":""P2"",""fixed_p"":31,""alpha"":8,""beta"":4,""ef_min"":8,""ef_max"":512}",1000,0.892,0.5,31.0,31.0,30379.56,35201.299999999996,6141.994,10957.1,12831.089999999998,936.792,388.0,11056.008
P2,ac18f01c4a211b77,"{""policy"":""P2"",""fixed_p"":31,""alpha"":8,""beta"":8,""ef_min"":8,""ef_max"":512}",1000,0.8967,0.5,31.0,31.0,31616.031,37006.0,6238.298,11099.0,12983.529999999999,971.48,392.0,11411.906
P2,677525180b8caaca,"{""policy"":""P2"",""fixed_p"":31,""alpha"":8,""beta"":16,""ef_min"":8,""ef_max"":512}",1000,0.9064,0.6,31.0,31.0,39852.302,45952.299999999996,6429.563,11306.25,13103.719999999998,1195.639,400.0,13871.356
P2,211ee9551814cf73,"{""policy"":""P2"",""fixed_p"":31,""alpha"":8,""beta"":32,""ef_min"":8,""ef_max"":512}",1000,0.9237000000000001,0.6,31.0,31.0,57658.299,64766.4,6812.275,11703.449999999999,13585.55,1703.038,416.0,19036.366
P2,79a1c55c177c642f,"{""policy"":""P2"",""fixed_p"":31,""alpha"":8,""beta"":64,""ef_min"":8,""ef_max"":512}",1000,0.9402,0.7,31.0,31.0,88916.312,97847.95,7589.987,12434.5,14430.01,2665.147,448.0,28328.89
P2,8d0b20483266ff7a,"{""policy"":""P2"",""fixed_p"":31,""alpha"":16,""beta"":4,""ef_min"":8,""ef_max"":512}",1000,0.9241,0.6,31.0,31.0,39693.422,50110.8,9686.651,15912.15,17283.37,1294.644,512.0,13902.897
P2,64fef1b7b6563e4e,"{""policy"":""P2"",""fixed_p"":31,""alpha"":16,""beta"":8,""ef_min"":8,""ef_max"":512}",1000,0.9262,0.6,31.0,31.0,40765.132,51633.94999999999,9746.565,15927.35,17284.26,1326.077,512.0,14175.311
P2,0363796fcd307893,"{""policy"":""P2"",""fixed_p"":31,""alpha"":16,""beta"":16,""ef_min"":8,""ef_max"":512}",1000,0.9318,0.7,31.0,31.0,48797.569,60435.45,9867.679,16101.2,17287.64,1546.507,512.0,16581.862
P2,f746efb29d802157,"{""policy"":""P2"",""fixed_p"":31,""alpha"":16,""beta"":32,""ef_min"":8,""ef_max"":512}",1000,0.9428,0.7,31.0,31.0,66192.872,78697.1,10098.023,16258.149999999998,17550.02,2045.676,512.0,21665.403
P2,473d1e500ea63660,"{""policy"":""P2"",""fixed_p"":31,""alpha"":16,""beta"":64,""ef_min"":8,""ef_max"":512}",1000,0.9525,0.7,31.0,31.0,96826.147,110404.1,10543.454,16413.1,17793.859999999997,2993.653,512.0,30792.745
P2,6118b88e690cb23e,"{""policy"":""P2"",""fixed_p"":32,""alpha"":1,""beta"":4,""ef_min"":8,""ef_max"":512}",1000,0.762,0.2,32.0,32.0,21653.157,24027.649999999998,1377.588,2090.2999999999997,2404.4599999999996,625.331,52.0,8547.548
P2,71f2b37834665c7e,"{""policy"":""P2"",""fixed_p"":32,""alpha"":1,""beta"":8,""ef_min"":8,""ef_max"":512}",1000,0.7777000000000001,0.29500000000000026,32.0,32.0,22049.63,24320.0,1469.023,2243.2,2572.0699999999997,636.585,56.0,8661.626
P2,3ca91c2f2891743c,"{""policy"":""P2"",""fixed_p"":32,""alpha"":1,""beta"":16,""ef_min"":8,""ef_max"":512}",1000,0.8128,0.3,32.0,32.0,30837.221,33808.65,1807.727,2567.1499999999996,2905.21,868.484,64.0,11262.016
P2,75a6b715e366237d,"{""policy"":""P2"",""fixed_p"":32,""alpha"":1,""beta"":32,""ef_min"":8,""ef_max"":512}",1000,0.8571,0.5,32.0,32.0,49815.639,54018.3,2588.673,3235.1,3606.04,1395.013,80.0,16805.582
P2,4e44215a0d2ec613,"{""policy"":""P2"",""fixed_p"":32,""alpha"":1,""beta"":64,""ef_min"":8,""ef_max"":512}",1000,0.9011,0.6,32.0,32.0,82884.178,89000.25,4003.197,4624.1,4918.19,2389.092,112.0,26619.76
P2,c50b40ff2b61b671,"{""policy"":""P2"",""fixed_p"":32,""alpha"":2,""beta"":4,""ef_min"":8,""ef_max"":512}",1000,0.8098,0.3,32.0,32.0,22942.837,25611.45,2102.337,3587.0499999999984,4198.42,666.607,100.0,8924.413
P2,aa06eedb41293e6d,"{""policy"":""P2"",""fixed_p"":32,""alpha"":2,""beta"":8,""ef_min"":8,""ef_max"":512}",1000,0.8196,0.3,32.0,32.0,23584.795,26075.149999999998,2221.586,3767.1,4384.04,684.406,104.0,9107.684
P2,1ae23f8a93cb9e2d,"{""policy"":""P2"",""fixed_p"":32,""alpha"":2,""beta"":16,""ef_min"":8,""ef_max"":512}",1000,0.8447,0.4,32.0,32.0,32445.955,35683.25,2490.487,4038.399999999998,4675.34,919.375,112.0,11737.538
P2,c5ee57768d45975f,"{""policy"":""P2"",""fixed_p"":32,""alpha"":2,""beta"":32,""ef_min"":8,""ef_max"":512}",1000,0.8771,0.5,32.0,32.0,51334.422,55872.15,3079.97,4634.5,5241.929999999999,1445.567,128.0,17233.513
P2,e2ea2a528ed8ca9c,"{""policy"":""P2"",""fixed_p"":32,""alpha"":2,""beta"":64,""ef_min"":8,""ef_max"":512}",1000,0.9113,0.6,32.0,32.0,84298.038,90720.85,4334.721,5732.65,6529.299999999999,2439.618,160.0,27013.42
P2,eea5fda9caca2036,"{""policy"":""P2"",""fixed_p"":32,""alpha"":4,""beta"":4,""ef_min"":8,""ef_max"":512}",1000,0.8527,0.4,32.0,32.0,25706.559,28868.3,3571.769,6332.449999999999,7483.19,759.81,196.0,9753.761
P2,b08196a48a6f3e38,"{""policy"":""P2"",""fixed_p"":32,""alpha"":4,""beta"":8,""ef_min"":8,""ef_max"":512}",1000,0.8615,0.4,32.0,32.0,26740.126,30083.05,3677.752,6502.1,7601.45,788.237,200.0,10035.316
P2,f7f7d824e4601d54,"{""policy"":""P2"",""fixed_p"":32,""alpha"":4,""beta"":16,""ef_min"":8,""ef_max"":512}",1000,0.877,0.5,32.0,32.0,35454.587,39555.5,3901.861,6735.399999999999,7897.04,1021.185,208.0,12636.854
P2,1190d4dbd48fda25,"{""policy"":""P2"",""fixed_p"":32,""alpha"":4,""beta"":32,""ef_min"":8,""ef_max"":512}",1000,0.9027000000000001,0.6,32.0,32.0,54194.113,59574.2,4366.588,7204.399999999998,8384.03,1546.643,224.0,18081.573
P2,2187a1670ef8e6d0,"{""policy"":""P2"",""fixed_p"":32,""alpha"":4,""beta"":64,""ef_min"":8,""ef_max"":512}",1000,0.9255,0.7,32.0,32.0,86984.271,94293.4,5343.005,8167.249999999999,9367.67,2540.814,256.0,27827.884
P2,1ca16e50827b9a0c,"{""policy"":""P2"",""fixed_p"":32,""alpha"":8,""beta"":4,""ef_min"":8,""ef_max"":512}",1000,0.8933,0.5,32.0,32.0,31161.62,35947.35,6141.994,10957.1,12831.089999999998,959.061,388.0,11381.305
P2,8e1efb129464310f,"{""policy"":""P2"",""fixed_p"":32,""alpha"":8,""beta"":8,""ef_min"":8,""ef_max"":512}",1000,0.8979,0.5,32.0,32.0,32398.091,37809.799999999996,6238.298,11099.0,12983.529999999999,993.749,392.0,11737.203
P2,56992fee0be5277f,"{""policy"":""P2"",""fixed_p"":32,""alpha"":8,""beta"":16,""ef_min"":8,""ef_max"":512}",1000,0.9077999999999999,0.6,32.0,32.0,40945.468,47058.8,6429.563,11306.25,13103.719999999998,1225.086,400.0,14297.814
P2,aad4bfe78109080c,"{""policy"":""P2"",""fixed_p"":32,""alpha"":8,""beta"":32,""ef_min"":8,""ef_max"":512}",1000,0.9256,0.6,32.0,32.0,59456.756,66483.59999999999,6812.275,11703.449999999999,13585.55,1749.327,416.0,19690.048
P2,2d74261af8367f9f,"{""policy"":""P2"",""fixed_p"":32,""alpha"":8,""beta"":64,""ef_min"":8,""ef_max"":512}",1000,0.9421,0.7,32.0,32.0,91968.325,100813.45,7591.577,12434.5,14430.01,2743.205,448.0,29370.648
P2,32aa80efcc18c7c4,"{""policy"":""P2"",""fixed_p"":32,""alpha"":16,""beta"":4,""ef_min"":8,""ef_max"":512}",1000,0.9252999999999999,0.6,32.0,32.0,40475.482,50913.0,9686.651,15912.15,17283.37,1316.913,512.0,14228.194
P2,bebbf9ff93f47bbb,"{""policy"":""P2"",""fixed_p"":32,""alpha"":16,""beta"":8,""ef_min"":8,""ef_max"":512}",1000,0.9274,0.6950000000000003,32.0,32.0,41547.192,52564.9,9746.565,15927.35,17284.26,1348.346,512.0,14500.608
P2,8a54db155ba97fab,"{""policy"":""P2"",""fixed_p"":32,""alpha"":16,""beta"":16,""ef_min"":8,""ef_max"":512}",1000,0.9332,0.7,32.0,32.0,49890.735,61638.2,9867.679,16101.2,17287.64,1575.954,512.0,17008.32
P2,77ee446475224cf6,"{""policy"":""P2"",""fixed_p"":32,""alpha"":16,""beta"":32,""ef_min"":8,""ef_max"":512}",1000,0.9447000000000001,0.7,32.0,32.0,67991.329,80290.15,10098.023,16258.149999999998,17550.02,2091.965,512.0,22319.085
P2,a7e076b606fc3daf,"{""policy"":""P2"",""fixed_p"":32,""alpha"":16,""beta"":64,""ef_min"":8,""ef_max"":512}",1000,0.9544,0.8,32.0,32.0,99878.16,113441.15,10543.994,16413.1,17793.859999999997,3071.711,512.0,31834.503
P3,e7972f0fb23a4132,"{""policy"":""P3"",""alpha"":1,""beta"":4,""ef_min"":8,""ef_max"":512}",1000,0.7439,0.2,8.242,16.0,5442.383,10091.849999999999,1291.747,2090.2999999999997,2404.4599999999996,132.928,52.0,2074.264
P3,d72ec85154fba925,"{""policy"":""P3"",""alpha"":1,""beta"":8,""ef_min"":8,""ef_max"":512}",1000,0.7596,0.2,8.242,16.0,5838.856,10817.199999999999,1412.742,2243.2,2572.0699999999997,144.182,56.0,2188.342
P3,292d5183cbeaa920,"{""policy"":""P3"",""alpha"":1,""beta"":16,""ef_min"":8,""ef_max"":512}",1000,0.7926,0.3,8.242,16.0,8420.615,16281.649999999998,1707.033,2567.1499999999996,2905.21,212.081,64.0,2902.058
P3,6393d4ec9e3896f2,"{""policy"":""P3"",""alpha"":1,""beta"":32,""ef_min"":8,""ef_max"":512}",1000,0.8312,0.4,8.242,16.0,13294.975,27115.349999999995,2313.437,3230.25,3606.04,345.968,80.0,4273.587
P3,6c90089b461b5375,"{""policy"":""P3"",""alpha"":1,""beta"":64,""ef_min"":8,""ef_max"":512}",1000,0.8725,0.5,8.242,16.0,22003.031,45008.999999999985,3486.538,4530.2,4903.15,604.175,112.0,6731.827
P3,344cb859294ea8f0,"{""policy"":""P3"",""alpha"":2,""beta"":4,""ef_min"":8,""ef_max"":512}",1000,0.7918999999999999,0.2,8.242,16.0,6732.063,11379.949999999999,2090.589,3587.0499999999984,4198.42,174.204,100.0,2451.129
P3,25c7a9e29d8c4a1b,"{""policy"":""P3"",""alpha"":2,""beta"":8,""ef_min"":8,""ef_max"":512}",1000,0.8022,0.3,8.242,16.0,7374.021,12734.449999999999,2213.892,3767.1,4384.04,192.003,104.0,2634.4
P3,78c7c8e25a68b85a,"{""policy"":""P3"",""alpha"":2,""beta"":16,""ef_min"":8,""ef_max"":512}",1000,0.8249,0.3,8.242,16.0,10029.349,18446.55,2472.548,4038.399999999998,4675.34,262.972,112.0,3377.58
P3,be29b05e5d7897b3,"{""policy"":""P3"",""alpha"":2,""beta"":32,""ef_min"":8,""ef_max"":512}",1000,0.8515,0.4,8.242,16.0,14813.758,29099.3,2985.869,4634.5,5241.929999999999,396.522,128.0,4701.518
P3,2ea0b8de6fd0db5c,"{""policy"":""P3"",""alpha"":2,""beta"":64,""ef_min"":8,""ef_max"":512}",1000,0.8827,0.5,8.242,16.0,23416.891,47372.149999999994,4043.919,5732.65,6529.299999999999,654.701,160.0,7125.487
P3,814d6720c48a72dd,"{""policy"":""P3"",""alpha"":4,""beta"":4,""ef_min"":8,""ef_max"":512}",1000,0.8354,0.3,8.242,16.0,9495.785,15058.05,3571.217,6332.449999999999,7483.19,267.407,196.0,3280.477
P3,7c005f1374fb912b,"{""policy"":""P3"",""alpha"":4,""beta"":8,""ef_min"":8,""ef_max"":512}",1000,0.8442000000000001,0.4,8.242,16.0,10529.352,17255.3,3677.334,6502.1,7601.45,295.834,200.0,3562.032
P3,358a491001887f24,"{""policy"":""P3"",""alpha"":4,""beta"":16,""ef_min"":8,""ef_max"":512}",1000,0.8572000000000001,0.4,8.242,16.0,13037.981,22738.199999999997,3900.279,6735.399999999999,7897.04,364.782,208.0,4276.896
P3,54157b37569f2f20,"{""policy"":""P3"",""alpha"":4,""beta"":32,""ef_min"":8,""ef_max"":512}",1000,0.8771,0.5,8.242,16.0,17673.449,32888.24999999999,4349.61,7204.399999999998,8384.03,497.598,224.0,5549.578
P3,2c4c5214ba1ae4e5,"{""policy"":""P3"",""alpha"":4,""beta"":64,""ef_min"":8,""ef_max"":512}",1000,0.8969,0.6,8.242,16.0,26103.124,50981.6,5251.776,8167.249999999999,9367.67,755.897,256.0,7939.951
P3,dd0c067bf87bc724,"{""policy"":""P3"",""alpha"":8,""beta"":4,""ef_min"":8,""ef_max"":512}",1000,0.8761,0.5,8.242,16.0,14950.846,22933.8,6141.994,10957.1,12831.089999999998,466.658,388.0,4908.021
P3,0b91ed752bb6a7d1,"{""policy"":""P3"",""alpha"":8,""beta"":8,""ef_min"":8,""ef_max"":512}",1000,0.8809,0.5,8.242,16.0,16187.317,25524.35,6238.298,11099.0,12983.529999999999,501.346,392.0,5263.919
P3,ccc466d26ad2afba,"{""policy"":""P3"",""alpha"":8,""beta"":16,""ef_min"":8,""ef_max"":512}",1000,0.8883,0.5,8.242,16.0,18528.862,30589.799999999996,6429.563,11306.25,13103.719999999998,568.683,400.0,5937.856
P3,d784bfe0d0b18bd6,"{""policy"":""P3"",""alpha"":8,""beta"":32,""ef_min"":8,""ef_max"":512}",1000,0.9003,0.5,8.242,16.0,22936.092,40145.2,6811.626,11703.449999999999,13585.55,700.282,416.0,7158.053
P3,810fe91a31e09709,"{""policy"":""P3"",""alpha"":8,""beta"":64,""ef_min"":8,""ef_max"":512}",1000,0.9144,0.6,8.242,16.0,31087.178,57758.2,7573.167,12434.5,14430.01,958.288,448.0,9482.715
P3,fdd1cea4e811c4f6,"{""policy"":""P3"",""alpha"":16,""beta"":4,""ef_min"":8,""ef_max"":512}",1000,0.9086000000000001,0.6,8.242,16.0,24264.708,38462.55,9686.651,15912.15,17283.37,824.51,512.0,7754.91
P3,52729bdd5babfc1b,"{""policy"":""P3"",""alpha"":16,""beta"":8,""ef_min"":8,""ef_max"":512}",1000,0.9107999999999999,0.6,8.242,16.0,25336.418,40507.3,9746.565,15927.35,17284.26,855.943,512.0,8027.324
P3,5b8b43de6bcec348,"{""policy"":""P3"",""alpha"":16,""beta"":16,""ef_min"":8,""ef_max"":512}",1000,0.914,0.6,8.242,16.0,27474.129,45244.25,9867.679,16101.2,17287.64,919.551,512.0,8648.362
P3,1bad3cd36c2f007b,"{""policy"":""P3"",""alpha"":16,""beta"":32,""ef_min"":8,""ef_max"":512}",1000,0.9201,0.6,8.242,16.0,31470.665,53774.09999999999,10098.023,16258.149999999998,17550.02,1042.92,512.0,9787.09
P3,32391ffa87f44c71,"{""policy"":""P3"",""alpha"":16,""beta"":64,""ef_min"":8,""ef_max"":512}",1000,0.9271,0.6,8.242,16.0,38997.013,70666.19999999998,10540.046,16413.1,17793.859999999997,1286.794,512.0,11946.57
