policy,config_id,config,query_count,recall_at_10,p5_per_query_recall,mean_shards_per_query,p95_shards_per_query,aggregate_distance_computations_per_query,p95_aggregate_distance_computations,max_shard_distance_computations_mean,p95_max_shard_distance_computations,p99_max_shard_distance_computations,aggregate_nodes_visited_per_query,p95_max_shard_nodes_visited,worker_cpu_time_us_per_query
P0,0b49a0aa365c7f1e,"{""policy"":""P0"",""fixed_p"":1,""uniform_ef_search"":8,""ef_min"":8,""ef_max"":512}",1000,0.6375,0.2,1.0,1.0,410.791,579.0999999999999,410.791,579.0999999999999,679.0,12.043,16.0,206.332
P0,c2fa85a3f0ab9945,"{""policy"":""P0"",""fixed_p"":1,""uniform_ef_search"":16,""ef_min"":8,""ef_max"":512}",1000,0.6967000000000001,0.2,1.0,1.0,546.481,744.0,546.481,744.0,854.1499999999999,17.68,21.0,238.622
P0,5c045e7c45e353d8,"{""policy"":""P0"",""fixed_p"":1,""uniform_ef_search"":32,""ef_min"":8,""ef_max"":512}",1000,0.7539,0.3,1.0,1.0,882.188,1159.2499999999998,882.188,1159.2499999999998,1291.01,32.934,36.0,317.002
P0,21ab6f22997bc6b1,"{""policy"":""P0"",""fixed_p"":1,""uniform_ef_search"":64,""ef_min"":8,""ef_max"":512}",1000,0.7847999999999999,0.3,1.0,1.0,1502.849,1981.2999999999997,1502.849,1981.2999999999997,2142.02,64.366,66.0,470.439
P0,417e843a3088d802,"{""policy"":""P0"",""fixed_p"":1,""uniform_ef_search"":128,""ef_min"":8,""ef_max"":512}",1000,0.7925,0.3,1.0,1.0,2595.599,3461.25,2595.599,3461.25,3674.0299999999997,128.12,129.0,753.05
P0,c324b6c6b7211da0,"{""policy"":""P0"",""fixed_p"":1,""uniform_ef_search"":256,""ef_min"":8,""ef_max"":512}",1000,0.795,0.3,1.0,1.0,4444.108,6042.949999999999,4444.108,6042.949999999999,6396.0,256.073,257.0,1257.728
P0,b5b284e41d984446,"{""policy"":""P0"",""fixed_p"":1,""uniform_ef_search"":512,""ef_min"":8,""ef_max"":512}",1000,0.7953,0.3,1.0,1.0,7433.838,10356.2,7433.838,10356.2,11014.009999999998,512.084,513.0,2182.893
P0,0d52546b9c48598c,"{""policy"":""P0"",""fixed_p"":2,""uniform_ef_search"":8,""ef_min"":8,""ef_max"":512}",1000,0.7656000000000001,0.4,2.0,2.0,784.159,1050.2499999999998,442.01,610.05,693.1499999999999,24.862,20.0,361.189
P0,f8ff35239f22d22d,"{""policy"":""P0"",""fixed_p"":2,""uniform_ef_search"":16,""ef_min"":8,""ef_max"":512}",1000,0.8331000000000001,0.5,2.0,2.0,1056.242,1369.1,582.577,766.2999999999997,891.0,36.139,26.0,423.348
P0,08f3182b3aa721f6,"{""policy"":""P0"",""fixed_p"":2,""uniform_ef_search"":32,""ef_min"":8,""ef_max"":512}",1000,0.8985,0.6,2.0,2.0,1732.651,2186.2,936.92,1196.1999999999998,1346.03,66.624,41.0,579.987
P0,da67bf187de3789d,"{""policy"":""P0"",""fixed_p"":2,""uniform_ef_search"":64,""ef_min"":8,""ef_max"":512}",1000,0.93,0.7,2.0,2.0,2977.923,3801.25,1599.104,2040.3499999999997,2193.08,129.362,72.0,881.801
P0,af38d3533799fe47,"{""policy"":""P0"",""fixed_p"":2,""uniform_ef_search"":128,""ef_min"":8,""ef_max"":512}",1000,0.9379,0.7,2.0,2.0,5154.508,6651.05,2766.137,3515.05,3730.02,256.896,135.0,1440.362
P0,dcb39bd612eae981,"{""policy"":""P0"",""fixed_p"":2,""uniform_ef_search"":256,""ef_min"":8,""ef_max"":512}",1000,0.9404,0.7,2.0,2.0,8805.482,11459.8,4743.124,6112.05,6404.12,512.764,263.0,2427.956
P0,0829f8f57ab849e7,"{""policy"":""P0"",""fixed_p"":2,""uniform_ef_search"":512,""ef_min"":8,""ef_max"":512}",1000,0.9407000000000001,0.7,2.0,2.0,14655.316,19159.4,7962.371,10405.0,11114.15,1024.764,519.0,4199.909
P0,0d78a84c38598d90,"{""policy"":""P0"",""fixed_p"":3,""uniform_ef_search"":8,""ef_min"":8,""ef_max"":512}",1000,0.8072,0.4,3.0,3.0,1154.813,1473.1499999999999,463.283,632.05,722.03,38.753,24.0,504.801
P0,9ded195fc9ecf68a,"{""policy"":""P0"",""fixed_p"":3,""uniform_ef_search"":16,""ef_min"":8,""ef_max"":512}",1000,0.8769,0.6,3.0,3.0,1561.557,1979.4499999999996,606.968,801.1999999999998,927.1999999999998,55.644,29.0,597.722
P0,c6de7039a08707d0,"{""policy"":""P0"",""fixed_p"":3,""uniform_ef_search"":32,""ef_min"":8,""ef_max"":512}",1000,0.9422,0.7,3.0,3.0,2578.999,3213.25,974.062,1249.1499999999999,1379.05,101.497,45.0,832.478
P0,68ad1afbe4eba899,"{""policy"":""P0"",""fixed_p"":3,""uniform_ef_search"":64,""ef_min"":8,""ef_max"":512}",1000,0.9736,0.8,3.0,3.0,4450.199,5571.1,1662.412,2090.25,2223.0299999999997,195.505,75.0,1283.459
P0,85591d2ad956ddf2,"{""policy"":""P0"",""fixed_p"":3,""uniform_ef_search"":128,""ef_min"":8,""ef_max"":512}",1000,0.9815,0.9,3.0,3.0,7727.189,9667.05,2878.228,3587.1,3753.0299999999997,386.596,137.0,2106.758
P0,0f1cf690f7612a1e,"{""policy"":""P0"",""fixed_p"":3,""uniform_ef_search"":256,""ef_min"":8,""ef_max"":512}",1000,0.984,0.9,3.0,3.0,13206.579,16573.3,4941.294,6117.45,6416.01,770.27,265.0,3594.53
P0,4ce505dd83497fff,"{""policy"":""P0"",""fixed_p"":3,""uniform_ef_search"":512,""ef_min"":8,""ef_max"":512}",1000,0.9843,0.9,3.0,3.0,21957.82,27491.1,8318.035,10431.65,11114.15,1538.198,520.0,6225.771
P0,99f64554f021592d,"{""policy"":""P0"",""fixed_p"":4,""uniform_ef_search"":8,""ef_min"":8,""ef_max"":512}",1000,0.818,0.5,4.0,4.0,1539.256,1934.1,486.915,662.0,740.01,54.442,26.0,645.882
P0,a3004f723fadd8fe,"{""policy"":""P0"",""fixed_p"":4,""uniform_ef_search"":16,""ef_min"":8,""ef_max"":512}",1000,0.8877999999999999,0.6,4.0,4.0,2076.271,2555.0,637.118,838.05,955.0699999999999,77.034,33.0,767.174
P0,e95ef758d4a66d7b,"{""policy"":""P0"",""fixed_p"":4,""uniform_ef_search"":32,""ef_min"":8,""ef_max"":512}",1000,0.9532999999999999,0.8,4.0,4.0,3422.688,4174.1,1014.742,1273.0,1409.0,138.209,48.0,1077.04
P0,a6b99609271165a3,"{""policy"":""P0"",""fixed_p"":4,""uniform_ef_search"":64,""ef_min"":8,""ef_max"":512}",1000,0.9845,0.9,4.0,4.0,5901.068,7243.299999999999,1728.234,2119.2,2259.1499999999996,263.512,78.0,1666.459
P0,1bec8afe1fc0b054,"{""policy"":""P0"",""fixed_p"":4,""uniform_ef_search"":128,""ef_min"":8,""ef_max"":512}",1000,0.9924,0.9,4.0,4.0,10261.859,12631.499999999998,2987.017,3616.1,3767.01,517.935,139.0,2754.44
P0,3dab823a01b35c5e,"{""policy"":""P0"",""fixed_p"":4,""uniform_ef_search"":256,""ef_min"":8,""ef_max"":512}",1000,0.9947999999999999,1.0,4.0,4.0,17586.157,21545.75,5111.32,6126.5,6416.01,1029.355,266.0,4731.797
P0,aa29843b3dee6e57,"{""policy"":""P0"",""fixed_p"":4,""uniform_ef_search"":512,""ef_min"":8,""ef_max"":512}",1000,0.9951,1.0,4.0,4.0,29275.464,35650.0,8582.026,10444.15,11114.15,2053.184,522.0,8210.788
P0,446b5207cf485460,"{""policy"":""P0"",""fixed_p"":5,""uniform_ef_search"":8,""ef_min"":8,""ef_max"":512}",1000,0.8209,0.5,5.0,5.0,1922.896,2391.1,506.944,683.05,754.04,72.495,29.0,788.379
P0,aa5dd54171a0f563,"{""policy"":""P0"",""fixed_p"":5,""uniform_ef_search"":16,""ef_min"":8,""ef_max"":512}",1000,0.8907999999999999,0.6,5.0,5.0,2587.171,3158.0,660.115,858.05,978.06,101.129,36.0,935.898
P0,5a847d318c4942b5,"{""policy"":""P0"",""fixed_p"":5,""uniform_ef_search"":32,""ef_min"":8,""ef_max"":512}",1000,0.9561000000000001,0.8,5.0,5.0,4232.322,5095.05,1039.789,1291.0,1417.07,177.627,53.0,1313.521
P0,c02cd3dc90254d62,"{""policy"":""P0"",""fixed_p"":5,""uniform_ef_search"":64,""ef_min"":8,""ef_max"":512}",1000,0.9873,0.9,5.0,5.0,7266.955,8869.1,1762.916,2128.05,2274.0,333.861,81.0,2038.966
P0,9d34fdc1db05e160,"{""policy"":""P0"",""fixed_p"":5,""uniform_ef_search"":128,""ef_min"":8,""ef_max"":512}",1000,0.9952000000000001,1.0,5.0,5.0,12645.741,15491.699999999999,3035.005,3619.2999999999997,3768.04,651.432,141.0,3380.774
P0,ca5880e647a3755f,"{""policy"":""P0"",""fixed_p"":5,""uniform_ef_search"":256,""ef_min"":8,""ef_max"":512}",1000,0.9976,1.0,5.0,5.0,21732.526,26387.6,5176.499,6138.1,6416.01,1290.5,267.0,5821.697
P0,14f5eafcb0332fbb,"{""policy"":""P0"",""fixed_p"":5,""uniform_ef_search"":512,""ef_min"":8,""ef_max"":512}",1000,0.9979,1.0,5.0,5.0,36257.076,43846.5,8672.36,10447.449999999999,11114.15,2570.16,523.0,10122.677
P0,303f9db1f9e1a73c,"{""policy"":""P0"",""fixed_p"":6,""uniform_ef_search"":8,""ef_min"":8,""ef_max"":512}",1000,0.822,0.5,6.0,6.0,2321.57,2840.25,525.235,702.05,774.02,92.32,30.0,931.674
P0,0e66dd3f4c459f82,"{""policy"":""P0"",""fixed_p"":6,""uniform_ef_search"":16,""ef_min"":8,""ef_max"":512}",1000,0.8919,0.6,6.0,6.0,3105.732,3754.1,683.936,884.05,1024.02,126.988,38.0,1106.027
P0,3110d7fbe3ba6815,"{""policy"":""P0"",""fixed_p"":6,""uniform_ef_search"":32,""ef_min"":8,""ef_max"":512}",1000,0.957,0.8,6.0,6.0,5036.215,6011.2,1063.991,1313.2499999999998,1433.06,218.999,55.0,1552.848
P0,eaeedd9ee1f651c9,"{""policy"":""P0"",""fixed_p"":6,""uniform_ef_search"":64,""ef_min"":8,""ef_max"":512}",1000,0.9882000000000001,0.9,6.0,6.0,8596.793,10283.249999999998,1790.645,2148.1,2283.1099999999997,406.007,84.0,2403.285
P0,54237e59b90e36fa,"{""policy"":""P0"",""fixed_p"":6,""uniform_ef_search"":128,""ef_min"":8,""ef_max"":512}",1000,0.9961,1.0,6.0,6.0,14968.786,18092.1,3075.503,3647.1,3802.1,786.439,142.0,3986.588
P0,eb3013cb87df8000,"{""policy"":""P0"",""fixed_p"":6,""uniform_ef_search"":256,""ef_min"":8,""ef_max"":512}",1000,0.9986,1.0,6.0,6.0,25813.471,30947.05,5237.828,6195.05,6438.25,1552.993,268.0,6898.938
P0,1ae4a04a9ad7a731,"{""policy"":""P0"",""fixed_p"":6,""uniform_ef_search"":512,""ef_min"":8,""ef_max"":512}",1000,0.9989,1.0,6.0,6.0,43216.996,51281.34999999999,8760.54,10479.1,11114.15,3088.411,523.0,12036.328
P0,61fd2dd5bfa48992,"{""policy"":""P0"",""fixed_p"":7,""uniform_ef_search"":8,""ef_min"":8,""ef_max"":512}",1000,0.8221,0.5,7.0,7.0,2726.028,3365.2999999999997,539.467,712.0,782.01,113.299,31.0,1082.088
P0,919904318440da24,"{""policy"":""P0"",""fixed_p"":7,""uniform_ef_search"":16,""ef_min"":8,""ef_max"":512}",1000,0.892,0.6,7.0,7.0,3623.73,4381.1,697.976,900.0,1026.03,153.991,39.0,1284.117
P0,a1925b27f1e763c0,"{""policy"":""P0"",""fixed_p"":7,""uniform_ef_search"":32,""ef_min"":8,""ef_max"":512}",1000,0.9571000000000001,0.8,7.0,7.0,5832.872,6916.799999999999,1077.538,1327.1,1444.1,261.526,57.0,1798.174
P0,a919b07094568633,"{""policy"":""P0"",""fixed_p"":7,""uniform_ef_search"":64,""ef_min"":8,""ef_max"":512}",1000,0.9883,0.9,7.0,7.0,9918.799,11739.0,1806.204,2155.1499999999996,2294.01,479.469,86.0,2782.527
P0,eef4b8b07ee446b9,"{""policy"":""P0"",""fixed_p"":7,""uniform_ef_search"":128,""ef_min"":8,""ef_max"":512}",1000,0.9962000000000001,1.0,7.0,7.0,17275.679,20380.7,3098.712,3662.1499999999996,3837.1099999999997,922.755,143.0,4615.853
P0,ea057df962b946f1,"{""policy"":""P0"",""fixed_p"":7,""uniform_ef_search"":256,""ef_min"":8,""ef_max"":512}",1000,0.9987,1.0,7.0,7.0,29882.544,35167.65,5279.345,6217.1,6438.25,1816.785,269.0,8015.297
P0,68b4de3f083f9d42,"{""policy"":""P0"",""fixed_p"":7,""uniform_ef_search"":512,""ef_min"":8,""ef_max"":512}",1000,0.999,1.0,7.0,7.0,50209.711,58453.2,8850.647,10480.05,11114.15,3607.884,524.0,14057.246
P0,333a3bad5e95057e,"{""policy"":""P0"",""fixed_p"":8,""uniform_ef_search"":8,""ef_min"":8,""ef_max"":512}",1000,0.8221,0.5,8.0,8.0,3109.681,3782.25,550.112,717.05,786.02,134.51,32.0,1229.031
P0,e824df74b20487ae,"{""policy"":""P0"",""fixed_p"":8,""uniform_ef_search"":16,""ef_min"":8,""ef_max"":512}",1000,0.892,0.6,8.0,8.0,4121.035,4939.599999999999,710.279,913.1999999999998,1029.1299999999999,181.51,41.0,1458.094
P0,330b988fe5577adf,"{""policy"":""P0"",""fixed_p"":8,""uniform_ef_search"":32,""ef_min"":8,""ef_max"":512}",1000,0.9571000000000001,0.8,8.0,8.0,6591.951,7736.849999999999,1090.079,1335.05,1454.1399999999999,304.491,58.0,2037.35
P0,1f7f2632ffdd2c93,"{""policy"":""P0"",""fixed_p"":8,""uniform_ef_search"":64,""ef_min"":8,""ef_max"":512}",1000,0.9883,0.9,8.0,8.0,11178.422,13012.1,1819.819,2170.05,2294.01,553.645,90.0,3150.195
P0,56f8cda4dc331e86,"{""policy"":""P0"",""fixed_p"":8,""uniform_ef_search"":128,""ef_min"":8,""ef_max"":512}",1000,0.9962000000000001,1.0,8.0,8.0,19475.075,22725.95,3120.91,3680.1,3848.1099999999997,1059.678,146.0,5228.402
P0,b1e3a0699fdb2bf4,"{""policy"":""P0"",""fixed_p"":8,""uniform_ef_search"":256,""ef_min"":8,""ef_max"":512}",1000,0.9987,1.0,8.0,8.0,33760.016,39057.35,5316.143,6225.349999999999,6463.349999999999,2080.912,270.0,9091.748
P0,af9440235c54d08c,"{""policy"":""P0"",""fixed_p"":8,""uniform_ef_search"":512,""ef_min"":8,""ef_max"":512}",1000,0.999,1.0,8.0,8.0,56892.94,65232.0,8920.482,10480.05,11114.15,4127.632,524.05,15979.838
P0,80e79d74502f8b50,"{""policy"":""P0"",""fixed_p"":9,""uniform_ef_search"":8,""ef_min"":8,""ef_max"":512}",1000,0.8221,0.5,9.0,9.0,3443.423,4079.6499999999996,555.701,722.1499999999999,786.02,156.279,32.049999999999955,1365.487
P0,88d648e4a08653a8,"{""policy"":""P0"",""fixed_p"":9,""uniform_ef_search"":16,""ef_min"":8,""ef_max"":512}",1000,0.892,0.6,9.0,9.0,4544.079,5339.1,717.399,913.1999999999998,1029.1299999999999,209.642,42.0,1619.211
P0,180ad89fc7642bfb,"{""policy"":""P0"",""fixed_p"":9,""uniform_ef_search"":32,""ef_min"":8,""ef_max"":512}",1000,0.9571000000000001,0.8,9.0,9.0,7230.211,8311.4,1097.637,1335.05,1454.1399999999999,348.619,61.0,2257.618
P0,6457f4a233d21feb,"{""policy"":""P0"",""fixed_p"":9,""uniform_ef_search"":64,""ef_min"":8,""ef_max"":512}",1000,0.9883,0.9,9.0,9.0,12223.104,13985.2,1827.246,2171.3999999999996,2294.01,628.748,95.0,3477.336
P0,ac7f79366b56dc97,"{""policy"":""P0"",""fixed_p"":9,""uniform_ef_search"":128,""ef_min"":8,""ef_max"":512}",1000,0.9962000000000001,1.0,9.0,9.0,21342.838,24550.35,3130.607,3680.1,3848.1099999999997,1197.51,150.0,5780.212
P0,87d0d3ac10d40ff4,"{""policy"":""P0"",""fixed_p"":9,""uniform_ef_search"":256,""ef_min"":8,""ef_max"":512}",1000,0.9987,1.0,9.0,9.0,37203.952,42571.899999999994,5326.862,6225.349999999999,6463.349999999999,2345.574,271.0,10090.588
P0,6f674149f8d2e666,"{""policy"":""P0"",""fixed_p"":9,""uniform_ef_search"":512,""ef_min"":8,""ef_max"":512}",1000,0.999,1.0,9.0,9.0,63115.848,71549.9,8933.579,10480.05,11114.15,4647.779,525.0,17834.917
P0,9eabfe8e5eb924cd,"{""policy"":""P0"",""fixed_p"":10,""uniform_ef_search"":8,""ef_min"":8,""ef_max"":512}",1000,0.8221,0.5,10.0,10.0,3764.082,4396.349999999999,558.862,722.1499999999999,786.02,176.836,33.0,1492.636
P0,12e0c4b2b17dd1de,"{""policy"":""P0"",""fixed_p"":10,""uniform_ef_search"":16,""ef_min"":8,""ef_max"":512}",1000,0.892,0.6,10.0,10.0,4949.558,5687.15,720.653,917.05,1029.1299999999999,236.323,42.0,1767.507
P0,78558481262c5854,"{""policy"":""P0"",""fixed_p"":10,""uniform_ef_search"":32,""ef_min"":8,""ef_max"":512}",1000,0.9571000000000001,0.8,10.0,10.0,7848.347,8907.4,1100.718,1335.05,1454.1399999999999,391.125,62.0,2461.541
P0,9ed71bdf84182575,"{""policy"":""P0"",""fixed_p"":10,""uniform_ef_search"":64,""ef_min"":8,""ef_max"":512}",1000,0.9883,0.9,10.0,10.0,13263.07,14983.0,1830.614,2171.3999999999996,2294.01,702.167,95.0,3786.038
P0,1ef59d2505dd9bea,"{""policy"":""P0"",""fixed_p"":10,""uniform_ef_search"":128,""ef_min"":8,""ef_max"":512}",1000,0.9962000000000001,1.0,10.0,10.0,23264.144,26429.4,3136.104,3680.1,3848.1099999999997,1333.954,151.0,6306.165
P0,296ca6c67b1beb13,"{""policy"":""P0"",""fixed_p"":10,""uniform_ef_search"":256,""ef_min"":8,""ef_max"":512}",1000,0.9987,1.0,10.0,10.0,40805.186,46077.34999999999,5332.295,6225.349999999999,6463.349999999999,2609.293,271.0,11064.056
P0,2797e2008bf41be6,"{""policy"":""P0"",""fixed_p"":10,""uniform_ef_search"":512,""ef_min"":8,""ef_max"":512}",1000,0.999,1.0,10.0,10.0,69623.754,78268.7,8937.527,10480.05,11114.15,5167.102,526.0,19622.402
P0,ca28223809b65282,"{""policy"":""P0"",""fixed_p"":11,""uniform_ef_search"":8,""ef_min"":8,""ef_max"":512}",1000,0.8221,0.5,11.0,11.0,4113.36,4774.1,563.85,728.0,788.01,198.919,34.0,1637.689
P0,61637d509488e482,"{""policy"":""P0"",""fixed_p"":11,""uniform_ef_search"":16,""ef_min"":8,""ef_max"":512}",1000,0.892,0.6,11.0,11.0,5399.811,6173.299999999999,726.436,918.05,1029.1299999999999,264.565,42.0,1938.809
P0,ba7a3cf44686d266,"{""policy"":""P0"",""fixed_p"":11,""uniform_ef_search"":32,""ef_min"":8,""ef_max"":512}",1000,0.9571000000000001,0.8,11.0,11.0,8547.275,9632.2,1106.857,1335.05,1454.1399999999999,435.031,62.049999999999955,2699.813
P0,9d33add99cc3c996,"{""policy"":""P0"",""fixed_p"":11,""uniform_ef_search"":64,""ef_min"":8,""ef_max"":512}",1000,0.9883,0.9,11.0,11.0,14442.814,16230.1,1836.237,2178.05,2294.01,776.711,96.0,4147.968
P0,377c9ca88ec15024,"{""policy"":""P0"",""fixed_p"":11,""uniform_ef_search"":128,""ef_min"":8,""ef_max"":512}",1000,0.9962000000000001,1.0,11.0,11.0,25363.511,28522.149999999998,3143.489,3680.1,3848.1099999999997,1471.432,151.0,6922.489
P0,8144326548b4f864,"{""policy"":""P0"",""fixed_p"":11,""uniform_ef_search"":256,""ef_min"":8,""ef_max"":512}",1000,0.9987,1.0,11.0,11.0,44585.899,50047.75,5341.206,6225.349999999999,6463.349999999999,2874.096,272.0,12160.159
P0,579d6546fbc63b68,"{""policy"":""P0"",""fixed_p"":11,""uniform_ef_search"":512,""ef_min"":8,""ef_max"":512}",1000,0.999,1.0,11.0,11.0,76287.125,85238.09999999999,8947.281,10480.05,11114.15,5687.55,526.0,21633.291
P0,abeb604acbab1b1f,"{""policy"":""P0"",""fixed_p"":12,""uniform_ef_search"":8,""ef_min"":8,""ef_max"":512}",1000,0.8221,0.5,12.0,12.0,4488.16,5186.1,570.416,734.05,788.01,221.069,34.0,1786.114
P0,b8fabd867f7565a3,"{""policy"":""P0"",""fixed_p"":12,""uniform_ef_search"":16,""ef_min"":8,""ef_max"":512}",1000,0.892,0.6,12.0,12.0,5880.483,6653.4,733.581,920.05,1029.1299999999999,292.876,43.0,2112.773
P0,33978ff44d20c00e,"{""policy"":""P0"",""fixed_p"":12,""uniform_ef_search"":32,""ef_min"":8,""ef_max"":512}",1000,0.9571000000000001,0.8,12.0,12.0,9284.821,10347.2,1114.699,1335.05,1454.1399999999999,478.999,63.0,2940.274
P0,a40aada07a76321f,"{""policy"":""P0"",""fixed_p"":12,""uniform_ef_search"":64,""ef_min"":8,""ef_max"":512}",1000,0.9883,0.9,12.0,12.0,15658.971,17400.3,1845.325,2178.05,2294.01,851.523,96.0,4512.832
P0,27dca1a2daeec164,"{""policy"":""P0"",""fixed_p"":12,""uniform_ef_search"":128,""ef_min"":8,""ef_max"":512}",1000,0.9962000000000001,1.0,12.0,12.0,27506.224,30607.499999999996,3155.214,3680.1,3848.1099999999997,1609.07,152.0,7530.188
P0,795b1a65b3c74c5f,"{""policy"":""P0"",""fixed_p"":12,""uniform_ef_search"":256,""ef_min"":8,""ef_max"":512}",1000,0.9987,1.0,12.0,12.0,48399.267,53978.049999999996,5354.764,6225.349999999999,6463.349999999999,3139.201,272.0,13252.621
P0,b91e1e3c9d7f36fe,"{""policy"":""P0"",""fixed_p"":12,""uniform_ef_search"":512,""ef_min"":8,""ef_max"":512}",1000,0.999,1.0,12.0,12.0,82912.702,92429.15,8961.286,10480.05,11114.15,6208.333,526.0,23606.898
P0,678a81e9b235ec52,"{""policy"":""P0"",""fixed_p"":13,""uniform_ef_search"":8,""ef_min"":8,""ef_max"":512}",1000,0.8221,0.5,13.0,13.0,4850.948,5538.4,578.402,738.0,789.05,243.329,34.0,1922.69
P0,4e63d55d31d80b65,"{""policy"":""P0"",""fixed_p"":13,""uniform_ef_search"":16,""ef_min"":8,""ef_max"":512}",1000,0.892,0.6,13.0,13.0,6339.943,7090.1,741.33,928.1499999999999,1042.11,321.276,43.0,2271.018
P0,446fd2108a8abb4b,"{""policy"":""P0"",""fixed_p"":13,""uniform_ef_search"":32,""ef_min"":8,""ef_max"":512}",1000,0.9571000000000001,0.8,13.0,13.0,9978.202,10988.2,1122.028,1343.1,1468.05,522.773,63.049999999999955,3156.844
P0,202b5339353057bc,"{""policy"":""P0"",""fixed_p"":13,""uniform_ef_search"":64,""ef_min"":8,""ef_max"":512}",1000,0.9883,0.9,13.0,13.0,16828.021,18531.15,1854.868,2178.05,2294.01,926.403,96.0,4846.279
P0,16a13219ba1b7bef,"{""policy"":""P0"",""fixed_p"":13,""uniform_ef_search"":128,""ef_min"":8,""ef_max"":512}",1000,0.9962000000000001,1.0,13.0,13.0,29620.334,32754.3,3168.076,3680.1,3848.1099999999997,1746.888,152.0,8097.818
P0,d0dfc66d822300a3,"{""policy"":""P0"",""fixed_p"":13,""uniform_ef_search"":256,""ef_min"":8,""ef_max"":512}",1000,0.9987,1.0,13.0,13.0,52253.953,57893.0,5381.965,6225.349999999999,6463.349999999999,3404.217,272.04999999999995,14277.392
P0,b713df29fea4f384,"{""policy"":""P0"",""fixed_p"":13,""uniform_ef_search"":512,""ef_min"":8,""ef_max"":512}",1000,0.999,1.0,13.0,13.0,89760.341,99404.7,9012.963,10480.05,11114.15,6728.956,526.0,25489.85
P0,56efd4cfe538fd17,"{""policy"":""P0"",""fixed_p"":14,""uniform_ef_search"":8,""ef_min"":8,""ef_max"":512}",1000,0.8221,0.5,14.0,14.0,5222.649,5913.4,584.261,739.05,794.03,265.786,35.0,2070.756
P0,be6137e7432e5bfe,"{""policy"":""P0"",""fixed_p"":14,""uniform_ef_search"":16,""ef_min"":8,""ef_max"":512}",1000,0.892,0.6,14.0,14.0,6818.884,7612.25,747.324,935.2499999999998,1042.11,350.289,44.0,2447.141
P0,10ecae6e42b62b02,"{""policy"":""P0"",""fixed_p"":14,""uniform_ef_search"":32,""ef_min"":8,""ef_max"":512}",1000,0.9571000000000001,0.8,14.0,14.0,10706.89,11793.05,1128.378,1346.0,1473.01,567.791,65.0,3400.459
P0,021d26e222c8adf7,"{""policy"":""P0"",""fixed_p"":14,""uniform_ef_search"":64,""ef_min"":8,""ef_max"":512}",1000,0.9883,0.9,14.0,14.0,18026.941,19756.35,1862.814,2178.05,2294.01,1002.225,99.0,5215.914
P0,2af95bfe6370ac06,"{""policy"":""P0"",""fixed_p"":14,""uniform_ef_search"":128,""ef_min"":8,""ef_max"":512}",1000,0.9962000000000001,1.0,14.0,14.0,31726.827,34980.1,3179.886,3680.1,3848.1099999999997,1885.345,155.0,8710.88
P0,cccbbf92458e1aa8,"{""policy"":""P0"",""fixed_p"":14,""uniform_ef_search"":256,""ef_min"":8,""ef_max"":512}",1000,0.9987,1.0,14.0,14.0,56006.007,61962.45,5403.753,6225.349999999999,6463.349999999999,3669.518,274.0,15365.299
P0,854b07d1cd243888,"{""policy"":""P0"",""fixed_p"":14,""uniform_ef_search"":512,""ef_min"":8,""ef_max"":512}",1000,0.999,1.0,14.0,14.0,96333.692,106418.5,9049.357,10480.05,11114.15,7249.524,527.0,27441.123
P0,ebd1496f174824b0,"{""policy"":""P0"",""fixed_p"":15,""uniform_ef_search"":8,""ef_min"":8,""ef_max"":512}",1000,0.8221,0.5,15.0,15.0,5599.932,6309.0,591.56,748.05,820.04,287.237,35.0,2223.553
P0,0231ffa2202c4f99,"{""policy"":""P0"",""fixed_p"":15,""uniform_ef_search"":16,""ef_min"":8,""ef_max"":512}",1000,0.892,0.6,15.0,15.0,7298.873,8114.05,755.059,947.1499999999999,1053.06,377.842,44.0,2624.589
P0,6678402b2146df97,"{""policy"":""P0"",""fixed_p"":15,""uniform_ef_search"":32,""ef_min"":8,""ef_max"":512}",1000,0.9571000000000001,0.8,15.0,15.0,11434.255,12536.4,1138.312,1351.05,1473.01,610.834,65.0,3643.564
P0,1ce9ee69050d717f,"{""policy"":""P0"",""fixed_p"":15,""uniform_ef_search"":64,""ef_min"":8,""ef_max"":512}",1000,0.9883,0.9,15.0,15.0,19212.431,21008.199999999997,1873.227,2184.1,2294.01,1076.007,99.0,5579.496
P0,c038b406ab76948b,"{""policy"":""P0"",""fixed_p"":15,""uniform_ef_search"":128,""ef_min"":8,""ef_max"":512}",1000,0.9962000000000001,1.0,15.0,15.0,33807.978,37146.45,3194.116,3682.1,3848.1099999999997,2022.074,156.0,9318.168
P0,ee24b6093ec97a47,"{""policy"":""P0"",""fixed_p"":15,""uniform_ef_search"":256,""ef_min"":8,""ef_max"":512}",1000,0.9987,1.0,15.0,15.0,59757.179,65808.45,5422.002,6225.349999999999,6463.349999999999,3933.497,274.04999999999995,16452.525
P0,fdf95a1f050aed25,"{""policy"":""P0"",""fixed_p"":15,""uniform_ef_search"":512,""ef_min"":8,""ef_max"":512}",1000,0.999,1.0,15.0,15.0,102934.875,113310.45,9071.522,10480.05,11114.15,7769.043,527.0,29424.543
P0,f45741785f1b873a,"{""policy"":""P0"",""fixed_p"":16,""uniform_ef_search"":8,""ef_min"":8,""ef_max"":512}",1000,0.8222999999999999,0.5,16.0,16.0,5972.281,6710.25,595.871,749.0,824.03,310.096,35.0,2380.523
P0,5c4520f0f982bd82,"{""policy"":""P0"",""fixed_p"":16,""uniform_ef_search"":16,""ef_min"":8,""ef_max"":512}",1000,0.8922,0.6,16.0,16.0,7775.875,8631.1,758.156,950.05,1053.06,407.3,45.0,2809.608
P0,b2a49b2608c27912,"{""policy"":""P0"",""fixed_p"":16,""uniform_ef_search"":32,""ef_min"":8,""ef_max"":512}",1000,0.9572,0.8,16.0,16.0,12156.589,13391.599999999999,1141.285,1351.05,1473.01,656.151,66.0,3896.737
P0,695e7dca4db6f39f,"{""policy"":""P0"",""fixed_p"":16,""uniform_ef_search"":64,""ef_min"":8,""ef_max"":512}",1000,0.9884,0.9,16.0,16.0,20387.228,22379.85,1875.99,2184.1,2294.01,1151.804,100.0,5958.118
P0,07e69847718ea3af,"{""policy"":""P0"",""fixed_p"":16,""uniform_ef_search"":128,""ef_min"":8,""ef_max"":512}",1000,0.9963,1.0,16.0,16.0,35842.471,39245.6,3197.688,3682.1,3848.1099999999997,2160.312,157.04999999999995,9948.8
P0,875dbdbe2e5e3e8a,"{""policy"":""P0"",""fixed_p"":16,""uniform_ef_search"":256,""ef_min"":8,""ef_max"":512}",1000,0.9987999999999999,1.0,16.0,16.0,63360.045,69572.75,5424.438,6225.349999999999,6463.349999999999,4198.549,275.0,17568.473
P0,39e435cfae90771d,"{""policy"":""P0"",""fixed_p"":16,""uniform_ef_search"":512,""ef_min"":8,""ef_max"":512}",1000,0.9991,1.0,16.0,16.0,109244.837,119869.25,9072.919,10480.05,11114.15,8289.476,527.0,31444.082
P1,0a54065045ca7bff,"{""policy"":""P1"",""uniform_ef_search"":8,""ef_min"":8,""ef_max"":512}",1000,0.822,0.5,3.95,7.0,1460.707,2484.2999999999997,450.534,615.05,693.05,47.931,18.0,634.467
P1,cd741f938e433297,"{""policy"":""P1"",""uniform_ef_search"":16,""ef_min"":8,""ef_max"":512}",1000,0.8919,0.6,3.95,7.0,1999.703,3446.749999999999,589.863,771.05,892.1299999999999,70.035,24.0,755.869
P1,b89c88bbdb3386d5,"{""policy"":""P1"",""uniform_ef_search"":32,""ef_min"":8,""ef_max"":512}",1000,0.957,0.8,3.95,7.0,3350.649,5809.0999999999985,941.225,1187.05,1305.01,130.174,38.049999999999955,1067.539
P1,e62a2b9c534c1b59,"{""policy"":""P1"",""uniform_ef_search"":64,""ef_min"":8,""ef_max"":512}",1000,0.9882000000000001,0.9,3.95,7.0,5849.389,10305.15,1614.081,2036.0,2153.0,254.242,67.0,1664.444
P1,998f0f85974aac3e,"{""policy"":""P1"",""uniform_ef_search"":128,""ef_min"":8,""ef_max"":512}",1000,0.9961,1.0,3.95,7.0,10213.201,18096.6,2798.672,3510.2999999999997,3724.06,506.156,130.0,2763.89
P1,506ed44810159d6b,"{""policy"":""P1"",""uniform_ef_search"":256,""ef_min"":8,""ef_max"":512}",1000,0.9986,1.0,3.95,7.0,17479.088,30984.2,4819.328,6114.1,6416.01,1011.488,257.0,4739.291
P1,6d28ad1d522389b1,"{""policy"":""P1"",""uniform_ef_search"":512,""ef_min"":8,""ef_max"":512}",1000,0.9989,1.0,3.95,7.0,29050.727,51461.9,8165.246,10447.449999999999,11114.15,2022.681,513.0,8220.792
P2,c96a67cd19ac66f0,"{""policy"":""P2"",""fixed_p"":1,""alpha"":1,""beta"":4,""ef_min"":8,""ef_max"":512}",1000,0.7874,0.3,1.0,1.0,1690.344,2583.0,1690.344,2583.0,2861.22,76.347,104.0,519.528
P2,3f7c456270e3625f,"{""policy"":""P2"",""fixed_p"":1,""alpha"":1,""beta"":8,""ef_min"":8,""ef_max"":512}",1000,0.7884,0.3,1.0,1.0,1763.469,2665.1,1763.469,2665.1,2950.04,80.376,108.0,542.284
P2,531c07e1f9334648,"{""policy"":""P2"",""fixed_p"":1,""alpha"":1,""beta"":16,""ef_min"":8,""ef_max"":512}",1000,0.7895,0.3,1.0,1.0,1905.313,2844.1,1905.313,2844.1,3150.13,88.35,116.0,578.774
P2,4e62047a763ed600,"{""policy"":""P2"",""fixed_p"":1,""alpha"":1,""beta"":32,""ef_min"":8,""ef_max"":512}",1000,0.7914,0.3,1.0,1.0,2177.824,3175.05,2177.824,3175.05,3484.2699999999995,104.265,132.0,651.388
P2,6c5815516e61ebef,"{""policy"":""P2"",""fixed_p"":1,""alpha"":1,""beta"":64,""ef_min"":8,""ef_max"":512}",1000,0.793,0.3,1.0,1.0,2700.688,3828.0499999999993,2700.688,3828.0499999999993,4209.01,136.224,164.0,791.261
P2,80bf247ca00c1dc1,"{""policy"":""P2"",""fixed_p"":1,""alpha"":2,""beta"":4,""ef_min"":8,""ef_max"":512}",1000,0.7935,0.3,1.0,1.0,2856.364,4417.0,2856.364,4417.0,4939.2,148.294,204.0,831.008
P2,333a7cc558970c53,"{""policy"":""P2"",""fixed_p"":1,""alpha"":2,""beta"":8,""ef_min"":8,""ef_max"":512}",1000,0.7935,0.3,1.0,1.0,2918.734,4513.25,2918.734,4513.25,5034.01,152.275,208.0,850.48
P2,3002ab51f500319e,"{""policy"":""P2"",""fixed_p"":1,""alpha"":2,""beta"":16,""ef_min"":8,""ef_max"":512}",1000,0.7936,0.3,1.0,1.0,3043.074,4659.299999999999,3043.074,4659.299999999999,5192.11,160.263,216.0,893.378
P2,1a516bf36a436450,"{""policy"":""P2"",""fixed_p"":1,""alpha"":2,""beta"":32,""ef_min"":8,""ef_max"":512}",1000,0.7938999999999999,0.3,1.0,1.0,3286.142,4973.4,3286.142,4973.4,5476.17,176.27,232.0,948.709
P2,6f2b595307ade4bd,"{""policy"":""P2"",""fixed_p"":1,""alpha"":2,""beta"":64,""ef_min"":8,""ef_max"":512}",1000,0.7948999999999999,0.3,1.0,1.0,3747.72,5527.599999999999,3747.72,5527.599999999999,6120.03,208.255,264.0,1079.219
P2,527c7c313aa2f396,"{""policy"":""P2"",""fixed_p"":1,""alpha"":4,""beta"":4,""ef_min"":8,""ef_max"":512}",1000,0.7951,0.3,1.0,1.0,4819.304,7532.749999999999,4819.304,7532.749999999999,8423.449999999999,292.413,404.0,1393.358
P2,86830e995bf9b165,"{""policy"":""P2"",""fixed_p"":1,""alpha"":4,""beta"":8,""ef_min"":8,""ef_max"":512}",1000,0.795,0.3,1.0,1.0,4869.786,7594.25,4869.786,7594.25,8515.15,296.399,408.0,1404.544
P2,6ccb6139c6d1ce6e,"{""policy"":""P2"",""fixed_p"":1,""alpha"":4,""beta"":16,""ef_min"":8,""ef_max"":512}",1000,0.7951,0.3,1.0,1.0,4972.616,7705.05,4972.616,7705.05,8654.5,304.421,416.0,1427.271
P2,334cc0a5e8aaaf21,"{""policy"":""P2"",""fixed_p"":1,""alpha"":4,""beta"":32,""ef_min"":8,""ef_max"":512}",1000,0.7953,0.3,1.0,1.0,5175.234,7934.399999999999,5175.234,7934.399999999999,8964.17,320.428,432.0,1499.229
P2,7535a68ddcfbda1c,"{""policy"":""P2"",""fixed_p"":1,""alpha"":4,""beta"":64,""ef_min"":8,""ef_max"":512}",1000,0.7953,0.3,1.0,1.0,5569.584,8431.449999999997,5569.584,8431.449999999997,9439.33,352.418,464.0,1610.744
P2,1aeb13f380d086bd,"{""policy"":""P2"",""fixed_p"":1,""alpha"":8,""beta"":4,""ef_min"":8,""ef_max"":512}",1000,0.7953,0.3,1.0,1.0,7001.242,10191.849999999999,7001.242,10191.849999999999,10976.02,473.629,512.0,2035.709
P2,a751d0d21c2139a0,"{""policy"":""P2"",""fixed_p"":1,""alpha"":8,""beta"":8,""ef_min"":8,""ef_max"":512}",1000,0.7953,0.3,1.0,1.0,7018.078,10191.849999999999,7018.078,10191.849999999999,10976.02,475.116,512.0,2043.575
P2,23760f545f1fbe57,"{""policy"":""P2"",""fixed_p"":1,""alpha"":8,""beta"":16,""ef_min"":8,""ef_max"":512}",1000,0.7953,0.3,1.0,1.0,7051.636,10208.15,7051.636,10208.15,10978.34,478.045,512.0,2056.771
P2,e9921c9f33866ecb,"{""policy"":""P2"",""fixed_p"":1,""alpha"":8,""beta"":32,""ef_min"":8,""ef_max"":512}",1000,0.7953,0.3,1.0,1.0,7115.29,10234.599999999999,7115.29,10234.599999999999,11012.01,483.499,512.0,2073.486
P2,0f950bbf810ce679,"{""policy"":""P2"",""fixed_p"":1,""alpha"":8,""beta"":64,""ef_min"":8,""ef_max"":512}",1000,0.7953,0.3,1.0,1.0,7221.701,10265.599999999999,7221.701,10265.599999999999,11014.009999999998,492.805,513.0,2118.818
P2,a63cbbe053d19b74,"{""policy"":""P2"",""fixed_p"":1,""alpha"":16,""beta"":4,""ef_min"":8,""ef_max"":512}",1000,0.7953,0.3,1.0,1.0,7431.995,10356.2,7431.995,10356.2,11014.009999999998,511.873,513.0,2182.707
P2,c39b4b3e12f7da50,"{""policy"":""P2"",""fixed_p"":1,""alpha"":16,""beta"":8,""ef_min"":8,""ef_max"":512}",1000,0.7953,0.3,1.0,1.0,7432.21,10356.2,7432.21,10356.2,11014.009999999998,511.9,513.0,2182.121
P2,1aaf112fe3cffa07,"{""policy"":""P2"",""fixed_p"":1,""alpha"":16,""beta"":16,""ef_min"":8,""ef_max"":512}",1000,0.7953,0.3,1.0,1.0,7432.795,10356.2,7432.795,10356.2,11014.009999999998,511.956,513.0,2182.609
P2,d9ff991f44b85001,"{""policy"":""P2"",""fixed_p"":1,""alpha"":16,""beta"":32,""ef_min"":8,""ef_max"":512}",1000,0.7953,0.3,1.0,1.0,7433.231,10356.2,7433.231,10356.2,11014.009999999998,512.004,513.0,2182.871
P2,96327a6abaa46ad5,"{""policy"":""P2"",""fixed_p"":1,""alpha"":16,""beta"":64,""ef_min"":8,""ef_max"":512}",1000,0.7953,0.3,1.0,1.0,7433.659,10356.2,7433.659,10356.2,11014.009999999998,512.068,513.0,2183.174
P2,67e09a5a3d3496ef,"{""policy"":""P2"",""fixed_p"":2,""alpha"":1,""beta"":4,""ef_min"":8,""ef_max"":512}",1000,0.9296,0.7,2.0,2.0,2377.748,3163.05,1693.846,2583.0,2861.22,103.052,104.0,745.599
P2,d86746656881b440,"{""policy"":""P2"",""fixed_p"":2,""alpha"":1,""beta"":8,""ef_min"":8,""ef_max"":512}",1000,0.9316,0.7,2.0,2.0,2519.27,3336.1499999999996,1767.37,2665.1,2950.04,110.261,108.0,787.071
P2,a37767c36c1904b3,"{""policy"":""P2"",""fixed_p"":2,""alpha"":1,""beta"":16,""ef_min"":8,""ef_max"":512}",1000,0.9339,0.7,2.0,2.0,2819.788,3699.1,1909.92,2844.1,3150.13,125.679,116.0,860.828
P2,8e2385a6ec5eab72,"{""policy"":""P2"",""fixed_p"":2,""alpha"":1,""beta"":32,""ef_min"":8,""ef_max"":512}",1000,0.9364,0.7,2.0,2.0,3414.156,4459.0,2184.779,3175.05,3484.2699999999995,157.231,132.0,1008.711
P2,2219028b99a0f713,"{""policy"":""P2"",""fixed_p"":2,""alpha"":1,""beta"":64,""ef_min"":8,""ef_max"":512}",1000,0.9382999999999999,0.7,2.0,2.0,4525.02,5916.1,2716.389,3828.0499999999993,4209.01,220.846,164.0,1291.674
P2,b9dd9179c243c249,"{""policy"":""P2"",""fixed_p"":2,""alpha"":2,""beta"":4,""ef_min"":8,""ef_max"":512}",1000,0.9381,0.7,2.0,2.0,3924.898,5271.0,2859.74,4417.0,4939.2,194.069,204.0,1151.74
P2,94c6dcb66735294e,"{""policy"":""P2"",""fixed_p"":2,""alpha"":2,""beta"":8,""ef_min"":8,""ef_max"":512}",1000,0.9384,0.7,2.0,2.0,4056.153,5461.599999999999,2922.288,4513.25,5034.01,201.45,208.0,1189.111
P2,dca2c9722d3af70c,"{""policy"":""P2"",""fixed_p"":2,""alpha"":2,""beta"":16,""ef_min"":8,""ef_max"":512}",1000,0.9385,0.7,2.0,2.0,4333.564,5786.4,3047.073,4659.299999999999,5192.11,217.078,216.0,1267.002
P2,65549e852dad6db5,"{""policy"":""P2"",""fixed_p"":2,""alpha"":2,""beta"":32,""ef_min"":8,""ef_max"":512}",1000,0.939,0.7,2.0,2.0,4877.454,6493.25,3291.614,4973.4,5476.17,248.839,232.0,1393.009
P2,23d4a0a0611c285f,"{""policy"":""P2"",""fixed_p"":2,""alpha"":2,""beta"":64,""ef_min"":8,""ef_max"":512}",1000,0.9402,0.7,2.0,2.0,5898.691,7783.25,3758.626,5527.599999999999,6120.03,312.567,264.0,1663.933
P2,68c2c6aa0b1f5178,"{""policy"":""P2"",""fixed_p"":2,""alpha"":4,""beta"":4,""ef_min"":8,""ef_max"":512}",1000,0.9404,0.7,2.0,2.0,6574.789,8931.3,4825.373,7532.749999999999,8423.449999999999,377.258,404.0,1887.652
P2,bbf15a0285593d4b,"{""policy"":""P2"",""fixed_p"":2,""alpha"":4,""beta"":8,""ef_min"":8,""ef_max"":512}",1000,0.9402999999999999,0.7,2.0,2.0,6688.559,9066.1,4876.365,7594.25,8515.15,384.774,408.0,1913.477
P2,f020c3c071f4e452,"{""policy"":""P2"",""fixed_p"":2,""alpha"":4,""beta"":16,""ef_min"":8,""ef_max"":512}",1000,0.9405,0.7,2.0,2.0,6930.162,9405.65,4979.872,7705.05,8654.5,400.523,416.0,1969.426
P2,e9d11c8746bec953,"{""policy"":""P2"",""fixed_p"":2,""alpha"":4,""beta"":32,""ef_min"":8,""ef_max"":512}",1000,0.9407000000000001,0.7,2.0,2.0,7408.762,9991.3,5183.409,7934.399999999999,8964.17,432.397,432.0,2109.576
P2,9ab9041fb80a1335,"{""policy"":""P2"",""fixed_p"":2,""alpha"":4,""beta"":64,""ef_min"":8,""ef_max"":512}",1000,0.9407000000000001,0.7,2.0,2.0,8318.086,11181.05,5581.547,8431.449999999997,9439.33,496.183,464.0,2360.38
P2,b248d6a0c9d2cf35,"{""policy"":""P2"",""fixed_p"":2,""alpha"":8,""beta"":4,""ef_min"":8,""ef_max"":512}",1000,0.9407000000000001,0.7,2.0,2.0,9925.154,14020.05,7015.322,10191.849999999999,10976.02,637.204,512.0,2843.308
P2,8e34a287e1010c1b,"{""policy"":""P2"",""fixed_p"":2,""alpha"":8,""beta"":8,""ef_min"":8,""ef_max"":512}",1000,0.9407000000000001,0.7,2.0,2.0,9997.419,14151.599999999999,7032.619,10191.849999999999,10976.02,642.311,512.0,2871.319
P2,d5a9fc1d46499aae,"{""policy"":""P2"",""fixed_p"":2,""alpha"":8,""beta"":16,""ef_min"":8,""ef_max"":512}",1000,0.9407000000000001,0.7,2.0,2.0,10151.782,14289.849999999999,7067.395,10208.15,10978.34,652.996,512.0,2920.601
P2,1632d69303876ad6,"{""policy"":""P2"",""fixed_p"":2,""alpha"":8,""beta"":32,""ef_min"":8,""ef_max"":512}",1000,0.9407000000000001,0.7,2.0,2.0,10457.556,14647.1,7132.903,10234.599999999999,11012.01,674.374,512.0,2991.714
P2,46871645587769cf,"{""policy"":""P2"",""fixed_p"":2,""alpha"":8,""beta"":64,""ef_min"":8,""ef_max"":512}",1000,0.9407000000000001,0.7,2.0,2.0,11024.525,15330.15,7243.685,10265.599999999999,11014.009999999998,715.491,513.0,3156.772
P2,4baeba9456e22758,"{""policy"":""P2"",""fixed_p"":2,""alpha"":16,""beta"":4,""ef_min"":8,""ef_max"":512}",1000,0.9407000000000001,0.7,2.0,2.0,12027.931,17406.049999999996,7543.823,10392.05,11114.15,808.965,513.0,3478.779
P2,333180e5bbace561,"{""policy"":""P2"",""fixed_p"":2,""alpha"":16,""beta"":8,""ef_min"":8,""ef_max"":512}",1000,0.9407000000000001,0.7,2.0,2.0,12066.821,17467.8,7545.948,10392.05,11114.15,811.766,513.0,3484.436
P2,c98ddf60b4df64a3,"{""policy"":""P2"",""fixed_p"":2,""alpha"":16,""beta"":16,""ef_min"":8,""ef_max"":512}",1000,0.9407000000000001,0.7,2.0,2.0,12153.25,17531.4,7550.621,10392.05,11114.15,817.826,513.0,3504.786
P2,1884ba770917a03c,"{""policy"":""P2"",""fixed_p"":2,""alpha"":16,""beta"":32,""ef_min"":8,""ef_max"":512}",1000,0.9407000000000001,0.7,2.0,2.0,12324.72,17615.949999999997,7557.977,10392.05,11114.15,829.877,513.0,3556.218
P2,a507199a248a39d5,"{""policy"":""P2"",""fixed_p"":2,""alpha"":16,""beta"":64,""ef_min"":8,""ef_max"":512}",1000,0.9407000000000001,0.7,2.0,2.0,12638.186,17804.949999999997,7570.723,10393.35,11114.15,852.879,513.0,3635.909
P2,59a18a1e2301ae9d,"{""policy"":""P2"",""fixed_p"":3,""alpha"":1,""beta"":4,""ef_min"":8,""ef_max"":512}",1000,0.9723999999999999,0.8,3.0,3.0,2837.659,3622.05,1693.942,2583.0,2861.22,120.724,104.0,910.659
P2,1b3a254dfbd8444f,"{""policy"":""P2"",""fixed_p"":3,""alpha"":1,""beta"":8,""ef_min"":8,""ef_max"":512}",1000,0.9748,0.8,3.0,3.0,3031.205,3873.25,1767.43,2665.1,2950.04,130.173,108.0,964.842
P2,3ae277b1b5da081e,"{""policy"":""P2"",""fixed_p"":3,""alpha"":1,""beta"":16,""ef_min"":8,""ef_max"":512}",1000,0.9775,0.9,3.0,3.0,3495.724,4447.15,1910.198,2844.1,3150.13,152.749,116.0,1074.648
P2,5edcda9a11c4abcf,"{""policy"":""P2"",""fixed_p"":3,""alpha"":1,""beta"":32,""ef_min"":8,""ef_max"":512}",1000,0.9799,0.9,3.0,3.0,4422.835,5593.15,2185.47,3175.05,3484.2699999999995,199.917,132.0,1297.787
P2,bdc7501ffed5938e,"{""policy"":""P2"",""fixed_p"":3,""alpha"":1,""beta"":64,""ef_min"":8,""ef_max"":512}",1000,0.9818,0.9,3.0,3.0,6143.92,7793.05,2720.482,3828.0499999999993,4209.01,294.931,164.0,1731.587
P2,4db1ff6d0f4901b8,"{""policy"":""P2"",""fixed_p"":3,""alpha"":2,""beta"":4,""ef_min"":8,""ef_max"":512}",1000,0.9815,0.9,3.0,3.0,4542.777,5903.1,2859.926,4417.0,4939.2,218.889,204.0,1353.849
P2,975c953e5fac66ed,"{""policy"":""P2"",""fixed_p"":3,""alpha"":2,""beta"":8,""ef_min"":8,""ef_max"":512}",1000,0.9818,0.9,3.0,3.0,4733.997,6148.2,2922.543,4513.25,5034.01,228.959,208.0,1403.79
P2,f42a159f7137d997,"{""policy"":""P2"",""fixed_p"":3,""alpha"":2,""beta"":16,""ef_min"":8,""ef_max"":512}",1000,0.982,0.9,3.0,3.0,5172.36,6704.05,3047.44,4659.299999999999,5192.11,251.928,216.0,1518.632
P2,fc9ee56319858f5c,"{""policy"":""P2"",""fixed_p"":3,""alpha"":2,""beta"":32,""ef_min"":8,""ef_max"":512}",1000,0.9826,0.9,3.0,3.0,6040.525,7778.2,3292.218,4973.4,5476.17,299.38,232.0,1719.327
P2,f61a0100fec8e2e1,"{""policy"":""P2"",""fixed_p"":3,""alpha"":2,""beta"":64,""ef_min"":8,""ef_max"":512}",1000,0.9838,0.9,3.0,3.0,7657.556,9801.1,3759.631,5527.599999999999,6120.03,394.617,264.0,2134.24
P2,c3e756aaf0e52e0d,"{""policy"":""P2"",""fixed_p"":3,""alpha"":4,""beta"":4,""ef_min"":8,""ef_max"":512}",1000,0.984,0.9,3.0,3.0,7501.123,9904.1,4825.467,7532.749999999999,8423.449999999999,417.451,404.0,2162.305
P2,f243f2e6a18eca12,"{""policy"":""P2"",""fixed_p"":3,""alpha"":4,""beta"":8,""ef_min"":8,""ef_max"":512}",1000,0.984,0.9,3.0,3.0,7675.555,10113.949999999999,4876.51,7594.25,8515.15,427.873,408.0,2205.406
P2,4079c3dd3a4c67dc,"{""policy"":""P2"",""fixed_p"":3,""alpha"":4,""beta"":16,""ef_min"":8,""ef_max"":512}",1000,0.9841,0.9,3.0,3.0,8072.377,10614.8,4980.032,7705.05,8654.5,451.094,416.0,2294.268
P2,1fbd88ad9f149fe3,"{""policy"":""P2"",""fixed_p"":3,""alpha"":4,""beta"":32,""ef_min"":8,""ef_max"":512}",1000,0.9843,0.9,3.0,3.0,8859.219,11606.1,5183.75,7934.399999999999,8964.17,498.773,432.0,2510.222
P2,14d28ae5f7688771,"{""policy"":""P2"",""fixed_p"":3,""alpha"":4,""beta"":64,""ef_min"":8,""ef_max"":512}",1000,0.9843,0.9,3.0,3.0,10343.467,13488.0,5582.288,8431.449999999997,9439.33,594.132,464.0,2900.467
P2,cadddd4e583fd2a6,"{""policy"":""P2"",""fixed_p"":3,""alpha"":8,""beta"":4,""ef_min"":8,""ef_max"":512}",1000,0.9843,0.9,3.0,3.0,11407.947,16225.099999999999,7015.513,10191.849999999999,10976.02,708.841,512.0,3255.878
P2,dfa21f473db9d28a,"{""policy"":""P2"",""fixed_p"":3,""alpha"":8,""beta"":8,""ef_min"":8,""ef_max"":512}",1000,0.9843,0.9,3.0,3.0,11539.523,16391.25,7032.857,10191.849999999999,10976.02,717.07,512.0,3298.18
P2,c9aef7b97f9b330c,"{""policy"":""P2"",""fixed_p"":3,""alpha"":8,""beta"":16,""ef_min"":8,""ef_max"":512}",1000,0.9843,0.9,3.0,3.0,11835.14,16741.499999999996,7067.654,10208.15,10978.34,735.292,512.0,3384.587
P2,8979ff6e6ff7c6eb,"{""policy"":""P2"",""fixed_p"":3,""alpha"":8,""beta"":32,""ef_min"":8,""ef_max"":512}",1000,0.9843,0.9,3.0,3.0,12431.746,17543.8,7133.27,10234.599999999999,11012.01,772.585,512.0,3522.17
P2,4f0431382ddb656d,"{""policy"":""P2"",""fixed_p"":3,""alpha"":8,""beta"":64,""ef_min"":8,""ef_max"":512}",1000,0.9843,0.9,3.0,3.0,13538.715,18767.85,7244.269,10265.599999999999,11014.009999999998,845.366,513.0,3829.366
P2,ef3f799f9bfeae07,"{""policy"":""P2"",""fixed_p"":3,""alpha"":16,""beta"":4,""ef_min"":8,""ef_max"":512}",1000,0.9843,0.9,3.0,3.0,14466.357,22261.999999999996,7546.709,10392.05,11114.15,944.191,513.0,4138.043
P2,7343594a399a0977,"{""policy"":""P2"",""fixed_p"":3,""alpha"":16,""beta"":8,""ef_min"":8,""ef_max"":512}",1000,0.9843,0.9,3.0,3.0,14556.746,22358.05,7549.109,10392.05,11114.15,950.212,513.0,4165.123
P2,cb2cb8b279506e7c,"{""policy"":""P2"",""fixed_p"":3,""alpha"":16,""beta"":16,""ef_min"":8,""ef_max"":512}",1000,0.9843,0.9,3.0,3.0,14770.916,22523.399999999998,7554.358,10392.05,11114.15,963.851,513.0,4219.941
P2,b773c35d90fc1963,"{""policy"":""P2"",""fixed_p"":3,""alpha"":16,""beta"":32,""ef_min"":8,""ef_max"":512}",1000,0.9843,0.9,3.0,3.0,15205.593,22860.199999999997,7563.116,10392.05,11114.15,991.884,513.0,4330.91
P2,bfe3d3b7529d3a42,"{""policy"":""P2"",""fixed_p"":3,""alpha"":16,""beta"":64,""ef_min"":8,""ef_max"":512}",1000,0.9843,0.9,3.0,3.0,16008.662,23466.749999999993,7579.597,10393.35,11114.15,1046.343,513.0,4541.86
P2,de3673885b6a18a6,"{""policy"":""P2"",""fixed_p"":4,""alpha"":1,""beta"":4,""ef_min"":8,""ef_max"":512}",1000,0.9828,0.9,4.0,4.0,3240.329,4081.0,1693.942,2583.0,2861.22,137.165,104.0,1056.329
P2,34e90a05c8878c38,"{""policy"":""P2"",""fixed_p"":4,""alpha"":1,""beta"":8,""ef_min"":8,""ef_max"":512}",1000,0.9852000000000001,0.9,4.0,4.0,3461.202,4357.349999999999,1767.43,2665.1,2950.04,147.721,108.0,1115.358
P2,618b023475266fc7,"{""policy"":""P2"",""fixed_p"":4,""alpha"":1,""beta"":16,""ef_min"":8,""ef_max"":512}",1000,0.9883,0.9,4.0,4.0,4078.17,5124.05,1910.198,2844.1,3150.13,177.057,116.0,1259.103
P2,cf4c81b53723d241,"{""policy"":""P2"",""fixed_p"":4,""alpha"":1,""beta"":32,""ef_min"":8,""ef_max"":512}",1000,0.9907999999999999,0.9,4.0,4.0,5330.597,6648.1,2186.087,3175.05,3484.2699999999995,239.593,132.0,1556.644
P2,4b90b3926bc90055,"{""policy"":""P2"",""fixed_p"":4,""alpha"":1,""beta"":64,""ef_min"":8,""ef_max"":512}",1000,0.9927,0.9,4.0,4.0,7655.205,9537.15,2727.371,3828.0499999999993,4209.01,366.088,164.0,2131.617
P2,677fc05f59f3d54f,"{""policy"":""P2"",""fixed_p"":4,""alpha"":2,""beta"":4,""ef_min"":8,""ef_max"":512}",1000,0.9922000000000001,0.9,4.0,4.0,4999.454,6365.2,2859.926,4417.0,4939.2,237.63,204.0,1510.132
P2,2e24eb1307a85081,"{""policy"":""P2"",""fixed_p"":4,""alpha"":2,""beta"":8,""ef_min"":8,""ef_max"":512}",1000,0.9926,0.9,4.0,4.0,5227.86,6725.2,2922.543,4513.25,5034.01,249.291,208.0,1568.777
P2,994b9b262e775a3f,"{""policy"":""P2"",""fixed_p"":4,""alpha"":2,""beta"":16,""ef_min"":8,""ef_max"":512}",1000,0.9929,0.9,4.0,4.0,5822.85,7452.2,3047.44,4659.299999999999,5192.11,279.297,216.0,1719.193
P2,b6565c0e2be669f7,"{""policy"":""P2"",""fixed_p"":4,""alpha"":2,""beta"":32,""ef_min"":8,""ef_max"":512}",1000,0.9935,0.9,4.0,4.0,7012.783,8932.249999999998,3292.218,4973.4,5476.17,342.143,232.0,1992.497
P2,6362983ce3d0654b,"{""policy"":""P2"",""fixed_p"":4,""alpha"":2,""beta"":64,""ef_min"":8,""ef_max"":512}",1000,0.9947,1.0,4.0,4.0,9226.197,11649.849999999999,3760.031,5527.599999999999,6120.03,468.845,264.0,2545.807
P2,2fbb2d64d5805ac0,"{""policy"":""P2"",""fixed_p"":4,""alpha"":4,""beta"":4,""ef_min"":8,""ef_max"":512}",1000,0.9947999999999999,1.0,4.0,4.0,8080.636,10696.949999999999,4825.467,7532.749999999999,8423.449999999999,441.783,404.0,2349.165
P2,f2f9cc2e2a727a3d,"{""policy"":""P2"",""fixed_p"":4,""alpha"":4,""beta"":8,""ef_min"":8,""ef_max"":512}",1000,0.9947999999999999,1.0,4.0,4.0,8303.374,10970.15,4876.51,7594.25,8515.15,454.302,408.0,2400.837
P2,cc942f91d37bb589,"{""policy"":""P2"",""fixed_p"":4,""alpha"":4,""beta"":16,""ef_min"":8,""ef_max"":512}",1000,0.9949,1.0,4.0,4.0,8852.876,11646.449999999999,4980.032,7705.05,8654.5,484.633,416.0,2525.152
P2,36bda8b0917108b4,"{""policy"":""P2"",""fixed_p"":4,""alpha"":4,""beta"":32,""ef_min"":8,""ef_max"":512}",1000,0.9951,1.0,4.0,4.0,9954.919,12956.25,5183.75,7934.399999999999,8964.17,547.76,432.0,2814.326
P2,aaa374eed7ab62fb,"{""policy"":""P2"",""fixed_p"":4,""alpha"":4,""beta"":64,""ef_min"":8,""ef_max"":512}",1000,0.9951,1.0,4.0,4.0,12025.096,15537.249999999998,5582.288,8431.449999999997,9439.33,674.645,464.0,3340.73
P2,65d6de3c2d363076,"{""policy"":""P2"",""fixed_p"":4,""alpha"":8,""beta"":4,""ef_min"":8,""ef_max"":512}",1000,0.9951,1.0,4.0,4.0,12231.722,17572.649999999998,7015.513,10191.849999999999,10976.02,745.237,512.0,3498.404
P2,cea8aedc61573aad,"{""policy"":""P2"",""fixed_p"":4,""alpha"":8,""beta"":8,""ef_min"":8,""ef_max"":512}",1000,0.9951,1.0,4.0,4.0,12413.562,17867.25,7032.857,10191.849999999999,10976.02,755.776,512.0,3554.285
P2,01cabc333ac43b86,"{""policy"":""P2"",""fixed_p"":4,""alpha"":8,""beta"":16,""ef_min"":8,""ef_max"":512}",1000,0.9951,1.0,4.0,4.0,12856.179,18474.2,7067.654,10208.15,10978.34,781.148,512.0,3674.196
P2,82e51035c44d6e05,"{""policy"":""P2"",""fixed_p"":4,""alpha"":8,""beta"":32,""ef_min"":8,""ef_max"":512}",1000,0.9951,1.0,4.0,4.0,13758.576,19473.2,7133.27,10234.599999999999,11012.01,834.059,512.0,3880.975
P2,ebf7cf21ef4322a9,"{""policy"":""P2"",""fixed_p"":4,""alpha"":8,""beta"":64,""ef_min"":8,""ef_max"":512}",1000,0.9951,1.0,4.0,4.0,15432.659,21427.999999999996,7244.269,10265.599999999999,11014.009999999998,938.368,513.0,4322.521
P2,266ee86389c1f3a6,"{""policy"":""P2"",""fixed_p"":4,""alpha"":16,""beta"":4,""ef_min"":8,""ef_max"":512}",1000,0.9951,1.0,4.0,4.0,15734.355,25323.449999999997,7546.774,10392.05,11114.15,1005.391,513.0,4492.885
P2,d240ac2c22f3fd1e,"{""policy"":""P2"",""fixed_p"":4,""alpha"":16,""beta"":8,""ef_min"":8,""ef_max"":512}",1000,0.9951,1.0,4.0,4.0,15872.846,25475.599999999995,7549.169,10392.05,11114.15,1013.879,513.0,4528.605
P2,8ff4b409a7c95e7d,"{""policy"":""P2"",""fixed_p"":4,""alpha"":16,""beta"":16,""ef_min"":8,""ef_max"":512}",1000,0.9951,1.0,4.0,4.0,16225.324,25764.949999999993,7554.43,10392.05,11114.15,1034.694,513.0,4615.829
P2,64d550f6d5e40c0a,"{""policy"":""P2"",""fixed_p"":4,""alpha"":16,""beta"":32,""ef_min"":8,""ef_max"":512}",1000,0.9951,1.0,4.0,4.0,16947.049,26429.649999999998,7563.345,10392.05,11114.15,1078.349,513.0,4794.761
P2,fcd9b364c7e6b373,"{""policy"":""P2"",""fixed_p"":4,""alpha"":16,""beta"":64,""ef_min"":8,""ef_max"":512}",1000,0.9951,1.0,4.0,4.0,18290.402,27735.05,7580.462,10393.35,11114.15,1164.377,513.0,5139.431
P2,12bd0dba7f46c75d,"{""policy"":""P2"",""fixed_p"":5,""alpha"":1,""beta"":4,""ef_min"":8,""ef_max"":512}",1000,0.9856,0.9,5.0,5.0,3626.228,4510.15,1693.942,2583.0,2861.22,155.317,104.0,1199.594
P2,77b75b908f4633c0,"{""policy"":""P2"",""fixed_p"":5,""alpha"":1,""beta"":8,""ef_min"":8,""ef_max"":512}",1000,0.988,0.9,5.0,5.0,3856.124,4785.05,1767.43,2665.1,2950.04,166.245,108.0,1259.828
P2,7753c643c5a4d510,"{""policy"":""P2"",""fixed_p"":5,""alpha"":1,""beta"":16,""ef_min"":8,""ef_max"":512}",1000,0.9911,0.9,5.0,5.0,4612.056,5697.5,1910.198,2844.1,3150.13,202.163,116.0,1433.576
P2,2b884f4926b954bd,"{""policy"":""P2"",""fixed_p"":5,""alpha"":1,""beta"":32,""ef_min"":8,""ef_max"":512}",1000,0.9936,0.9,5.0,5.0,6163.218,7605.349999999999,2186.206,3175.05,3484.2699999999995,280.076,132.0,1798.974
P2,4e44796d128f534b,"{""policy"":""P2"",""fixed_p"":5,""alpha"":1,""beta"":64,""ef_min"":8,""ef_max"":512}",1000,0.9955,1.0,5.0,5.0,9040.984,11214.3,2729.487,3828.0499999999993,4209.01,437.488,164.0,2508.974
P2,68bb346598465f6c,"{""policy"":""P2"",""fixed_p"":5,""alpha"":2,""beta"":4,""ef_min"":8,""ef_max"":512}",1000,0.995,1.0,5.0,5.0,5397.353,6793.599999999999,2859.926,4417.0,4939.2,256.306,204.0,1656.149
P2,4166b1adddbccce2,"{""policy"":""P2"",""fixed_p"":5,""alpha"":2,""beta"":8,""ef_min"":8,""ef_max"":512}",1000,0.9954,1.0,5.0,5.0,5642.888,7174.299999999999,2922.543,4513.25,5034.01,268.693,208.0,1717.894
P2,4f9a4f3be118bf19,"{""policy"":""P2"",""fixed_p"":5,""alpha"":2,""beta"":16,""ef_min"":8,""ef_max"":512}",1000,0.9957,1.0,5.0,5.0,6378.267,8103.4,3047.44,4659.299999999999,5192.11,305.387,216.0,1899.215
P2,1084aad8abc2082c,"{""policy"":""P2"",""fixed_p"":5,""alpha"":2,""beta"":32,""ef_min"":8,""ef_max"":512}",1000,0.9963,1.0,5.0,5.0,7867.242,9923.5,3292.218,4973.4,5476.17,383.686,232.0,2238.661
P2,f4c2f2cac781e7b9,"{""policy"":""P2"",""fixed_p"":5,""alpha"":2,""beta"":64,""ef_min"":8,""ef_max"":512}",1000,0.9975,1.0,5.0,5.0,10632.343,13375.1,3760.031,5527.599999999999,6120.03,541.326,264.0,2924.898
P2,2e613039a2a4b513,"{""policy"":""P2"",""fixed_p"":5,""alpha"":4,""beta"":4,""ef_min"":8,""ef_max"":512}",1000,0.9976,1.0,5.0,5.0,8516.164,11195.949999999999,4825.467,7532.749999999999,8423.449999999999,462.131,404.0,2503.244
P2,aacd85c84d3be773,"{""policy"":""P2"",""fixed_p"":5,""alpha"":4,""beta"":8,""ef_min"":8,""ef_max"":512}",1000,0.9976,1.0,5.0,5.0,8766.274,11573.0,4876.51,7594.25,8515.15,475.81,408.0,2562.429
P2,d969fb364580cd42,"{""policy"":""P2"",""fixed_p"":5,""alpha"":4,""beta"":16,""ef_min"":8,""ef_max"":512}",1000,0.9977,1.0,5.0,5.0,9455.166,12462.8,4980.032,7705.05,8654.5,512.864,416.0,2715.285
P2,37be741aac4564eb,"{""policy"":""P2"",""fixed_p"":5,""alpha"":4,""beta"":32,""ef_min"":8,""ef_max"":512}",1000,0.9979,1.0,5.0,5.0,10852.036,14108.9,5183.75,7934.399999999999,8964.17,591.402,432.0,3070.563
P2,a45d9fe0ff649a81,"{""policy"":""P2"",""fixed_p"":5,""alpha"":4,""beta"":64,""ef_min"":8,""ef_max"":512}",1000,0.9979,1.0,5.0,5.0,13471.244,17286.649999999998,5582.288,8431.449999999997,9439.33,749.295,464.0,3731.454
P2,4f2d263cf210d713,"{""policy"":""P2"",""fixed_p"":5,""alpha"":8,""beta"":4,""ef_min"":8,""ef_max"":512}",1000,0.9979,1.0,5.0,5.0,12751.486,18402.5,7015.513,10191.849999999999,10976.02,769.527,512.0,3672.117
P2,67afd7d918826416,"{""policy"":""P2"",""fixed_p"":5,""alpha"":8,""beta"":8,""ef_min"":8,""ef_max"":512}",1000,0.9979,1.0,5.0,5.0,12964.716,18741.35,7032.857,10191.849999999999,10976.02,781.46,512.0,3734.297
P2,3dbfab2ced5e72db,"{""policy"":""P2"",""fixed_p"":5,""alpha"":8,""beta"":16,""ef_min"":8,""ef_max"":512}",1000,0.9979,1.0,5.0,5.0,13543.858,19460.0,7067.654,10208.15,10978.34,813.536,512.0,3884.303
P2,b1d0df5a3fd14818,"{""policy"":""P2"",""fixed_p"":5,""alpha"":8,""beta"":32,""ef_min"":8,""ef_max"":512}",1000,0.9979,1.0,5.0,5.0,14738.49,20773.25,7133.27,10234.599999999999,11012.01,881.982,512.0,4157.44
P2,581cee34cc0d8094,"{""policy"":""P2"",""fixed_p"":5,""alpha"":8,""beta"":64,""ef_min"":8,""ef_max"":512}",1000,0.9979,1.0,5.0,5.0,16952.607,23420.6,7244.269,10265.599999999999,11014.009999999998,1017.307,513.0,4732.165
P2,2229231a4fcfe34c,"{""policy"":""P2"",""fixed_p"":5,""alpha"":16,""beta"":4,""ef_min"":8,""ef_max"":512}",1000,0.9979,1.0,5.0,5.0,16420.374,26876.15,7546.774,10392.05,11114.15,1038.133,513.0,4704.302
P2,7aed42b0abf70802,"{""policy"":""P2"",""fixed_p"":5,""alpha"":16,""beta"":8,""ef_min"":8,""ef_max"":512}",1000,0.9979,1.0,5.0,5.0,16587.108,27053.05,7549.169,10392.05,11114.15,1048.006,513.0,4747.537
P2,e84fac5de5d31030,"{""policy"":""P2"",""fixed_p"":5,""alpha"":16,""beta"":16,""ef_min"":8,""ef_max"":512}",1000,0.9979,1.0,5.0,5.0,17072.594,27539.45,7554.43,10392.05,11114.15,1075.611,513.0,4864.587
P2,b01b2e54e32484b3,"{""policy"":""P2"",""fixed_p"":5,""alpha"":16,""beta"":32,""ef_min"":8,""ef_max"":512}",1000,0.9979,1.0,5.0,5.0,18081.051,28404.899999999998,7563.345,10392.05,11114.15,1134.884,513.0,5107.378
P2,f60f1be42a49cd2d,"{""policy"":""P2"",""fixed_p"":5,""alpha"":16,""beta"":64,""ef_min"":8,""ef_max"":512}",1000,0.9979,1.0,5.0,5.0,19952.351,30286.75,7580.462,10393.35,11114.15,1251.945,513.0,5589.145
P2,6a2aa88e8c895bec,"{""policy"":""P2"",""fixed_p"":6,""alpha"":1,""beta"":4,""ef_min"":8,""ef_max"":512}",1000,0.9867,0.9,6.0,6.0,4025.016,4934.349999999999,1693.942,2583.0,2861.22,175.151,104.0,1343.166
P2,fd128928fd0067bb,"{""policy"":""P2"",""fixed_p"":6,""alpha"":1,""beta"":8,""ef_min"":8,""ef_max"":512}",1000,0.989,0.9,6.0,6.0,4256.924,5213.45,1767.43,2665.1,2950.04,186.173,108.0,1403.302
P2,b22c971efe059c2a,"{""policy"":""P2"",""fixed_p"":6,""alpha"":1,""beta"":16,""ef_min"":8,""ef_max"":512}",1000,0.9921,0.9,6.0,6.0,5137.863,6246.549999999999,1910.198,2844.1,3150.13,228.356,116.0,1605.142
P2,1a0b4813a0cbea36,"{""policy"":""P2"",""fixed_p"":6,""alpha"":1,""beta"":32,""ef_min"":8,""ef_max"":512}",1000,0.9945,1.0,6.0,6.0,6973.925,8474.25,2186.588,3175.05,3484.2699999999995,321.79,132.0,2039.952
P2,d87d974ef0e8806a,"{""policy"":""P2"",""fixed_p"":6,""alpha"":1,""beta"":64,""ef_min"":8,""ef_max"":512}",1000,0.9964,1.0,6.0,6.0,10377.633,12727.75,2734.494,3828.0499999999993,4209.01,510.002,164.0,2876.53
P2,66e50f5d848415bd,"{""policy"":""P2"",""fixed_p"":6,""alpha"":2,""beta"":4,""ef_min"":8,""ef_max"":512}",1000,0.996,1.0,6.0,6.0,5798.316,7203.15,2859.926,4417.0,4939.2,276.246,204.0,1800.003
P2,e1a9586057457ff9,"{""policy"":""P2"",""fixed_p"":6,""alpha"":2,""beta"":8,""ef_min"":8,""ef_max"":512}",1000,0.9964,1.0,6.0,6.0,6048.665,7577.299999999999,2922.543,4513.25,5034.01,288.858,208.0,1862.342
P2,375d73e602fd627c,"{""policy"":""P2"",""fixed_p"":6,""alpha"":2,""beta"":16,""ef_min"":8,""ef_max"":512}",1000,0.9966,1.0,6.0,6.0,6911.952,8659.599999999999,3047.44,4659.299999999999,5192.11,331.946,216.0,2073.213
P2,d249a2e620625033,"{""policy"":""P2"",""fixed_p"":6,""alpha"":2,""beta"":32,""ef_min"":8,""ef_max"":512}",1000,0.9972000000000001,1.0,6.0,6.0,8685.102,10817.65,3292.29,4973.4,5476.17,425.767,232.0,2480.822
P2,60044e1a3a5ad53c,"{""policy"":""P2"",""fixed_p"":6,""alpha"":2,""beta"":64,""ef_min"":8,""ef_max"":512}",1000,0.9984,1.0,6.0,6.0,11974.953,14853.1,3760.655,5527.599999999999,6120.03,614.202,264.0,3292.802
P2,25828c85414a1fef,"{""policy"":""P2"",""fixed_p"":6,""alpha"":4,""beta"":4,""ef_min"":8,""ef_max"":512}",1000,0.9985,1.0,6.0,6.0,8925.77,11573.399999999998,4825.467,7532.749999999999,8423.449999999999,482.497,404.0,2649.33
P2,cbad6805660063b9,"{""policy"":""P2"",""fixed_p"":6,""alpha"":4,""beta"":8,""ef_min"":8,""ef_max"":512}",1000,0.9985,1.0,6.0,6.0,9187.39,11984.949999999999,4876.51,7594.25,8515.15,496.676,408.0,2710.76
P2,6daf53243cfcd274,"{""policy"":""P2"",""fixed_p"":6,""alpha"":4,""beta"":16,""ef_min"":8,""ef_max"":512}",1000,0.9986,1.0,6.0,6.0,10003.393,13044.649999999998,4980.032,7705.05,8654.5,540.13,416.0,2892.396
P2,12af35c953617fdb,"{""policy"":""P2"",""fixed_p"":6,""alpha"":4,""beta"":32,""ef_min"":8,""ef_max"":512}",1000,0.9987999999999999,1.0,6.0,6.0,11683.432,14989.399999999998,5183.787,7934.399999999999,8964.17,634.187,432.0,3316.382
P2,23ff89a144c1628c,"{""policy"":""P2"",""fixed_p"":6,""alpha"":4,""beta"":64,""ef_min"":8,""ef_max"":512}",1000,0.9987999999999999,1.0,6.0,6.0,14826.493,18789.05,5582.518,8431.449999999997,9439.33,822.898,464.0,4101.818
P2,45ec77d9179bc01c,"{""policy"":""P2"",""fixed_p"":6,""alpha"":8,""beta"":4,""ef_min"":8,""ef_max"":512}",1000,0.9987999999999999,1.0,6.0,6.0,13186.64,18860.649999999998,7015.513,10191.849999999999,10976.02,791.128,512.0,3823.988
P2,d26f39ff3cb77697,"{""policy"":""P2"",""fixed_p"":6,""alpha"":8,""beta"":8,""ef_min"":8,""ef_max"":512}",1000,0.9987999999999999,1.0,6.0,6.0,13415.763,19252.75,7032.857,10191.849999999999,10976.02,803.763,512.0,3889.346
P2,cca52b034039d6f5,"{""policy"":""P2"",""fixed_p"":6,""alpha"":8,""beta"":16,""ef_min"":8,""ef_max"":512}",1000,0.9987999999999999,1.0,6.0,6.0,14119.791,20064.899999999998,7067.654,10208.15,10978.34,842.193,512.0,4067.243
P2,80194cfb78770361,"{""policy"":""P2"",""fixed_p"":6,""alpha"":8,""beta"":32,""ef_min"":8,""ef_max"":512}",1000,0.9987999999999999,1.0,6.0,6.0,15597.545,21662.949999999993,7133.27,10234.599999999999,11012.01,926.23,512.0,4410.187
P2,cd1ab4523bfac99e,"{""policy"":""P2"",""fixed_p"":6,""alpha"":8,""beta"":64,""ef_min"":8,""ef_max"":512}",1000,0.9987999999999999,1.0,6.0,6.0,18332.663,24758.44999999999,7244.418,10265.599999999999,11014.009999999998,1092.382,513.0,5108.985
P2,aca830c80cd1a408,"{""policy"":""P2"",""fixed_p"":6,""alpha"":16,""beta"":4,""ef_min"":8,""ef_max"":512}",1000,0.9987999999999999,1.0,6.0,6.0,16911.93,27453.499999999996,7546.774,10392.05,11114.15,1062.576,513.0,4869.085
P2,acec76cacbd144b8,"{""policy"":""P2"",""fixed_p"":6,""alpha"":16,""beta"":8,""ef_min"":8,""ef_max"":512}",1000,0.9987999999999999,1.0,6.0,6.0,17093.715,27729.049999999996,7549.169,10392.05,11114.15,1073.15,513.0,4915.723
P2,48ff4dd48b73aad2,"{""policy"":""P2"",""fixed_p"":6,""alpha"":16,""beta"":16,""ef_min"":8,""ef_max"":512}",1000,0.9987999999999999,1.0,6.0,6.0,17703.139,28350.149999999994,7554.43,10392.05,11114.15,1107.164,513.0,5060.97
P2,d9445040163def1d,"{""policy"":""P2"",""fixed_p"":6,""alpha"":16,""beta"":32,""ef_min"":8,""ef_max"":512}",1000,0.9989,1.0,6.0,6.0,18990.795,29587.649999999994,7563.345,10392.05,11114.15,1182.004,513.0,5371.704
P2,987589a903fc9f81,"{""policy"":""P2"",""fixed_p"":6,""alpha"":16,""beta"":64,""ef_min"":8,""ef_max"":512}",1000,0.9989,1.0,6.0,6.0,21379.897,31916.699999999997,7580.462,10393.35,11114.15,1329.944,513.0,5979.053
P2,1ad897ba9a8d2f99,"{""policy"":""P2"",""fixed_p"":7,""alpha"":1,""beta"":4,""ef_min"":8,""ef_max"":512}",1000,0.9867999999999999,0.9,7.0,7.0,4429.474,5404.999999999999,1693.942,2583.0,2861.22,196.13,104.0,1493.58
P2,b3b6705dac6d9a41,"{""policy"":""P2"",""fixed_p"":7,""alpha"":1,""beta"":8,""ef_min"":8,""ef_max"":512}",1000,0.9891,0.9,7.0,7.0,4661.632,5660.15,1767.43,2665.1,2950.04,207.164,108.0,1554.13
P2,ff4701a77db774be,"{""policy"":""P2"",""fixed_p"":7,""alpha"":1,""beta"":16,""ef_min"":8,""ef_max"":512}",1000,0.9922000000000001,0.9,7.0,7.0,5657.566,6837.0,1910.246,2844.1,3150.13,255.439,116.0,1783.631
P2,e65b32909a108787,"{""policy"":""P2"",""fixed_p"":7,""alpha"":1,""beta"":32,""ef_min"":8,""ef_max"":512}",1000,0.9946,1.0,7.0,7.0,7772.108,9361.05,2186.922,3175.05,3484.2699999999995,364.391,132.0,2285.248
P2,58144f48eded8e74,"{""policy"":""P2"",""fixed_p"":7,""alpha"":1,""beta"":64,""ef_min"":8,""ef_max"":512}",1000,0.9965,1.0,7.0,7.0,11700.975,14043.2,2736.703,3828.0499999999993,4209.01,583.538,164.0,3255.762
P2,e4f3c43a88a38292,"{""policy"":""P2"",""fixed_p"":7,""alpha"":2,""beta"":4,""ef_min"":8,""ef_max"":512}",1000,0.9961,1.0,7.0,7.0,6202.936,7664.25,2859.926,4417.0,4939.2,297.232,204.0,1950.57
P2,416e388ed11329d2,"{""policy"":""P2"",""fixed_p"":7,""alpha"":2,""beta"":8,""ef_min"":8,""ef_max"":512}",1000,0.9965,1.0,7.0,7.0,6453.923,8009.299999999999,2922.543,4513.25,5034.01,309.879,208.0,2012.946
P2,f28f31b7f5408fb7,"{""policy"":""P2"",""fixed_p"":7,""alpha"":2,""beta"":16,""ef_min"":8,""ef_max"":512}",1000,0.9967,1.0,7.0,7.0,7433.154,9182.599999999999,3047.44,4659.299999999999,5192.11,359.1,216.0,2251.858
P2,eecc6cbabca8c2d5,"{""policy"":""P2"",""fixed_p"":7,""alpha"":2,""beta"":32,""ef_min"":8,""ef_max"":512}",1000,0.9973,1.0,7.0,7.0,9484.669,11647.0,3292.29,4973.4,5476.17,468.444,232.0,2726.815
P2,d6023a0e17acea44,"{""policy"":""P2"",""fixed_p"":7,""alpha"":2,""beta"":64,""ef_min"":8,""ef_max"":512}",1000,0.9985,1.0,7.0,7.0,13299.734,16125.4,3760.991,5527.599999999999,6120.03,687.828,264.0,3671.864
P2,538350051276ef96,"{""policy"":""P2"",""fixed_p"":7,""alpha"":4,""beta"":4,""ef_min"":8,""ef_max"":512}",1000,0.9986,1.0,7.0,7.0,9331.553,11982.949999999999,4825.467,7532.749999999999,8423.449999999999,503.541,404.0,2800.187
P2,bb63594e9c8ee1e4,"{""policy"":""P2"",""fixed_p"":7,""alpha"":4,""beta"":8,""ef_min"":8,""ef_max"":512}",1000,0.9986,1.0,7.0,7.0,9595.481,12404.15,4876.51,7594.25,8515.15,517.837,408.0,2861.955
P2,96201e17bf30662e,"{""policy"":""P2"",""fixed_p"":7,""alpha"":4,""beta"":16,""ef_min"":8,""ef_max"":512}",1000,0.9987,1.0,7.0,7.0,10527.585,13560.2,4980.032,7705.05,8654.5,567.44,416.0,3072.92
P2,948787a04ea00329,"{""policy"":""P2"",""fixed_p"":7,""alpha"":4,""beta"":32,""ef_min"":8,""ef_max"":512}",1000,0.9989,1.0,7.0,7.0,12486.308,15813.2,5183.787,7934.399999999999,8964.17,677.029,432.0,3563.368
P2,89130bc4dc9a411c,"{""policy"":""P2"",""fixed_p"":7,""alpha"":4,""beta"":64,""ef_min"":8,""ef_max"":512}",1000,0.9989,1.0,7.0,7.0,16154.246,20070.3,5582.518,8431.449999999997,9439.33,896.703,464.0,4481.281
P2,94ff7a4610ee4ca9,"{""policy"":""P2"",""fixed_p"":7,""alpha"":8,""beta"":4,""ef_min"":8,""ef_max"":512}",1000,0.9989,1.0,7.0,7.0,13596.38,19236.3,7015.513,10191.849999999999,10976.02,812.382,512.0,3975.565
P2,97c8904775d72ed5,"{""policy"":""P2"",""fixed_p"":7,""alpha"":8,""beta"":8,""ef_min"":8,""ef_max"":512}",1000,0.9989,1.0,7.0,7.0,13830.294,19637.45,7032.857,10191.849999999999,10976.02,825.256,512.0,4042.358
P2,d4ea67a0492b288c,"{""policy"":""P2"",""fixed_p"":7,""alpha"":8,""beta"":16,""ef_min"":8,""ef_max"":512}",1000,0.9989,1.0,7.0,7.0,14651.265,20536.05,7067.654,10208.15,10978.34,869.848,512.0,4248.652
P2,0abcb852e22c5bc1,"{""policy"":""P2"",""fixed_p"":7,""alpha"":8,""beta"":32,""ef_min"":8,""ef_max"":512}",1000,0.9989,1.0,7.0,7.0,16406.778,22501.749999999996,7133.27,10234.599999999999,11012.01,969.428,512.0,4658.318
P2,2c3c0c5c937c73f7,"{""policy"":""P2"",""fixed_p"":7,""alpha"":8,""beta"":64,""ef_min"":8,""ef_max"":512}",1000,0.9989,1.0,7.0,7.0,19666.138,26070.5,7244.418,10265.599999999999,11014.009999999998,1166.528,513.0,5490.373
P2,757ca4f6b43765c7,"{""policy"":""P2"",""fixed_p"":7,""alpha"":16,""beta"":4,""ef_min"":8,""ef_max"":512}",1000,0.9989,1.0,7.0,7.0,17334.746,27858.399999999994,7546.774,10392.05,11114.15,1084.482,513.0,5024.447
P2,48f1dbdd413807cb,"{""policy"":""P2"",""fixed_p"":7,""alpha"":16,""beta"":8,""ef_min"":8,""ef_max"":512}",1000,0.9989,1.0,7.0,7.0,17521.82,28122.699999999993,7549.169,10392.05,11114.15,1095.307,513.0,5072.012
P2,881714592ce36b45,"{""policy"":""P2"",""fixed_p"":7,""alpha"":16,""beta"":16,""ef_min"":8,""ef_max"":512}",1000,0.9989,1.0,7.0,7.0,18248.005,29049.2,7554.43,10392.05,11114.15,1135.523,513.0,5245.056
P2,a72b4455367f211c,"{""policy"":""P2"",""fixed_p"":7,""alpha"":16,""beta"":32,""ef_min"":8,""ef_max"":512}",1000,0.999,1.0,7.0,7.0,19811.828,30557.999999999996,7563.345,10392.05,11114.15,1225.874,513.0,5622.537
P2,403938dec9bdd531,"{""policy"":""P2"",""fixed_p"":7,""alpha"":16,""beta"":64,""ef_min"":8,""ef_max"":512}",1000,0.999,1.0,7.0,7.0,22724.58,33330.2,7580.462,10393.35,11114.15,1404.778,513.0,6363.629
P2,4215888c3a9d8671,"{""policy"":""P2"",""fixed_p"":8,""alpha"":1,""beta"":4,""ef_min"":8,""ef_max"":512}",1000,0.9867999999999999,0.9,8.0,8.0,4813.127,5823.2,1694.035,2583.0,2861.22,217.341,104.0,1640.523
P2,ed620f5358a8f67a,"{""policy"":""P2"",""fixed_p"":8,""alpha"":1,""beta"":8,""ef_min"":8,""ef_max"":512}",1000,0.9891,0.9,8.0,8.0,5045.285,6065.15,1767.485,2665.1,2950.04,228.375,108.0,1701.05
P2,3d7aad861d505da2,"{""policy"":""P2"",""fixed_p"":8,""alpha"":1,""beta"":16,""ef_min"":8,""ef_max"":512}",1000,0.9922000000000001,0.9,8.0,8.0,6155.087,7364.25,1910.246,2844.1,3150.13,282.972,116.0,1957.747
P2,28f6a0a52bc0f16f,"{""policy"":""P2"",""fixed_p"":8,""alpha"":1,""beta"":32,""ef_min"":8,""ef_max"":512}",1000,0.9946,1.0,8.0,8.0,8531.366,10131.0,2187.128,3175.05,3484.2699999999995,407.369,132.0,2524.497
P2,8c5e1e4fb14edb6b,"{""policy"":""P2"",""fixed_p"":8,""alpha"":1,""beta"":64,""ef_min"":8,""ef_max"":512}",1000,0.9965,1.0,8.0,8.0,12960.756,15274.1,2737.686,3828.0499999999993,4209.01,657.727,164.0,3623.303
P2,3294b6bb96f54c43,"{""policy"":""P2"",""fixed_p"":8,""alpha"":2,""beta"":4,""ef_min"":8,""ef_max"":512}",1000,0.9961,1.0,8.0,8.0,6586.589,8038.45,2859.926,4417.0,4939.2,318.443,204.0,2097.515
P2,8696075ec3d98ab7,"{""policy"":""P2"",""fixed_p"":8,""alpha"":2,""beta"":8,""ef_min"":8,""ef_max"":512}",1000,0.9965,1.0,8.0,8.0,6837.789,8400.1,2922.543,4513.25,5034.01,331.101,208.0,2160.0
P2,73012063e0606c6a,"{""policy"":""P2"",""fixed_p"":8,""alpha"":2,""beta"":16,""ef_min"":8,""ef_max"":512}",1000,0.9967,1.0,8.0,8.0,7930.979,9726.2,3047.509,4659.299999999999,5192.11,386.652,216.0,2426.056
P2,039095c0dfb6ee58,"{""policy"":""P2"",""fixed_p"":8,""alpha"":2,""beta"":32,""ef_min"":8,""ef_max"":512}",1000,0.9973,1.0,8.0,8.0,10244.258,12398.25,3292.336,4973.4,5476.17,511.443,232.0,2965.67
P2,348a69a089d6b983,"{""policy"":""P2"",""fixed_p"":8,""alpha"":2,""beta"":64,""ef_min"":8,""ef_max"":512}",1000,0.9985,1.0,8.0,8.0,14559.831,17437.15,3761.437,5527.599999999999,6120.03,762.034,264.0,4039.512
P2,36cb4e67ed81c1ec,"{""policy"":""P2"",""fixed_p"":8,""alpha"":4,""beta"":4,""ef_min"":8,""ef_max"":512}",1000,0.9986,1.0,8.0,8.0,9715.436,12359.249999999998,4825.467,7532.749999999999,8423.449999999999,524.764,404.0,2947.205
P2,2a48736411a932d2,"{""policy"":""P2"",""fixed_p"":8,""alpha"":4,""beta"":8,""ef_min"":8,""ef_max"":512}",1000,0.9986,1.0,8.0,8.0,9979.96,12758.099999999997,4876.51,7594.25,8515.15,539.098,408.0,3009.183
P2,0e52ddf274cf4273,"{""policy"":""P2"",""fixed_p"":8,""alpha"":4,""beta"":16,""ef_min"":8,""ef_max"":512}",1000,0.9987,1.0,8.0,8.0,11025.804,13972.049999999997,4980.032,7705.05,8654.5,595.019,416.0,3247.146
P2,c6a0f7d92acb4772,"{""policy"":""P2"",""fixed_p"":8,""alpha"":4,""beta"":32,""ef_min"":8,""ef_max"":512}",1000,0.9989,1.0,8.0,8.0,13246.64,16539.699999999997,5183.787,7934.399999999999,8964.17,720.068,432.0,3802.567
P2,447db60ca63a2c0b,"{""policy"":""P2"",""fixed_p"":8,""alpha"":4,""beta"":64,""ef_min"":8,""ef_max"":512}",1000,0.9989,1.0,8.0,8.0,17414.781,21392.3,5582.676,8431.449999999997,9439.33,970.943,464.0,4849.294
P2,ea69033443c3b1fd,"{""policy"":""P2"",""fixed_p"":8,""alpha"":8,""beta"":4,""ef_min"":8,""ef_max"":512}",1000,0.9989,1.0,8.0,8.0,13981.028,19664.449999999997,7015.513,10191.849999999999,10976.02,833.657,512.0,4122.781
P2,31e271005e20c68b,"{""policy"":""P2"",""fixed_p"":8,""alpha"":8,""beta"":8,""ef_min"":8,""ef_max"":512}",1000,0.9989,1.0,8.0,8.0,14215.92,20050.05,7032.857,10191.849999999999,10976.02,846.582,512.0,4189.697
P2,329a5e55f2c04260,"{""policy"":""P2"",""fixed_p"":8,""alpha"":8,""beta"":16,""ef_min"":8,""ef_max"":512}",1000,0.9989,1.0,8.0,8.0,15150.424,21054.649999999998,7067.654,10208.15,10978.34,897.496,512.0,4423.411
P2,339fe8da261c1a14,"{""policy"":""P2"",""fixed_p"":8,""alpha"":8,""beta"":32,""ef_min"":8,""ef_max"":512}",1000,0.9989,1.0,8.0,8.0,17168.079,23279.55,7133.27,10234.599999999999,11012.01,1012.53,512.0,4897.643
P2,949478a58092ae27,"{""policy"":""P2"",""fixed_p"":8,""alpha"":8,""beta"":64,""ef_min"":8,""ef_max"":512}",1000,0.9989,1.0,8.0,8.0,20927.617,27323.75,7244.418,10265.599999999999,11014.009999999998,1240.839,513.0,5858.616
P2,8f837e5fab65beab,"{""policy"":""P2"",""fixed_p"":8,""alpha"":16,""beta"":4,""ef_min"":8,""ef_max"":512}",1000,0.9989,1.0,8.0,8.0,17721.501,28289.25,7546.774,10392.05,11114.15,1105.888,513.0,5172.212
P2,944200383cd94691,"{""policy"":""P2"",""fixed_p"":8,""alpha"":16,""beta"":8,""ef_min"":8,""ef_max"":512}",1000,0.9989,1.0,8.0,8.0,17909.42,28534.899999999998,7549.169,10392.05,11114.15,1116.772,513.0,5220.269
P2,42b992a315fa4229,"{""policy"":""P2"",""fixed_p"":8,""alpha"":16,""beta"":16,""ef_min"":8,""ef_max"":512}",1000,0.9989,1.0,8.0,8.0,18748.954,29530.199999999997,7554.43,10392.05,11114.15,1163.291,513.0,5420.506
P2,da72110733effdf8,"{""policy"":""P2"",""fixed_p"":8,""alpha"":16,""beta"":32,""ef_min"":8,""ef_max"":512}",1000,0.999,1.0,8.0,8.0,20575.017,31274.85,7563.345,10392.05,11114.15,1269.105,513.0,5862.5
P2,c00f7c7a141e42bb,"{""policy"":""P2"",""fixed_p"":8,""alpha"":16,""beta"":64,""ef_min"":8,""ef_max"":512}",1000,0.999,1.0,8.0,8.0,23987.842,34517.6,7580.462,10393.35,11114.15,1479.222,513.0,6732.13
P2,650edbd67e99346e,"{""policy"":""P2"",""fixed_p"":9,""alpha"":1,""beta"":4,""ef_min"":8,""ef_max"":512}",1000,0.9867999999999999,0.9,9.0,9.0,5146.869,6123.0,1694.158,2583.0,2861.22,239.11,104.0,1776.979
P2,7c0f35443642d0dd,"{""policy"":""P2"",""fixed_p"":9,""alpha"":1,""beta"":8,""ef_min"":8,""ef_max"":512}",1000,0.9891,0.9,9.0,9.0,5379.027,6383.2,1767.595,2665.1,2950.04,250.144,108.0,1837.476
P2,aa0817f123239b95,"{""policy"":""P2"",""fixed_p"":9,""alpha"":1,""beta"":16,""ef_min"":8,""ef_max"":512}",1000,0.9922000000000001,0.9,9.0,9.0,6578.145,7756.2,1910.533,2844.1,3150.13,311.105,116.0,2118.936
P2,4cf2f917a86393ba,"{""policy"":""P2"",""fixed_p"":9,""alpha"":1,""beta"":32,""ef_min"":8,""ef_max"":512}",1000,0.9946,1.0,9.0,9.0,9169.64,10753.599999999999,2187.713,3175.05,3484.2699999999995,451.498,132.0,2744.772
P2,b8017e6915d2f845,"{""policy"":""P2"",""fixed_p"":9,""alpha"":1,""beta"":64,""ef_min"":8,""ef_max"":512}",1000,0.9965,1.0,9.0,9.0,14005.438,16334.55,2739.658,3828.0499999999993,4209.01,732.83,164.0,3950.444
P2,9537d48bfd38e829,"{""policy"":""P2"",""fixed_p"":9,""alpha"":2,""beta"":4,""ef_min"":8,""ef_max"":512}",1000,0.9961,1.0,9.0,9.0,6920.331,8371.2,2859.951,4417.0,4939.2,340.212,204.0,2233.971
P2,5eeba1f47d7e8e43,"{""policy"":""P2"",""fixed_p"":9,""alpha"":2,""beta"":8,""ef_min"":8,""ef_max"":512}",1000,0.9965,1.0,9.0,9.0,7171.531,8723.0,2922.543,4513.25,5034.01,352.87,208.0,2296.435
P2,e230418659af6f26,"{""policy"":""P2"",""fixed_p"":9,""alpha"":2,""beta"":16,""ef_min"":8,""ef_max"":512}",1000,0.9967,1.0,9.0,9.0,8354.042,10103.3,3047.509,4659.299999999999,5192.11,414.786,216.0,2587.179
P2,1759b279f88d0396,"{""policy"":""P2"",""fixed_p"":9,""alpha"":2,""beta"":32,""ef_min"":8,""ef_max"":512}",1000,0.9973,1.0,9.0,9.0,10882.559,13021.15,3292.433,4973.4,5476.17,555.573,232.0,3185.944
P2,9fc3d93467202b72,"{""policy"":""P2"",""fixed_p"":9,""alpha"":2,""beta"":64,""ef_min"":8,""ef_max"":512}",1000,0.9985,1.0,9.0,9.0,15604.513,18473.15,3761.822,5527.599999999999,6120.03,837.137,264.0,4366.652
P2,0ca35dff13b5e995,"{""policy"":""P2"",""fixed_p"":9,""alpha"":4,""beta"":4,""ef_min"":8,""ef_max"":512}",1000,0.9986,1.0,9.0,9.0,10049.178,12701.35,4825.467,7532.749999999999,8423.449999999999,546.533,404.0,3083.661
P2,7ae2e5bf299efef1,"{""policy"":""P2"",""fixed_p"":9,""alpha"":4,""beta"":8,""ef_min"":8,""ef_max"":512}",1000,0.9986,1.0,9.0,9.0,10313.702,13116.199999999999,4876.51,7594.25,8515.15,560.867,408.0,3145.64
P2,f91ca48a9616e4c0,"{""policy"":""P2"",""fixed_p"":9,""alpha"":4,""beta"":16,""ef_min"":8,""ef_max"":512}",1000,0.9987,1.0,9.0,9.0,11448.9,14387.449999999999,4980.032,7705.05,8654.5,623.156,416.0,3408.288
P2,fd32137e602d4edf,"{""policy"":""P2"",""fixed_p"":9,""alpha"":4,""beta"":32,""ef_min"":8,""ef_max"":512}",1000,0.9989,1.0,9.0,9.0,13884.987,17120.85,5183.787,7934.399999999999,8964.17,764.202,432.0,4022.856
P2,880b30be175618ff,"{""policy"":""P2"",""fixed_p"":9,""alpha"":4,""beta"":64,""ef_min"":8,""ef_max"":512}",1000,0.9989,1.0,9.0,9.0,18459.496,22407.05,5582.676,8431.449999999997,9439.33,1046.048,464.0,5176.46
P2,83afc6fdecc07a3a,"{""policy"":""P2"",""fixed_p"":9,""alpha"":8,""beta"":4,""ef_min"":8,""ef_max"":512}",1000,0.9989,1.0,9.0,9.0,14314.77,20022.55,7015.513,10191.849999999999,10976.02,855.426,512.0,4259.238
P2,a709928aa435aff7,"{""policy"":""P2"",""fixed_p"":9,""alpha"":8,""beta"":8,""ef_min"":8,""ef_max"":512}",1000,0.9989,1.0,9.0,9.0,14549.743,20386.799999999996,7032.857,10191.849999999999,10976.02,868.354,512.0,4326.15
P2,587fc6df9aa18956,"{""policy"":""P2"",""fixed_p"":9,""alpha"":8,""beta"":16,""ef_min"":8,""ef_max"":512}",1000,0.9989,1.0,9.0,9.0,15573.551,21491.549999999996,7067.654,10208.15,10978.34,925.636,512.0,4584.54
P2,722b17070356ebce,"{""policy"":""P2"",""fixed_p"":9,""alpha"":8,""beta"":32,""ef_min"":8,""ef_max"":512}",1000,0.9989,1.0,9.0,9.0,17806.483,23995.699999999997,7133.27,10234.599999999999,11012.01,1056.666,512.0,5117.964
P2,97752944641b1ff9,"{""policy"":""P2"",""fixed_p"":9,""alpha"":8,""beta"":64,""ef_min"":8,""ef_max"":512}",1000,0.9989,1.0,9.0,9.0,21972.421,28434.249999999996,7244.418,10265.599999999999,11014.009999999998,1315.952,513.0,6186.01
P2,f3fc1d5297d00b11,"{""policy"":""P2"",""fixed_p"":9,""alpha"":16,""beta"":4,""ef_min"":8,""ef_max"":512}",1000,0.9989,1.0,9.0,9.0,18055.376,28645.649999999998,7546.774,10392.05,11114.15,1127.665,513.0,5308.69
P2,31d592d138d6209a,"{""policy"":""P2"",""fixed_p"":9,""alpha"":16,""beta"":8,""ef_min"":8,""ef_max"":512}",1000,0.9989,1.0,9.0,9.0,18243.326,28858.299999999996,7549.169,10392.05,11114.15,1138.552,513.0,5356.734
P2,5e6d4019db011542,"{""policy"":""P2"",""fixed_p"":9,""alpha"":16,""beta"":16,""ef_min"":8,""ef_max"":512}",1000,0.9989,1.0,9.0,9.0,19172.198,29930.599999999995,7554.43,10392.05,11114.15,1191.439,513.0,5581.678
P2,472c3d9a768245a2,"{""policy"":""P2"",""fixed_p"":9,""alpha"":16,""beta"":32,""ef_min"":8,""ef_max"":512}",1000,0.999,1.0,9.0,9.0,21213.552,31771.599999999995,7563.345,10392.05,11114.15,1313.248,513.0,6082.888
P2,72cd2758d2ab6f41,"{""policy"":""P2"",""fixed_p"":9,""alpha"":16,""beta"":64,""ef_min"":8,""ef_max"":512}",1000,0.999,1.0,9.0,9.0,25032.707,35551.35,7580.462,10393.35,11114.15,1554.339,513.0,7059.317
P2,941c3ef327cc3e5a,"{""policy"":""P2"",""fixed_p"":10,""alpha"":1,""beta"":4,""ef_min"":8,""ef_max"":512}",1000,0.9867999999999999,0.9,10.0,10.0,5467.528,6431.65,1694.247,2583.0,2861.22,259.667,104.0,1904.128
P2,971a3dcc81e97133,"{""policy"":""P2"",""fixed_p"":10,""alpha"":1,""beta"":8,""ef_min"":8,""ef_max"":512}",1000,0.9891,0.9,10.0,10.0,5699.686,6711.05,1767.684,2665.1,2950.04,270.701,108.0,1964.625
P2,02e9fe90d55f0e2d,"{""policy"":""P2"",""fixed_p"":10,""alpha"":1,""beta"":16,""ef_min"":8,""ef_max"":512}",1000,0.9922000000000001,0.9,10.0,10.0,6983.624,8138.2,1910.586,2844.1,3150.13,337.786,116.0,2267.232
P2,9902d380ee84f8b9,"{""policy"":""P2"",""fixed_p"":10,""alpha"":1,""beta"":32,""ef_min"":8,""ef_max"":512}",1000,0.9946,1.0,10.0,10.0,9787.776,11340.05,2187.859,3175.05,3484.2699999999995,494.004,132.0,2948.695
P2,f7201f56ac62a0bf,"{""policy"":""P2"",""fixed_p"":10,""alpha"":1,""beta"":64,""ef_min"":8,""ef_max"":512}",1000,0.9965,1.0,10.0,10.0,15045.404,17320.85,2740.224,3828.0499999999993,4209.01,806.249,164.0,4259.146
P2,5a9b23d5003f748b,"{""policy"":""P2"",""fixed_p"":10,""alpha"":2,""beta"":4,""ef_min"":8,""ef_max"":512}",1000,0.9961,1.0,10.0,10.0,7240.99,8691.0,2860.04,4417.0,4939.2,360.769,204.0,2361.12
P2,7410d4336c88a9dd,"{""policy"":""P2"",""fixed_p"":10,""alpha"":2,""beta"":8,""ef_min"":8,""ef_max"":512}",1000,0.9965,1.0,10.0,10.0,7492.19,9034.2,2922.631,4513.25,5034.01,373.427,208.0,2423.584
P2,60ae168923f13261,"{""policy"":""P2"",""fixed_p"":10,""alpha"":2,""beta"":16,""ef_min"":8,""ef_max"":512}",1000,0.9967,1.0,10.0,10.0,8759.521,10499.5,3047.519,4659.299999999999,5192.11,441.467,216.0,2735.475
P2,67e1385a0799ff36,"{""policy"":""P2"",""fixed_p"":10,""alpha"":2,""beta"":32,""ef_min"":8,""ef_max"":512}",1000,0.9973,1.0,10.0,10.0,11500.695,13576.05,3292.433,4973.4,5476.17,598.079,232.0,3389.867
P2,25054e2b790762ba,"{""policy"":""P2"",""fixed_p"":10,""alpha"":2,""beta"":64,""ef_min"":8,""ef_max"":512}",1000,0.9985,1.0,10.0,10.0,16644.479,19443.5,3762.019,5527.599999999999,6120.03,910.556,264.0,4675.354
P2,aeeddf8c62bf23ad,"{""policy"":""P2"",""fixed_p"":10,""alpha"":4,""beta"":4,""ef_min"":8,""ef_max"":512}",1000,0.9986,1.0,10.0,10.0,10369.837,13010.75,4825.467,7532.749999999999,8423.449999999999,567.09,404.0,3210.81
P2,faf2dcae2785626c,"{""policy"":""P2"",""fixed_p"":10,""alpha"":4,""beta"":8,""ef_min"":8,""ef_max"":512}",1000,0.9986,1.0,10.0,10.0,10634.361,13454.55,4876.51,7594.25,8515.15,581.424,408.0,3272.789
P2,9b0fdf86dc0e7bfd,"{""policy"":""P2"",""fixed_p"":10,""alpha"":4,""beta"":16,""ef_min"":8,""ef_max"":512}",1000,0.9987,1.0,10.0,10.0,11854.379,14809.35,4980.032,7705.05,8654.5,649.837,416.0,3556.584
P2,c13c468e312e1929,"{""policy"":""P2"",""fixed_p"":10,""alpha"":4,""beta"":32,""ef_min"":8,""ef_max"":512}",1000,0.9989,1.0,10.0,10.0,14503.123,17756.8,5183.787,7934.399999999999,8964.17,806.708,432.0,4226.779
P2,259430bac9ffb7d5,"{""policy"":""P2"",""fixed_p"":10,""alpha"":4,""beta"":64,""ef_min"":8,""ef_max"":512}",1000,0.9989,1.0,10.0,10.0,19499.462,23282.95,5582.676,8431.449999999997,9439.33,1119.467,464.0,5485.162
P2,3a0a3ce3dbc3f95b,"{""policy"":""P2"",""fixed_p"":10,""alpha"":8,""beta"":4,""ef_min"":8,""ef_max"":512}",1000,0.9989,1.0,10.0,10.0,14635.429,20323.75,7015.513,10191.849999999999,10976.02,875.983,512.0,4386.387
P2,7da9a6feb30949e1,"{""policy"":""P2"",""fixed_p"":10,""alpha"":8,""beta"":8,""ef_min"":8,""ef_max"":512}",1000,0.9989,1.0,10.0,10.0,14870.402,20694.649999999998,7032.857,10191.849999999999,10976.02,888.911,512.0,4453.299
P2,588fb95e05dae205,"{""policy"":""P2"",""fixed_p"":10,""alpha"":8,""beta"":16,""ef_min"":8,""ef_max"":512}",1000,0.9989,1.0,10.0,10.0,15979.03,21930.3,7067.654,10208.15,10978.34,952.317,512.0,4732.836
P2,933aeb7c8536ea1d,"{""policy"":""P2"",""fixed_p"":10,""alpha"":8,""beta"":32,""ef_min"":8,""ef_max"":512}",1000,0.9989,1.0,10.0,10.0,18424.619,24628.4,7133.27,10234.599999999999,11012.01,1099.172,512.0,5321.887
P2,f63a95fc5dad4126,"{""policy"":""P2"",""fixed_p"":10,""alpha"":8,""beta"":64,""ef_min"":8,""ef_max"":512}",1000,0.9989,1.0,10.0,10.0,23012.387,29493.949999999997,7244.418,10265.599999999999,11014.009999999998,1389.371,513.0,6494.712
P2,05f27fc8b55875e5,"{""policy"":""P2"",""fixed_p"":10,""alpha"":16,""beta"":4,""ef_min"":8,""ef_max"":512}",1000,0.9989,1.0,10.0,10.0,18376.035,28991.4,7546.774,10392.05,11114.15,1148.222,513.0,5435.839
P2,febb1cea4769df14,"{""policy"":""P2"",""fixed_p"":10,""alpha"":16,""beta"":8,""ef_min"":8,""ef_max"":512}",1000,0.9989,1.0,10.0,10.0,18563.985,29149.049999999996,7549.169,10392.05,11114.15,1159.109,513.0,5483.883
P2,6ab9f3a87e921014,"{""policy"":""P2"",""fixed_p"":10,""alpha"":16,""beta"":16,""ef_min"":8,""ef_max"":512}",1000,0.9989,1.0,10.0,10.0,19577.677,30384.299999999996,7554.43,10392.05,11114.15,1218.12,513.0,5729.974
P2,c7bc730a3aae4a7a,"{""policy"":""P2"",""fixed_p"":10,""alpha"":16,""beta"":32,""ef_min"":8,""ef_max"":512}",1000,0.999,1.0,10.0,10.0,21831.688,32654.85,7563.345,10392.05,11114.15,1355.754,513.0,6286.811
P2,96923d848ea3c820,"{""policy"":""P2"",""fixed_p"":10,""alpha"":16,""beta"":64,""ef_min"":8,""ef_max"":512}",1000,0.999,1.0,10.0,10.0,26072.673,36702.95,7580.462,10393.35,11114.15,1627.758,513.0,7368.019
P2,c1af9e616bdc7ae3,"{""policy"":""P2"",""fixed_p"":11,""alpha"":1,""beta"":4,""ef_min"":8,""ef_max"":512}",1000,0.9867999999999999,0.9,11.0,11.0,5816.806,6826.1,1694.256,2583.0,2861.22,281.75,104.0,2049.181
P2,e9ae3d6e08023b29,"{""policy"":""P2"",""fixed_p"":11,""alpha"":1,""beta"":8,""ef_min"":8,""ef_max"":512}",1000,0.9891,0.9,11.0,11.0,6048.964,7066.1,1767.684,2665.1,2950.04,292.784,108.0,2109.678
P2,580684e1f6586eeb,"{""policy"":""P2"",""fixed_p"":11,""alpha"":1,""beta"":16,""ef_min"":8,""ef_max"":512}",1000,0.9922000000000001,0.9,11.0,11.0,7433.877,8648.15,1910.714,2844.1,3150.13,366.028,116.0,2438.534
P2,2bed0bcc563db16a,"{""policy"":""P2"",""fixed_p"":11,""alpha"":1,""beta"":32,""ef_min"":8,""ef_max"":512}",1000,0.9946,1.0,11.0,11.0,10486.704,12027.3,2188.283,3175.05,3484.2699999999995,537.91,132.0,3186.967
P2,9097843104822630,"{""policy"":""P2"",""fixed_p"":11,""alpha"":1,""beta"":64,""ef_min"":8,""ef_max"":512}",1000,0.9965,1.0,11.0,11.0,16225.148,18566.3,2740.744,3828.0499999999993,4209.01,880.793,164.0,4621.076
P2,6746325732368382,"{""policy"":""P2"",""fixed_p"":11,""alpha"":2,""beta"":4,""ef_min"":8,""ef_max"":512}",1000,0.9961,1.0,11.0,11.0,7590.268,9052.25,2860.04,4417.0,4939.2,382.852,204.0,2506.173
P2,53e8fa8bd2cb40a3,"{""policy"":""P2"",""fixed_p"":11,""alpha"":2,""beta"":8,""ef_min"":8,""ef_max"":512}",1000,0.9965,1.0,11.0,11.0,7841.468,9365.05,2922.631,4513.25,5034.01,395.51,208.0,2568.637
P2,7e8c8575bb9602ab,"{""policy"":""P2"",""fixed_p"":11,""alpha"":2,""beta"":16,""ef_min"":8,""ef_max"":512}",1000,0.9967,1.0,11.0,11.0,9209.774,10964.15,3047.572,4659.299999999999,5192.11,469.709,216.0,2906.777
P2,cec33ce76e51ce04,"{""policy"":""P2"",""fixed_p"":11,""alpha"":2,""beta"":32,""ef_min"":8,""ef_max"":512}",1000,0.9973,1.0,11.0,11.0,12199.623,14286.8,3292.601,4973.4,5476.17,641.985,232.0,3628.139
P2,7fc3a583fd5efdc0,"{""policy"":""P2"",""fixed_p"":11,""alpha"":2,""beta"":64,""ef_min"":8,""ef_max"":512}",1000,0.9985,1.0,11.0,11.0,17824.223,20612.45,3762.539,5527.599999999999,6120.03,985.1,264.0,5037.284
P2,b4f9a97cb41ceab6,"{""policy"":""P2"",""fixed_p"":11,""alpha"":4,""beta"":4,""ef_min"":8,""ef_max"":512}",1000,0.9986,1.0,11.0,11.0,10719.115,13296.499999999998,4825.467,7532.749999999999,8423.449999999999,589.173,404.0,3355.863
P2,5c0c7452af266436,"{""policy"":""P2"",""fixed_p"":11,""alpha"":4,""beta"":8,""ef_min"":8,""ef_max"":512}",1000,0.9986,1.0,11.0,11.0,10983.639,13700.0,4876.51,7594.25,8515.15,603.507,408.0,3417.842
P2,3f5d0abb4b3dcd8e,"{""policy"":""P2"",""fixed_p"":11,""alpha"":4,""beta"":16,""ef_min"":8,""ef_max"":512}",1000,0.9987,1.0,11.0,11.0,12304.632,15210.15,4980.032,7705.05,8654.5,678.079,416.0,3727.886
P2,67c985197705a1d9,"{""policy"":""P2"",""fixed_p"":11,""alpha"":4,""beta"":32,""ef_min"":8,""ef_max"":512}",1000,0.9989,1.0,11.0,11.0,15202.051,18408.0,5183.918,7934.399999999999,8964.17,850.614,432.0,4465.051
P2,7e2d7613e80741d9,"{""policy"":""P2"",""fixed_p"":11,""alpha"":4,""beta"":64,""ef_min"":8,""ef_max"":512}",1000,0.9989,1.0,11.0,11.0,20679.206,24499.199999999997,5582.866,8431.449999999997,9439.33,1194.011,464.0,5847.092
P2,e681f6234c059932,"{""policy"":""P2"",""fixed_p"":11,""alpha"":8,""beta"":4,""ef_min"":8,""ef_max"":512}",1000,0.9989,1.0,11.0,11.0,14984.707,20698.15,7015.513,10191.849999999999,10976.02,898.066,512.0,4531.44
P2,6c115af7ee3fcde8,"{""policy"":""P2"",""fixed_p"":11,""alpha"":8,""beta"":8,""ef_min"":8,""ef_max"":512}",1000,0.9989,1.0,11.0,11.0,15219.68,21044.649999999998,7032.857,10191.849999999999,10976.02,910.994,512.0,4598.352
P2,3f26c477c875408b,"{""policy"":""P2"",""fixed_p"":11,""alpha"":8,""beta"":16,""ef_min"":8,""ef_max"":512}",1000,0.9989,1.0,11.0,11.0,16429.283,22340.05,7067.654,10208.15,10978.34,980.559,512.0,4904.138
P2,9c4f7781a7ac7aec,"{""policy"":""P2"",""fixed_p"":11,""alpha"":8,""beta"":32,""ef_min"":8,""ef_max"":512}",1000,0.9989,1.0,11.0,11.0,19123.547,25209.2,7133.27,10234.599999999999,11012.01,1143.078,512.0,5560.159
P2,5839dd6957071f5f,"{""policy"":""P2"",""fixed_p"":11,""alpha"":8,""beta"":64,""ef_min"":8,""ef_max"":512}",1000,0.9989,1.0,11.0,11.0,24192.131,30558.099999999995,7244.418,10265.599999999999,11014.009999999998,1463.915,513.0,6856.642
P2,406416a806f23bb6,"{""policy"":""P2"",""fixed_p"":11,""alpha"":16,""beta"":4,""ef_min"":8,""ef_max"":512}",1000,0.9989,1.0,11.0,11.0,18725.313,29329.799999999996,7546.774,10392.05,11114.15,1170.305,513.0,5580.892
P2,2fb14904ef1d9ac1,"{""policy"":""P2"",""fixed_p"":11,""alpha"":16,""beta"":8,""ef_min"":8,""ef_max"":512}",1000,0.9989,1.0,11.0,11.0,18913.263,29557.25,7549.169,10392.05,11114.15,1181.192,513.0,5628.936
P2,02bfc418be098fec,"{""policy"":""P2"",""fixed_p"":11,""alpha"":16,""beta"":16,""ef_min"":8,""ef_max"":512}",1000,0.9989,1.0,11.0,11.0,20027.93,30906.7,7554.43,10392.05,11114.15,1246.362,513.0,5901.276
P2,416bc8aa7556e22b,"{""policy"":""P2"",""fixed_p"":11,""alpha"":16,""beta"":32,""ef_min"":8,""ef_max"":512}",1000,0.999,1.0,11.0,11.0,22530.616,33275.299999999996,7563.345,10392.05,11114.15,1399.66,513.0,6525.083
P2,009a5846a7094e12,"{""policy"":""P2"",""fixed_p"":11,""alpha"":16,""beta"":64,""ef_min"":8,""ef_max"":512}",1000,0.999,1.0,11.0,11.0,27252.417,37821.149999999994,7580.462,10393.35,11114.15,1702.302,513.0,7729.949
P2,7a5cb3803f92e123,"{""policy"":""P2"",""fixed_p"":12,""alpha"":1,""beta"":4,""ef_min"":8,""ef_max"":512}",1000,0.9867999999999999,0.9,12.0,12.0,6191.606,7236.05,1694.256,2583.0,2861.22,303.9,104.0,2197.606
P2,4d4173b67541a711,"{""policy"":""P2"",""fixed_p"":12,""alpha"":1,""beta"":8,""ef_min"":8,""ef_max"":512}",1000,0.9891,0.9,12.0,12.0,6423.764,7460.05,1767.684,2665.1,2950.04,314.934,108.0,2258.103
P2,1f27d85125e894d6,"{""policy"":""P2"",""fixed_p"":12,""alpha"":1,""beta"":16,""ef_min"":8,""ef_max"":512}",1000,0.9922000000000001,0.9,12.0,12.0,7914.549,9128.15,1910.722,2844.1,3150.13,394.339,116.0,2612.498
P2,a6459759bf073e4e,"{""policy"":""P2"",""fixed_p"":12,""alpha"":1,""beta"":32,""ef_min"":8,""ef_max"":512}",1000,0.9946,1.0,12.0,12.0,11224.25,12742.2,2188.512,3175.05,3484.2699999999995,581.878,132.0,3427.428
P2,d3b1301a40378b5e,"{""policy"":""P2"",""fixed_p"":12,""alpha"":1,""beta"":64,""ef_min"":8,""ef_max"":512}",1000,0.9965,1.0,12.0,12.0,17441.305,19649.6,2742.259,3828.0499999999993,4209.01,955.605,164.0,4985.94
P2,3d584b285c30e936,"{""policy"":""P2"",""fixed_p"":12,""alpha"":2,""beta"":4,""ef_min"":8,""ef_max"":512}",1000,0.9961,1.0,12.0,12.0,7965.068,9448.15,2860.04,4417.0,4939.2,405.002,204.0,2654.598
P2,945cab798529b834,"{""policy"":""P2"",""fixed_p"":12,""alpha"":2,""beta"":8,""ef_min"":8,""ef_max"":512}",1000,0.9965,1.0,12.0,12.0,8216.268,9740.449999999999,2922.631,4513.25,5034.01,417.66,208.0,2717.062
P2,5a67d0b709b84f50,"{""policy"":""P2"",""fixed_p"":12,""alpha"":2,""beta"":16,""ef_min"":8,""ef_max"":512}",1000,0.9967,1.0,12.0,12.0,9690.446,11436.35,3047.572,4659.299999999999,5192.11,498.02,216.0,3080.741
P2,16ce617342b1cd12,"{""policy"":""P2"",""fixed_p"":12,""alpha"":2,""beta"":32,""ef_min"":8,""ef_max"":512}",1000,0.9973,1.0,12.0,12.0,12937.169,14979.25,3292.669,4973.4,5476.17,685.953,232.0,3868.6
P2,5bda4f1011f9ddc0,"{""policy"":""P2"",""fixed_p"":12,""alpha"":2,""beta"":64,""ef_min"":8,""ef_max"":512}",1000,0.9985,1.0,12.0,12.0,19040.38,21769.2,3763.146,5527.599999999999,6120.03,1059.912,264.0,5402.148
P2,6b1ace485a7d9cee,"{""policy"":""P2"",""fixed_p"":12,""alpha"":4,""beta"":4,""ef_min"":8,""ef_max"":512}",1000,0.9986,1.0,12.0,12.0,11093.915,13709.35,4825.467,7532.749999999999,8423.449999999999,611.323,404.0,3504.288
P2,348ccfbfd51c6308,"{""policy"":""P2"",""fixed_p"":12,""alpha"":4,""beta"":8,""ef_min"":8,""ef_max"":512}",1000,0.9986,1.0,12.0,12.0,11358.439,14062.649999999998,4876.51,7594.25,8515.15,625.657,408.0,3566.267
P2,abe9f05993b537b7,"{""policy"":""P2"",""fixed_p"":12,""alpha"":4,""beta"":16,""ef_min"":8,""ef_max"":512}",1000,0.9987,1.0,12.0,12.0,12785.304,15661.4,4980.032,7705.05,8654.5,706.39,416.0,3901.85
P2,b691fdc587cf173f,"{""policy"":""P2"",""fixed_p"":12,""alpha"":4,""beta"":32,""ef_min"":8,""ef_max"":512}",1000,0.9989,1.0,12.0,12.0,15939.597,19116.1,5183.918,7934.399999999999,8964.17,894.582,432.0,4705.512
P2,b6373453f5c045eb,"{""policy"":""P2"",""fixed_p"":12,""alpha"":4,""beta"":64,""ef_min"":8,""ef_max"":512}",1000,0.9989,1.0,12.0,12.0,21895.363,25626.2,5582.96,8431.449999999997,9439.33,1268.823,464.0,6211.956
P2,e0381d9d4ccfe93e,"{""policy"":""P2"",""fixed_p"":12,""alpha"":8,""beta"":4,""ef_min"":8,""ef_max"":512}",1000,0.9989,1.0,12.0,12.0,15359.507,20940.299999999996,7015.513,10191.849999999999,10976.02,920.216,512.0,4679.865
P2,7700e554ecfce254,"{""policy"":""P2"",""fixed_p"":12,""alpha"":8,""beta"":8,""ef_min"":8,""ef_max"":512}",1000,0.9989,1.0,12.0,12.0,15594.48,21350.85,7032.857,10191.849999999999,10976.02,933.144,512.0,4746.777
P2,70ac05390a62db10,"{""policy"":""P2"",""fixed_p"":12,""alpha"":8,""beta"":16,""ef_min"":8,""ef_max"":512}",1000,0.9989,1.0,12.0,12.0,16909.955,22756.249999999996,7067.654,10208.15,10978.34,1008.87,512.0,5078.102
P2,56f4269c80d42259,"{""policy"":""P2"",""fixed_p"":12,""alpha"":8,""beta"":32,""ef_min"":8,""ef_max"":512}",1000,0.9989,1.0,12.0,12.0,19861.093,25811.499999999993,7133.27,10234.599999999999,11012.01,1187.046,512.0,5800.62
P2,73c4a40ef37e3e66,"{""policy"":""P2"",""fixed_p"":12,""alpha"":8,""beta"":64,""ef_min"":8,""ef_max"":512}",1000,0.9989,1.0,12.0,12.0,25408.288,31785.199999999997,7244.418,10265.599999999999,11014.009999999998,1538.727,513.0,7221.506
P2,155157966dd0c4da,"{""policy"":""P2"",""fixed_p"":12,""alpha"":16,""beta"":4,""ef_min"":8,""ef_max"":512}",1000,0.9989,1.0,12.0,12.0,19100.113,29668.25,7546.774,10392.05,11114.15,1192.455,513.0,5729.317
P2,b3794dc6741da489,"{""policy"":""P2"",""fixed_p"":12,""alpha"":16,""beta"":8,""ef_min"":8,""ef_max"":512}",1000,0.9989,1.0,12.0,12.0,19288.063,29932.899999999994,7549.169,10392.05,11114.15,1203.342,513.0,5777.361
P2,8f2d08a7eb691ee3,"{""policy"":""P2"",""fixed_p"":12,""alpha"":16,""beta"":16,""ef_min"":8,""ef_max"":512}",1000,0.9989,1.0,12.0,12.0,20508.602,31226.549999999992,7554.43,10392.05,11114.15,1274.673,513.0,6075.24
P2,a37744a01a018757,"{""policy"":""P2"",""fixed_p"":12,""alpha"":16,""beta"":32,""ef_min"":8,""ef_max"":512}",1000,0.999,1.0,12.0,12.0,23268.162,33824.24999999999,7563.345,10392.05,11114.15,1443.628,513.0,6765.544
P2,97b7d97b01ba6868,"{""policy"":""P2"",""fixed_p"":12,""alpha"":16,""beta"":64,""ef_min"":8,""ef_max"":512}",1000,0.999,1.0,12.0,12.0,28468.574,39013.55,7580.462,10393.35,11114.15,1777.114,513.0,8094.813
P2,7305fb396ab1c379,"{""policy"":""P2"",""fixed_p"":13,""alpha"":1,""beta"":4,""ef_min"":8,""ef_max"":512}",1000,0.9867999999999999,0.9,13.0,13.0,6554.394,7558.5,1694.342,2583.0,2861.22,326.16,104.0,2334.182
P2,39bca1c09d946d42,"{""policy"":""P2"",""fixed_p"":13,""alpha"":1,""beta"":8,""ef_min"":8,""ef_max"":512}",1000,0.9891,0.9,13.0,13.0,6786.552,7815.45,1767.722,2665.1,2950.04,337.194,108.0,2394.679
P2,be3360354a621769,"{""policy"":""P2"",""fixed_p"":13,""alpha"":1,""beta"":16,""ef_min"":8,""ef_max"":512}",1000,0.9922000000000001,0.9,13.0,13.0,8374.009,9538.35,1910.722,2844.1,3150.13,422.739,116.0,2770.743
P2,02d390564bde4ba0,"{""policy"":""P2"",""fixed_p"":13,""alpha"":1,""beta"":32,""ef_min"":8,""ef_max"":512}",1000,0.9946,1.0,13.0,13.0,11917.631,13410.649999999998,2188.862,3175.05,3484.2699999999995,625.652,132.0,3643.998
P2,b995b714b01bce1d,"{""policy"":""P2"",""fixed_p"":13,""alpha"":1,""beta"":64,""ef_min"":8,""ef_max"":512}",1000,0.9965,1.0,13.0,13.0,18610.355,20718.05,2743.482,3828.0499999999993,4209.01,1030.485,164.0,5319.387
P2,06a563f51d729c1e,"{""policy"":""P2"",""fixed_p"":13,""alpha"":2,""beta"":4,""ef_min"":8,""ef_max"":512}",1000,0.9961,1.0,13.0,13.0,8327.856,9783.75,2860.04,4417.0,4939.2,427.262,204.0,2791.174
P2,5f2aeb53044e1740,"{""policy"":""P2"",""fixed_p"":13,""alpha"":2,""beta"":8,""ef_min"":8,""ef_max"":512}",1000,0.9965,1.0,13.0,13.0,8579.056,10134.4,2922.631,4513.25,5034.01,439.92,208.0,2853.638
P2,1ab704538d5a7d15,"{""policy"":""P2"",""fixed_p"":13,""alpha"":2,""beta"":16,""ef_min"":8,""ef_max"":512}",1000,0.9967,1.0,13.0,13.0,10149.906,11897.0,3047.572,4659.299999999999,5192.11,526.42,216.0,3238.986
P2,2a10ba36714dad5c,"{""policy"":""P2"",""fixed_p"":13,""alpha"":2,""beta"":32,""ef_min"":8,""ef_max"":512}",1000,0.9973,1.0,13.0,13.0,13630.55,15625.3,3292.669,4973.4,5476.17,729.727,232.0,4085.17
P2,ec0e48d3f89c94fb,"{""policy"":""P2"",""fixed_p"":13,""alpha"":2,""beta"":64,""ef_min"":8,""ef_max"":512}",1000,0.9985,1.0,13.0,13.0,20209.43,22807.0,3763.352,5527.599999999999,6120.03,1134.792,264.0,5735.595
P2,79bd37b6a9d59bc9,"{""policy"":""P2"",""fixed_p"":13,""alpha"":4,""beta"":4,""ef_min"":8,""ef_max"":512}",1000,0.9986,1.0,13.0,13.0,11456.703,14111.949999999999,4825.467,7532.749999999999,8423.449999999999,633.583,404.0,3640.864
P2,60739ebea00864f8,"{""policy"":""P2"",""fixed_p"":13,""alpha"":4,""beta"":8,""ef_min"":8,""ef_max"":512}",1000,0.9986,1.0,13.0,13.0,11721.227,14509.05,4876.51,7594.25,8515.15,647.917,408.0,3702.843
P2,82accce0a4e726ad,"{""policy"":""P2"",""fixed_p"":13,""alpha"":4,""beta"":16,""ef_min"":8,""ef_max"":512}",1000,0.9987,1.0,13.0,13.0,13244.764,16202.35,4980.032,7705.05,8654.5,734.79,416.0,4060.095
P2,73ab7f3fc349e950,"{""policy"":""P2"",""fixed_p"":13,""alpha"":4,""beta"":32,""ef_min"":8,""ef_max"":512}",1000,0.9989,1.0,13.0,13.0,16632.978,19793.05,5183.918,7934.399999999999,8964.17,938.356,432.0,4922.082
P2,04f6e0c10967a9c0,"{""policy"":""P2"",""fixed_p"":13,""alpha"":4,""beta"":64,""ef_min"":8,""ef_max"":512}",1000,0.9989,1.0,13.0,13.0,23064.413,26747.35,5582.96,8431.449999999997,9439.33,1343.703,464.0,6545.403
P2,0e5081b87635cc63,"{""policy"":""P2"",""fixed_p"":13,""alpha"":8,""beta"":4,""ef_min"":8,""ef_max"":512}",1000,0.9989,1.0,13.0,13.0,15722.295,21275.3,7015.513,10191.849999999999,10976.02,942.476,512.0,4816.441
P2,1273045b94586937,"{""policy"":""P2"",""fixed_p"":13,""alpha"":8,""beta"":8,""ef_min"":8,""ef_max"":512}",1000,0.9989,1.0,13.0,13.0,15957.268,21711.25,7032.857,10191.849999999999,10976.02,955.404,512.0,4883.353
P2,b8792ca57ed7d7f3,"{""policy"":""P2"",""fixed_p"":13,""alpha"":8,""beta"":16,""ef_min"":8,""ef_max"":512}",1000,0.9989,1.0,13.0,13.0,17369.415,23173.799999999996,7067.654,10208.15,10978.34,1037.27,512.0,5236.347
P2,83b288bffbd4743e,"{""policy"":""P2"",""fixed_p"":13,""alpha"":8,""beta"":32,""ef_min"":8,""ef_max"":512}",1000,0.9989,1.0,13.0,13.0,20554.474,26510.35,7133.27,10234.599999999999,11012.01,1230.82,512.0,6017.19
P2,b3b8489cfc96141e,"{""policy"":""P2"",""fixed_p"":13,""alpha"":8,""beta"":64,""ef_min"":8,""ef_max"":512}",1000,0.9989,1.0,13.0,13.0,26577.338,33050.85,7244.418,10265.599999999999,11014.009999999998,1613.607,513.0,7554.953
P2,7c86f2634965d31f,"{""policy"":""P2"",""fixed_p"":13,""alpha"":16,""beta"":4,""ef_min"":8,""ef_max"":512}",1000,0.9989,1.0,13.0,13.0,19462.901,30052.949999999997,7546.774,10392.05,11114.15,1214.715,513.0,5865.893
P2,a5c752016675901c,"{""policy"":""P2"",""fixed_p"":13,""alpha"":16,""beta"":8,""ef_min"":8,""ef_max"":512}",1000,0.9989,1.0,13.0,13.0,19650.851,30380.8,7549.169,10392.05,11114.15,1225.602,513.0,5913.937
P2,e15c3fb2b19b0209,"{""policy"":""P2"",""fixed_p"":13,""alpha"":16,""beta"":16,""ef_min"":8,""ef_max"":512}",1000,0.9989,1.0,13.0,13.0,20968.062,31816.45,7554.43,10392.05,11114.15,1303.073,513.0,6233.485
P2,0c80fd6e139cba5e,"{""policy"":""P2"",""fixed_p"":13,""alpha"":16,""beta"":32,""ef_min"":8,""ef_max"":512}",1000,0.999,1.0,13.0,13.0,23961.543,34618.9,7563.345,10392.05,11114.15,1487.402,513.0,6982.114
P2,0d1f5f655e4bac84,"{""policy"":""P2"",""fixed_p"":13,""alpha"":16,""beta"":64,""ef_min"":8,""ef_max"":512}",1000,0.999,1.0,13.0,13.0,29637.624,40186.649999999994,7580.462,10393.35,11114.15,1851.994,513.0,8428.26
P2,62f96f194fa13c1d,"{""policy"":""P2"",""fixed_p"":14,""alpha"":1,""beta"":4,""ef_min"":8,""ef_max"":512}",1000,0.9867999999999999,0.9,14.0,14.0,6926.095,7996.15,1694.678,2583.0,2861.22,348.617,104.0,2482.248
P2,de1473e1ff12686b,"{""policy"":""P2"",""fixed_p"":14,""alpha"":1,""beta"":8,""ef_min"":8,""ef_max"":512}",1000,0.9891,0.9,14.0,14.0,7158.253,8212.4,1768.058,2665.1,2950.04,359.651,108.0,2542.745
P2,63d4abd490bd21a9,"{""policy"":""P2"",""fixed_p"":14,""alpha"":1,""beta"":16,""ef_min"":8,""ef_max"":512}",1000,0.9922000000000001,0.9,14.0,14.0,8852.95,10079.2,1911.033,2844.1,3150.13,451.752,116.0,2946.866
P2,3942a4206be11be8,"{""policy"":""P2"",""fixed_p"":14,""alpha"":1,""beta"":32,""ef_min"":8,""ef_max"":512}",1000,0.9946,1.0,14.0,14.0,12646.319,14166.55,2189.535,3175.05,3484.2699999999995,670.67,132.0,3887.613
P2,3388949374ea8a75,"{""policy"":""P2"",""fixed_p"":14,""alpha"":1,""beta"":64,""ef_min"":8,""ef_max"":512}",1000,0.9965,1.0,14.0,14.0,19809.275,22003.649999999998,2745.102,3828.0499999999993,4209.01,1106.307,164.0,5689.022
P2,e31d7f90f81b17f4,"{""policy"":""P2"",""fixed_p"":14,""alpha"":2,""beta"":4,""ef_min"":8,""ef_max"":512}",1000,0.9961,1.0,14.0,14.0,8699.557,10184.2,2860.265,4417.0,4939.2,449.719,204.0,2939.24
P2,840b6e0c5cb52ec1,"{""policy"":""P2"",""fixed_p"":14,""alpha"":2,""beta"":8,""ef_min"":8,""ef_max"":512}",1000,0.9965,1.0,14.0,14.0,8950.757,10555.4,2922.834,4513.25,5034.01,462.377,208.0,3001.704
P2,be3003dbd88ee867,"{""policy"":""P2"",""fixed_p"":14,""alpha"":2,""beta"":16,""ef_min"":8,""ef_max"":512}",1000,0.9967,1.0,14.0,14.0,10628.847,12389.3,3047.766,4659.299999999999,5192.11,555.433,216.0,3415.109
P2,50d86fde7746e27c,"{""policy"":""P2"",""fixed_p"":14,""alpha"":2,""beta"":32,""ef_min"":8,""ef_max"":512}",1000,0.9973,1.0,14.0,14.0,14359.238,16442.95,3292.963,4973.4,5476.17,774.745,232.0,4328.785
P2,1a7cbc1a9a862f0b,"{""policy"":""P2"",""fixed_p"":14,""alpha"":2,""beta"":64,""ef_min"":8,""ef_max"":512}",1000,0.9985,1.0,14.0,14.0,21408.35,24121.899999999998,3764.034,5527.599999999999,6120.03,1210.614,264.0,6105.23
P2,a45f4fbb91277d2c,"{""policy"":""P2"",""fixed_p"":14,""alpha"":4,""beta"":4,""ef_min"":8,""ef_max"":512}",1000,0.9986,1.0,14.0,14.0,11828.404,14464.4,4825.472,7532.749999999999,8423.449999999999,656.04,404.0,3788.93
P2,284d35ae03a66df1,"{""policy"":""P2"",""fixed_p"":14,""alpha"":4,""beta"":8,""ef_min"":8,""ef_max"":512}",1000,0.9986,1.0,14.0,14.0,12092.928,14878.699999999999,4876.51,7594.25,8515.15,670.374,408.0,3850.909
P2,8058de3b53f32d87,"{""policy"":""P2"",""fixed_p"":14,""alpha"":4,""beta"":16,""ef_min"":8,""ef_max"":512}",1000,0.9987,1.0,14.0,14.0,13723.705,16688.15,4980.072,7705.05,8654.5,763.803,416.0,4236.218
P2,4e69af260d325418,"{""policy"":""P2"",""fixed_p"":14,""alpha"":4,""beta"":32,""ef_min"":8,""ef_max"":512}",1000,0.9989,1.0,14.0,14.0,17361.666,20572.85,5184.056,7934.399999999999,8964.17,983.374,432.0,5165.697
P2,acf012ba79afe5c9,"{""policy"":""P2"",""fixed_p"":14,""alpha"":4,""beta"":64,""ef_min"":8,""ef_max"":512}",1000,0.9989,1.0,14.0,14.0,24263.333,28052.4,5583.341,8431.449999999997,9439.33,1419.525,464.0,6915.038
P2,75ef6f8c4c33a3bd,"{""policy"":""P2"",""fixed_p"":14,""alpha"":8,""beta"":4,""ef_min"":8,""ef_max"":512}",1000,0.9989,1.0,14.0,14.0,16093.996,21679.25,7015.513,10191.849999999999,10976.02,964.933,512.0,4964.507
P2,a68289291e9f3fd1,"{""policy"":""P2"",""fixed_p"":14,""alpha"":8,""beta"":8,""ef_min"":8,""ef_max"":512}",1000,0.9989,1.0,14.0,14.0,16328.969,22130.85,7032.857,10191.849999999999,10976.02,977.861,512.0,5031.419
P2,378fa9dff8db4e10,"{""policy"":""P2"",""fixed_p"":14,""alpha"":8,""beta"":16,""ef_min"":8,""ef_max"":512}",1000,0.9989,1.0,14.0,14.0,17848.356,23657.05,7067.654,10208.15,10978.34,1066.283,512.0,5412.47
P2,192ccc34c2284d89,"{""policy"":""P2"",""fixed_p"":14,""alpha"":8,""beta"":32,""ef_min"":8,""ef_max"":512}",1000,0.9989,1.0,14.0,14.0,21283.162,27170.15,7133.27,10234.599999999999,11012.01,1275.838,512.0,6260.805
P2,6bb3df623658dfd2,"{""policy"":""P2"",""fixed_p"":14,""alpha"":8,""beta"":64,""ef_min"":8,""ef_max"":512}",1000,0.9989,1.0,14.0,14.0,27776.258,34328.8,7244.533,10265.599999999999,11014.009999999998,1689.429,513.0,7924.588
P2,9e4a9a724b659b8e,"{""policy"":""P2"",""fixed_p"":14,""alpha"":16,""beta"":4,""ef_min"":8,""ef_max"":512}",1000,0.9989,1.0,14.0,14.0,19834.602,30365.699999999993,7546.774,10392.05,11114.15,1237.172,513.0,6013.959
P2,ac877b086bd1493e,"{""policy"":""P2"",""fixed_p"":14,""alpha"":16,""beta"":8,""ef_min"":8,""ef_max"":512}",1000,0.9989,1.0,14.0,14.0,20022.552,30707.649999999998,7549.169,10392.05,11114.15,1248.059,513.0,6062.003
P2,9498a8e8d45d985f,"{""policy"":""P2"",""fixed_p"":14,""alpha"":16,""beta"":16,""ef_min"":8,""ef_max"":512}",1000,0.9989,1.0,14.0,14.0,21447.003,32228.8,7554.43,10392.05,11114.15,1332.086,513.0,6409.608
P2,0b906946be6eb699,"{""policy"":""P2"",""fixed_p"":14,""alpha"":16,""beta"":32,""ef_min"":8,""ef_max"":512}",1000,0.999,1.0,14.0,14.0,24690.231,35336.74999999999,7563.345,10392.05,11114.15,1532.42,513.0,7225.729
P2,bfb40e46057ae293,"{""policy"":""P2"",""fixed_p"":14,""alpha"":16,""beta"":64,""ef_min"":8,""ef_max"":512}",1000,0.999,1.0,14.0,14.0,30836.544,41467.55,7580.462,10393.35,11114.15,1927.816,513.0,8797.895
P2,1193687189e9abe6,"{""policy"":""P2"",""fixed_p"":15,""alpha"":1,""beta"":4,""ef_min"":8,""ef_max"":512}",1000,0.9867999999999999,0.9,15.0,15.0,7303.378,8404.05,1694.678,2583.0,2861.22,370.068,104.0,2635.045
P2,24dec503a61eff7d,"{""policy"":""P2"",""fixed_p"":15,""alpha"":1,""beta"":8,""ef_min"":8,""ef_max"":512}",1000,0.9891,0.9,15.0,15.0,7535.536,8621.1,1768.058,2665.1,2950.04,381.102,108.0,2695.542
P2,3daf0f7153e26061,"{""policy"":""P2"",""fixed_p"":15,""alpha"":1,""beta"":16,""ef_min"":8,""ef_max"":512}",1000,0.9922000000000001,0.9,15.0,15.0,9332.939,10526.15,1911.415,2844.1,3150.13,479.305,116.0,3124.314
P2,b99189219b10150b,"{""policy"":""P2"",""fixed_p"":15,""alpha"":1,""beta"":32,""ef_min"":8,""ef_max"":512}",1000,0.9946,1.0,15.0,15.0,13373.684,14878.25,2189.932,3175.05,3484.2699999999995,713.713,132.0,4130.718
P2,ec0c52a9af27456a,"{""policy"":""P2"",""fixed_p"":15,""alpha"":1,""beta"":64,""ef_min"":8,""ef_max"":512}",1000,0.9965,1.0,15.0,15.0,20994.765,23278.15,2745.47,3828.0499999999993,4209.01,1180.089,164.0,6052.604
P2,33cceaded0a4133d,"{""policy"":""P2"",""fixed_p"":15,""alpha"":2,""beta"":4,""ef_min"":8,""ef_max"":512}",1000,0.9961,1.0,15.0,15.0,9076.84,10552.25,2860.265,4417.0,4939.2,471.17,204.0,3092.037
P2,4ba347c2f4a08944,"{""policy"":""P2"",""fixed_p"":15,""alpha"":2,""beta"":8,""ef_min"":8,""ef_max"":512}",1000,0.9965,1.0,15.0,15.0,9328.04,10906.849999999999,2922.834,4513.25,5034.01,483.828,208.0,3154.501
P2,1823095ad55acddc,"{""policy"":""P2"",""fixed_p"":15,""alpha"":2,""beta"":16,""ef_min"":8,""ef_max"":512}",1000,0.9967,1.0,15.0,15.0,11108.836,12856.2,3047.863,4659.299999999999,5192.11,582.986,216.0,3592.557
P2,ddaef65407451f9a,"{""policy"":""P2"",""fixed_p"":15,""alpha"":2,""beta"":32,""ef_min"":8,""ef_max"":512}",1000,0.9973,1.0,15.0,15.0,15086.603,17151.1,3293.337,4973.4,5476.17,817.788,232.0,4571.89
P2,968043c84b55e1b4,"{""policy"":""P2"",""fixed_p"":15,""alpha"":2,""beta"":64,""ef_min"":8,""ef_max"":512}",1000,0.9985,1.0,15.0,15.0,22593.84,25382.05,3764.118,5527.599999999999,6120.03,1284.396,264.0,6468.812
P2,c52a401c89372c00,"{""policy"":""P2"",""fixed_p"":15,""alpha"":4,""beta"":4,""ef_min"":8,""ef_max"":512}",1000,0.9986,1.0,15.0,15.0,12205.687,14858.699999999999,4825.472,7532.749999999999,8423.449999999999,677.491,404.0,3941.727
P2,2dbd96cee20a4253,"{""policy"":""P2"",""fixed_p"":15,""alpha"":4,""beta"":8,""ef_min"":8,""ef_max"":512}",1000,0.9986,1.0,15.0,15.0,12470.211,15273.55,4876.51,7594.25,8515.15,691.825,408.0,4003.706
P2,ff8edb0ce68d3e90,"{""policy"":""P2"",""fixed_p"":15,""alpha"":4,""beta"":16,""ef_min"":8,""ef_max"":512}",1000,0.9987,1.0,15.0,15.0,14203.694,17203.55,4980.072,7705.05,8654.5,791.356,416.0,4413.666
P2,0da0cf6c6888d769,"{""policy"":""P2"",""fixed_p"":15,""alpha"":4,""beta"":32,""ef_min"":8,""ef_max"":512}",1000,0.9989,1.0,15.0,15.0,18089.031,21325.2,5184.056,7934.399999999999,8964.17,1026.417,432.0,5408.802
P2,7d387563fb595d18,"{""policy"":""P2"",""fixed_p"":15,""alpha"":4,""beta"":64,""ef_min"":8,""ef_max"":512}",1000,0.9989,1.0,15.0,15.0,25448.823,29197.7,5583.361,8431.449999999997,9439.33,1493.307,464.0,7278.62
P2,b5287c197a1dce56,"{""policy"":""P2"",""fixed_p"":15,""alpha"":8,""beta"":4,""ef_min"":8,""ef_max"":512}",1000,0.9989,1.0,15.0,15.0,16471.279,21994.55,7015.513,10191.849999999999,10976.02,986.384,512.0,5117.304
P2,58aefc11220e76db,"{""policy"":""P2"",""fixed_p"":15,""alpha"":8,""beta"":8,""ef_min"":8,""ef_max"":512}",1000,0.9989,1.0,15.0,15.0,16706.252,22487.1,7032.857,10191.849999999999,10976.02,999.312,512.0,5184.216
P2,4431443ff9c1b1c2,"{""policy"":""P2"",""fixed_p"":15,""alpha"":8,""beta"":16,""ef_min"":8,""ef_max"":512}",1000,0.9989,1.0,15.0,15.0,18328.345,24175.05,7067.654,10208.15,10978.34,1093.836,512.0,5589.918
P2,daa3f33f0c19254d,"{""policy"":""P2"",""fixed_p"":15,""alpha"":8,""beta"":32,""ef_min"":8,""ef_max"":512}",1000,0.9989,1.0,15.0,15.0,22010.527,27990.4,7133.27,10234.599999999999,11012.01,1318.881,512.0,6503.91
P2,2dc4c2fdfd4af28f,"{""policy"":""P2"",""fixed_p"":15,""alpha"":8,""beta"":64,""ef_min"":8,""ef_max"":512}",1000,0.9989,1.0,15.0,15.0,28961.748,35471.7,7244.533,10265.599999999999,11014.009999999998,1763.211,513.0,8288.17
P2,3a278f12a62a912c,"{""policy"":""P2"",""fixed_p"":15,""alpha"":16,""beta"":4,""ef_min"":8,""ef_max"":512}",1000,0.9989,1.0,15.0,15.0,20211.885,30761.149999999994,7546.774,10392.05,11114.15,1258.623,513.0,6166.756
P2,305e1be624bf450e,"{""policy"":""P2"",""fixed_p"":15,""alpha"":16,""beta"":8,""ef_min"":8,""ef_max"":512}",1000,0.9989,1.0,15.0,15.0,20399.835,31165.6,7549.169,10392.05,11114.15,1269.51,513.0,6214.8
P2,6bfbd682a06c9564,"{""policy"":""P2"",""fixed_p"":15,""alpha"":16,""beta"":16,""ef_min"":8,""ef_max"":512}",1000,0.9989,1.0,15.0,15.0,21926.992,32692.25,7554.43,10392.05,11114.15,1359.639,513.0,6587.056
P2,2e72f39b396e0e42,"{""policy"":""P2"",""fixed_p"":15,""alpha"":16,""beta"":32,""ef_min"":8,""ef_max"":512}",1000,0.999,1.0,15.0,15.0,25417.596,36137.7,7563.345,10392.05,11114.15,1575.463,513.0,7468.834
P2,5266af6d0ef4e42c,"{""policy"":""P2"",""fixed_p"":15,""alpha"":16,""beta"":64,""ef_min"":8,""ef_max"":512}",1000,0.999,1.0,15.0,15.0,32022.034,42721.4,7580.462,10393.35,11114.15,2001.598,513.0,9161.477
P2,d29623778d6ed46c,"{""policy"":""P2"",""fixed_p"":16,""alpha"":1,""beta"":4,""ef_min"":8,""ef_max"":512}",1000,0.9869,0.9,16.0,16.0,7675.727,8791.1,1694.678,2583.0,2861.22,392.927,104.0,2792.015
P2,188408073397299f,"{""policy"":""P2"",""fixed_p"":16,""alpha"":1,""beta"":8,""ef_min"":8,""ef_max"":512}",1000,0.9892000000000001,0.9,16.0,16.0,7907.885,9019.0,1768.058,2665.1,2950.04,403.961,108.0,2852.512
P2,e8bdd3525a69764b,"{""policy"":""P2"",""fixed_p"":16,""alpha"":1,""beta"":16,""ef_min"":8,""ef_max"":512}",1000,0.9923,0.9,16.0,16.0,9809.941,11033.05,1911.415,2844.1,3150.13,508.763,116.0,3309.333
P2,232511264e97d6b5,"{""policy"":""P2"",""fixed_p"":16,""alpha"":1,""beta"":32,""ef_min"":8,""ef_max"":512}",1000,0.9947,1.0,16.0,16.0,14096.018,15713.2,2190.102,3175.05,3484.2699999999995,759.03,132.0,4383.891
P2,6c035a053cdd4ab6,"{""policy"":""P2"",""fixed_p"":16,""alpha"":1,""beta"":64,""ef_min"":8,""ef_max"":512}",1000,0.9966,1.0,16.0,16.0,22169.562,24593.55,2746.014,3828.0499999999993,4209.01,1255.886,164.0,6431.226
P2,7957e681fc97e045,"{""policy"":""P2"",""fixed_p"":16,""alpha"":2,""beta"":4,""ef_min"":8,""ef_max"":512}",1000,0.9962000000000001,1.0,16.0,16.0,9449.189,10923.8,2860.265,4417.0,4939.2,494.029,204.0,3249.007
P2,7d7b22516c105ea4,"{""policy"":""P2"",""fixed_p"":16,""alpha"":2,""beta"":8,""ef_min"":8,""ef_max"":512}",1000,0.9966,1.0,16.0,16.0,9700.389,11278.3,2922.834,4513.25,5034.01,506.687,208.0,3311.471
P2,ca7d74c9103f873c,"{""policy"":""P2"",""fixed_p"":16,""alpha"":2,""beta"":16,""ef_min"":8,""ef_max"":512}",1000,0.9967999999999999,1.0,16.0,16.0,11585.838,13328.4,3047.863,4659.299999999999,5192.11,612.444,216.0,3777.576
P2,644339b30ce24622,"{""policy"":""P2"",""fixed_p"":16,""alpha"":2,""beta"":32,""ef_min"":8,""ef_max"":512}",1000,0.9974,1.0,16.0,16.0,15808.937,17921.3,3293.337,4973.4,5476.17,863.105,232.0,4825.063
P2,d578689bcb8e86a4,"{""policy"":""P2"",""fixed_p"":16,""alpha"":2,""beta"":64,""ef_min"":8,""ef_max"":512}",1000,0.9986,1.0,16.0,16.0,23768.637,26614.0,3764.311,5527.599999999999,6120.03,1360.193,264.0,6847.434
P2,8d1646e80034b879,"{""policy"":""P2"",""fixed_p"":16,""alpha"":4,""beta"":4,""ef_min"":8,""ef_max"":512}",1000,0.9987,1.0,16.0,16.0,12578.036,15249.55,4825.472,7532.749999999999,8423.449999999999,700.35,404.0,4098.697
P2,83d803dc551989ca,"{""policy"":""P2"",""fixed_p"":16,""alpha"":4,""beta"":8,""ef_min"":8,""ef_max"":512}",1000,0.9987,1.0,16.0,16.0,12842.56,15625.25,4876.51,7594.25,8515.15,714.684,408.0,4160.676
P2,e55651b354682be3,"{""policy"":""P2"",""fixed_p"":16,""alpha"":4,""beta"":16,""ef_min"":8,""ef_max"":512}",1000,0.9987999999999999,1.0,16.0,16.0,14680.696,17632.1,4980.072,7705.05,8654.5,820.814,416.0,4598.685
P2,89a970763e83ebc2,"{""policy"":""P2"",""fixed_p"":16,""alpha"":4,""beta"":32,""ef_min"":8,""ef_max"":512}",1000,0.999,1.0,16.0,16.0,18811.365,22011.55,5184.056,7934.399999999999,8964.17,1071.734,432.0,5661.975
P2,7225663eb8e702af,"{""policy"":""P2"",""fixed_p"":16,""alpha"":4,""beta"":64,""ef_min"":8,""ef_max"":512}",1000,0.999,1.0,16.0,16.0,26623.62,30387.35,5583.361,8431.449999999997,9439.33,1569.104,464.0,7657.242
P2,dd7a3b9ea39e9c0d,"{""policy"":""P2"",""fixed_p"":16,""alpha"":8,""beta"":4,""ef_min"":8,""ef_max"":512}",1000,0.999,1.0,16.0,16.0,16843.628,22372.649999999998,7015.513,10191.849999999999,10976.02,1009.243,512.0,5274.274
P2,bae2e32d58e2ecab,"{""policy"":""P2"",""fixed_p"":16,""alpha"":8,""beta"":8,""ef_min"":8,""ef_max"":512}",1000,0.999,1.0,16.0,16.0,17078.601,22809.1,7032.857,10191.849999999999,10976.02,1022.171,512.0,5341.186
P2,43ceaac1ec092683,"{""policy"":""P2"",""fixed_p"":16,""alpha"":8,""beta"":16,""ef_min"":8,""ef_max"":512}",1000,0.999,1.0,16.0,16.0,18805.347,24584.05,7067.654,10208.15,10978.34,1123.294,512.0,5774.937
P2,f5bd121099250b76,"{""policy"":""P2"",""fixed_p"":16,""alpha"":8,""beta"":32,""ef_min"":8,""ef_max"":512}",1000,0.999,1.0,16.0,16.0,22732.861,28693.1,7133.27,10234.599999999999,11012.01,1364.198,512.0,6757.083
P2,31bbea0176539bb8,"{""policy"":""P2"",""fixed_p"":16,""alpha"":8,""beta"":64,""ef_min"":8,""ef_max"":512}",1000,0.999,1.0,16.0,16.0,30136.545,36609.05,7244.533,10265.599999999999,11014.009999999998,1839.008,513.0,8666.792
P2,4f160026ceffab2c,"{""policy"":""P2"",""fixed_p"":16,""alpha"":16,""beta"":4,""ef_min"":8,""ef_max"":512}",1000,0.999,1.0,16.0,16.0,20584.234,31242.95,7546.774,10392.05,11114.15,1281.482,513.0,6323.726
P2,7c3ec30181835b4b,"{""policy"":""P2"",""fixed_p"":16,""alpha"":16,""beta"":8,""ef_min"":8,""ef_max"":512}",1000,0.999,1.0,16.0,16.0,20772.184,31595.95,7549.169,10392.05,11114.15,1292.369,513.0,6371.77
P2,f8699b31c3b101a4,"{""policy"":""P2"",""fixed_p"":16,""alpha"":16,""beta"":16,""ef_min"":8,""ef_max"":512}",1000,0.999,1.0,16.0,16.0,22403.994,33144.15,7554.43,10392.05,11114.15,1389.097,513.0,6772.075
P2,1114e004bbbd7d97,"{""policy"":""P2"",""fixed_p"":16,""alpha"":16,""beta"":32,""ef_min"":8,""ef_max"":512}",1000,0.9991,1.0,16.0,16.0,26139.93,36774.799999999996,7563.345,10392.05,11114.15,1620.78,513.0,7722.007
P2,e8afd1f5d2b25e36,"{""policy"":""P2"",""fixed_p"":16,""alpha"":16,""beta"":64,""ef_min"":8,""ef_max"":512}",1000,0.9991,1.0,16.0,16.0,33196.831,43828.15,7580.462,10393.35,11114.15,2077.395,513.0,9540.099
P3,e7972f0fb23a4132,"{""policy"":""P3"",""alpha"":1,""beta"":4,""ef_min"":8,""ef_max"":512}",1000,0.9867,0.9,3.95,7.0,3164.153,4571.4,1693.942,2583.0,2861.22,130.762,104.0,1045.959
P3,d72ec85154fba925,"{""policy"":""P3"",""alpha"":1,""beta"":8,""ef_min"":8,""ef_max"":512}",1000,0.989,0.9,3.95,7.0,3396.311,4946.1,1767.43,2665.1,2950.04,141.796,108.0,1106.456
P3,292d5183cbeaa920,"{""policy"":""P3"",""alpha"":1,""beta"":16,""ef_min"":8,""ef_max"":512}",1000,0.9921,0.9,3.95,7.0,4033.769,6029.2,1910.198,2844.1,3150.13,171.498,116.0,1255.594
P3,6393d4ec9e3896f2,"{""policy"":""P3"",""alpha"":1,""beta"":32,""ef_min"":8,""ef_max"":512}",1000,0.9945,1.0,3.95,7.0,5290.078,8247.1,2184.851,3175.05,3484.2699999999995,233.053,132.0,1554.693
P3,6c90089b461b5375,"{""policy"":""P3"",""alpha"":1,""beta"":64,""ef_min"":8,""ef_max"":512}",1000,0.9964,1.0,3.95,7.0,7631.723,12486.949999999999,2714.982,3828.0499999999993,4209.01,358.324,164.0,2137.552
P3,344cb859294ea8f0,"{""policy"":""P3"",""alpha"":2,""beta"":4,""ef_min"":8,""ef_max"":512}",1000,0.996,1.0,3.95,7.0,4937.615,6951.349999999999,2859.926,4417.0,4939.2,231.864,204.0,1502.951
P3,25c7a9e29d8c4a1b,"{""policy"":""P3"",""alpha"":2,""beta"":8,""ef_min"":8,""ef_max"":512}",1000,0.9964,1.0,3.95,7.0,5188.815,7334.949999999999,2922.543,4513.25,5034.01,244.522,208.0,1565.415
P3,78c7c8e25a68b85a,"{""policy"":""P3"",""alpha"":2,""beta"":16,""ef_min"":8,""ef_max"":512}",1000,0.9966,1.0,3.95,7.0,5809.666,8433.15,3047.509,4659.299999999999,5192.11,275.179,216.0,1723.837
P3,be29b05e5d7897b3,"{""policy"":""P3"",""alpha"":2,""beta"":32,""ef_min"":8,""ef_max"":512}",1000,0.9972000000000001,1.0,3.95,7.0,7002.997,10533.8,3292.303,4973.4,5476.17,337.128,232.0,1995.865
P3,2ea0b8de6fd0db5c,"{""policy"":""P3"",""alpha"":2,""beta"":64,""ef_min"":8,""ef_max"":512}",1000,0.9984,1.0,3.95,7.0,9230.798,14667.099999999999,3759.024,5527.599999999999,6120.03,462.631,264.0,2553.76
P3,814d6720c48a72dd,"{""policy"":""P3"",""alpha"":4,""beta"":4,""ef_min"":8,""ef_max"":512}",1000,0.9985,1.0,3.95,7.0,8066.462,11351.75,4825.467,7532.749999999999,8423.449999999999,438.185,404.0,2352.641
P3,7c005f1374fb912b,"{""policy"":""P3"",""alpha"":4,""beta"":8,""ef_min"":8,""ef_max"":512}",1000,0.9985,1.0,3.95,7.0,8330.986,11828.65,4876.51,7594.25,8515.15,452.519,408.0,2414.62
P3,358a491001887f24,"{""policy"":""P3"",""alpha"":4,""beta"":16,""ef_min"":8,""ef_max"":512}",1000,0.9986,1.0,3.95,7.0,8904.524,12749.749999999998,4980.032,7705.05,8654.5,483.549,416.0,2544.946
P3,54157b37569f2f20,"{""policy"":""P3"",""alpha"":4,""beta"":32,""ef_min"":8,""ef_max"":512}",1000,0.9987999999999999,1.0,3.95,7.0,10005.425,14634.449999999997,5183.787,7934.399999999999,8964.17,545.757,432.0,2832.777
P3,2c4c5214ba1ae4e5,"{""policy"":""P3"",""alpha"":4,""beta"":64,""ef_min"":8,""ef_max"":512}",1000,0.9987999999999999,1.0,3.95,7.0,12085.781,18502.25,5582.676,8431.449999999997,9439.33,671.542,464.0,3363.568
P3,dd0c067bf87bc724,"{""policy"":""P3"",""alpha"":8,""beta"":4,""ef_min"":8,""ef_max"":512}",1000,0.9987999999999999,1.0,3.95,7.0,12332.054,18623.05,7015.513,10191.849999999999,10976.02,747.078,512.0,3528.218
P3,0b91ed752bb6a7d1,"{""policy"":""P3"",""alpha"":8,""beta"":8,""ef_min"":8,""ef_max"":512}",1000,0.9987999999999999,1.0,3.95,7.0,12567.027,19070.2,7032.857,10191.849999999999,10976.02,760.006,512.0,3595.13
P3,ccc466d26ad2afba,"{""policy"":""P3"",""alpha"":8,""beta"":16,""ef_min"":8,""ef_max"":512}",1000,0.9987999999999999,1.0,3.95,7.0,13029.175,19998.25,7067.654,10208.15,10978.34,786.029,512.0,3721.198
P3,d784bfe0d0b18bd6,"{""policy"":""P3"",""alpha"":8,""beta"":32,""ef_min"":8,""ef_max"":512}",1000,0.9987999999999999,1.0,3.95,7.0,13926.921,21581.8,7133.27,10234.599999999999,11012.01,838.221,512.0,3927.885
P3,810fe91a31e09709,"{""policy"":""P3"",""alpha"":8,""beta"":64,""ef_min"":8,""ef_max"":512}",1000,0.9987999999999999,1.0,3.95,7.0,15598.706,24753.849999999995,7244.418,10265.599999999999,11014.009999999998,941.446,513.0,4373.118
P3,fdd1cea4e811c4f6,"{""policy"":""P3"",""alpha"":16,""beta"":4,""ef_min"":8,""ef_max"":512}",1000,0.9987999999999999,1.0,3.95,7.0,16072.66,27373.25,7546.774,10392.05,11114.15,1019.317,513.0,4577.67
P3,52729bdd5babfc1b,"{""policy"":""P3"",""alpha"":16,""beta"":8,""ef_min"":8,""ef_max"":512}",1000,0.9987999999999999,1.0,3.95,7.0,16260.61,27642.599999999995,7549.169,10392.05,11114.15,1030.204,513.0,4625.714
P3,5b8b43de6bcec348,"{""policy"":""P3"",""alpha"":16,""beta"":16,""ef_min"":8,""ef_max"":512}",1000,0.9987999999999999,1.0,3.95,7.0,16627.822,28247.049999999996,7554.43,10392.05,11114.15,1051.832,513.0,4718.336
P3,1bad3cd36c2f007b,"{""policy"":""P3"",""alpha"":16,""beta"":32,""ef_min"":8,""ef_max"":512}",1000,0.9989,1.0,3.95,7.0,17333.99,29485.749999999996,7563.345,10392.05,11114.15,1094.803,513.0,4892.809
P3,32391ffa87f44c71,"{""policy"":""P3"",""alpha"":16,""beta"":64,""ef_min"":8,""ef_max"":512}",1000,0.9989,1.0,3.95,7.0,18658.992,31798.0,7580.462,10393.35,11114.15,1179.833,513.0,5246.425
