policy,config_id,config,query_count,recall_at_10,p5_per_query_recall,mean_shards_per_query,p95_shards_per_query,aggregate_distance_computations_per_query,p95_aggregate_distance_computations,max_shard_distance_computations_mean,p95_max_shard_distance_computations,p99_max_shard_distance_computations,aggregate_nodes_visited_per_query,p95_max_shard_nodes_visited,worker_cpu_time_us_per_query
P0,0b49a0aa365c7f1e,"{""policy"":""P0"",""fixed_p"":1,""uniform_ef_search"":8,""ef_min"":8,""ef_max"":512}",1000,0.5936,0.1,1.0,1.0,385.569,543.05,385.569,543.05,642.0899999999999,11.967,15.0,192.14
P0,c2fa85a3f0ab9945,"{""policy"":""P0"",""fixed_p"":1,""uniform_ef_search"":16,""ef_min"":8,""ef_max"":512}",1000,0.642,0.2,1.0,1.0,510.202,689.05,510.202,689.05,786.0799999999999,17.54,21.0,220.66
P0,5c045e7c45e353d8,"{""policy"":""P0"",""fixed_p"":1,""uniform_ef_search"":32,""ef_min"":8,""ef_max"":512}",1000,0.6919,0.2,1.0,1.0,826.809,1090.0,826.809,1090.0,1205.02,32.875,35.0,298.136
P0,21ab6f22997bc6b1,"{""policy"":""P0"",""fixed_p"":1,""uniform_ef_search"":64,""ef_min"":8,""ef_max"":512}",1000,0.7133999999999999,0.2,1.0,1.0,1406.873,1870.05,1406.873,1870.05,1974.12,64.342,66.0,441.795
P0,417e843a3088d802,"{""policy"":""P0"",""fixed_p"":1,""uniform_ef_search"":128,""ef_min"":8,""ef_max"":512}",1000,0.7191000000000001,0.2,1.0,1.0,2408.752,3222.1,2408.752,3222.1,3430.02,128.114,129.0,709.563
P0,c324b6c6b7211da0,"{""policy"":""P0"",""fixed_p"":1,""uniform_ef_search"":256,""ef_min"":8,""ef_max"":512}",1000,0.7208,0.2,1.0,1.0,4057.924,5529.45,4057.924,5529.45,5866.24,256.05,256.04999999999995,1165.706
P0,b5b284e41d984446,"{""policy"":""P0"",""fixed_p"":1,""uniform_ef_search"":512,""ef_min"":8,""ef_max"":512}",1000,0.7212000000000001,0.2,1.0,1.0,6662.4,9342.35,6662.4,9342.35,9933.35,512.069,513.0,1996.865
P0,0d52546b9c48598c,"{""policy"":""P0"",""fixed_p"":2,""uniform_ef_search"":8,""ef_min"":8,""ef_max"":512}",1000,0.7469,0.3,2.0,2.0,735.359,985.0,411.017,575.05,655.02,24.216,18.0,342.883
P0,f8ff35239f22d22d,"{""policy"":""P0"",""fixed_p"":2,""uniform_ef_search"":16,""ef_min"":8,""ef_max"":512}",1000,0.8016,0.4,2.0,2.0,986.848,1286.0,539.924,711.05,816.06,35.406,24.0,401.492
P0,08f3182b3aa721f6,"{""policy"":""P0"",""fixed_p"":2,""uniform_ef_search"":32,""ef_min"":8,""ef_max"":512}",1000,0.8582000000000001,0.5,2.0,2.0,1618.395,2096.0,870.742,1124.2999999999997,1224.01,65.935,38.0,552.986
P0,da67bf187de3789d,"{""policy"":""P0"",""fixed_p"":2,""uniform_ef_search"":64,""ef_min"":8,""ef_max"":512}",1000,0.8821,0.5,2.0,2.0,2774.317,3564.0,1478.711,1906.05,2020.1799999999998,128.861,67.0,836.401
P0,af38d3533799fe47,"{""policy"":""P0"",""fixed_p"":2,""uniform_ef_search"":128,""ef_min"":8,""ef_max"":512}",1000,0.8883,0.5,2.0,2.0,4761.574,6220.0,2534.923,3290.1,3478.14,256.434,130.0,1355.282
P0,dcb39bd612eae981,"{""policy"":""P0"",""fixed_p"":2,""uniform_ef_search"":256,""ef_min"":8,""ef_max"":512}",1000,0.8901,0.5,2.0,2.0,8012.577,10591.0,4284.175,5568.05,5922.98,512.326,257.0,2254.912
P0,0829f8f57ab849e7,"{""policy"":""P0"",""fixed_p"":2,""uniform_ef_search"":512,""ef_min"":8,""ef_max"":512}",1000,0.8905,0.5,2.0,2.0,13110.374,17556.35,7063.327,9387.05,9981.5,1024.337,513.0,3866.063
P0,0d78a84c38598d90,"{""policy"":""P0"",""fixed_p"":3,""uniform_ef_search"":8,""ef_min"":8,""ef_max"":512}",1000,0.8037000000000001,0.4,3.0,3.0,1080.185,1395.5999999999995,429.337,587.0,673.06,36.938,20.0,483.743
P0,9ded195fc9ecf68a,"{""policy"":""P0"",""fixed_p"":3,""uniform_ef_search"":16,""ef_min"":8,""ef_max"":512}",1000,0.861,0.6,3.0,3.0,1461.655,1872.05,563.586,740.05,842.06,53.813,26.0,571.969
P0,c6de7039a08707d0,"{""policy"":""P0"",""fixed_p"":3,""uniform_ef_search"":32,""ef_min"":8,""ef_max"":512}",1000,0.9188,0.7,3.0,3.0,2413.607,3063.1,906.925,1153.0,1281.12,99.538,42.0,797.382
P0,68ad1afbe4eba899,"{""policy"":""P0"",""fixed_p"":3,""uniform_ef_search"":64,""ef_min"":8,""ef_max"":512}",1000,0.9427000000000001,0.7,3.0,3.0,4153.147,5252.15,1542.105,1944.1999999999998,2081.24,193.981,72.0,1220.096
P0,85591d2ad956ddf2,"{""policy"":""P0"",""fixed_p"":3,""uniform_ef_search"":128,""ef_min"":8,""ef_max"":512}",1000,0.9491,0.7,3.0,3.0,7134.515,9086.3,2648.254,3324.0,3556.0299999999997,385.27,136.0,1991.171
P0,0f1cf690f7612a1e,"{""policy"":""P0"",""fixed_p"":3,""uniform_ef_search"":256,""ef_min"":8,""ef_max"":512}",1000,0.9509,0.7,3.0,3.0,11998.179,15435.05,4475.993,5602.05,6059.17,769.099,264.0,3335.223
P0,4ce505dd83497fff,"{""policy"":""P0"",""fixed_p"":3,""uniform_ef_search"":512,""ef_min"":8,""ef_max"":512}",1000,0.9512999999999999,0.7,3.0,3.0,19582.174,25319.3,7387.9,9404.55,9981.5,1537.076,519.05,5708.326
P0,99f64554f021592d,"{""policy"":""P0"",""fixed_p"":4,""uniform_ef_search"":8,""ef_min"":8,""ef_max"":512}",1000,0.8264,0.5,4.0,4.0,1424.842,1810.05,445.924,601.05,683.01,50.458,23.0,622.559
P0,a3004f723fadd8fe,"{""policy"":""P0"",""fixed_p"":4,""uniform_ef_search"":16,""ef_min"":8,""ef_max"":512}",1000,0.8843,0.6,4.0,4.0,1934.643,2429.1499999999996,581.369,754.05,850.0,73.033,30.0,740.543
P0,e95ef758d4a66d7b,"{""policy"":""P0"",""fixed_p"":4,""uniform_ef_search"":32,""ef_min"":8,""ef_max"":512}",1000,0.9422999999999999,0.7,4.0,4.0,3200.587,4014.1499999999996,931.492,1167.0,1296.3499999999997,133.885,44.0,1036.495
P0,a6b99609271165a3,"{""policy"":""P0"",""fixed_p"":4,""uniform_ef_search"":64,""ef_min"":8,""ef_max"":512}",1000,0.9658,0.8,4.0,4.0,5517.013,6891.1,1585.161,1963.05,2122.1,259.697,75.0,1598.942
P0,1bec8afe1fc0b054,"{""policy"":""P0"",""fixed_p"":4,""uniform_ef_search"":128,""ef_min"":8,""ef_max"":512}",1000,0.9722000000000001,0.8,4.0,4.0,9490.923,11864.349999999999,2724.097,3359.2,3564.3999999999996,514.747,137.0,2620.362
P0,3dab823a01b35c5e,"{""policy"":""P0"",""fixed_p"":4,""uniform_ef_search"":256,""ef_min"":8,""ef_max"":512}",1000,0.974,0.8,4.0,4.0,15959.859,20070.899999999998,4606.29,5647.15,6076.139999999999,1026.463,265.0,4414.882
P0,aa29843b3dee6e57,"{""policy"":""P0"",""fixed_p"":4,""uniform_ef_search"":512,""ef_min"":8,""ef_max"":512}",1000,0.9743999999999999,0.8,4.0,4.0,26022.51,32605.85,7611.466,9427.35,9981.5,2050.378,521.0,7547.768
P0,446b5207cf485460,"{""policy"":""P0"",""fixed_p"":5,""uniform_ef_search"":8,""ef_min"":8,""ef_max"":512}",1000,0.8391000000000001,0.5,5.0,5.0,1774.372,2215.05,461.021,617.0999999999999,692.0699999999999,64.903,26.0,759.641
P0,aa5dd54171a0f563,"{""policy"":""P0"",""fixed_p"":5,""uniform_ef_search"":16,""ef_min"":8,""ef_max"":512}",1000,0.8977,0.6,5.0,5.0,2409.23,2981.1,600.478,785.05,864.0799999999999,93.034,32.0,904.234
P0,5a847d318c4942b5,"{""policy"":""P0"",""fixed_p"":5,""uniform_ef_search"":32,""ef_min"":8,""ef_max"":512}",1000,0.9559,0.8,5.0,5.0,3988.975,4905.15,957.192,1183.0,1315.1599999999999,169.151,47.0,1274.821
P0,c02cd3dc90254d62,"{""policy"":""P0"",""fixed_p"":5,""uniform_ef_search"":64,""ef_min"":8,""ef_max"":512}",1000,0.9793,0.9,5.0,5.0,6880.236,8508.2,1626.808,1990.1,2151.0,326.397,76.0,1975.549
P0,9d34fdc1db05e160,"{""policy"":""P0"",""fixed_p"":5,""uniform_ef_search"":128,""ef_min"":8,""ef_max"":512}",1000,0.9856,0.9,5.0,5.0,11842.273,14559.65,2792.4,3399.8499999999995,3604.12,645.018,138.0,3244.698
P0,ca5880e647a3755f,"{""policy"":""P0"",""fixed_p"":5,""uniform_ef_search"":256,""ef_min"":8,""ef_max"":512}",1000,0.9873999999999999,0.9,5.0,5.0,19920.359,24456.8,4716.356,5706.5,6076.139999999999,1284.556,266.0,5481.262
P0,14f5eafcb0332fbb,"{""policy"":""P0"",""fixed_p"":5,""uniform_ef_search"":512,""ef_min"":8,""ef_max"":512}",1000,0.9877999999999999,0.9,5.0,5.0,32453.974,39879.2,7781.723,9427.35,9981.5,2564.44,522.0,9380.057
P0,303f9db1f9e1a73c,"{""policy"":""P0"",""fixed_p"":6,""uniform_ef_search"":8,""ef_min"":8,""ef_max"":512}",1000,0.8445,0.5,6.0,6.0,2113.378,2587.1499999999996,472.255,633.1499999999999,699.1499999999999,79.947,26.0,892.901
P0,0e66dd3f4c459f82,"{""policy"":""P0"",""fixed_p"":6,""uniform_ef_search"":16,""ef_min"":8,""ef_max"":512}",1000,0.9037000000000001,0.6950000000000003,6.0,6.0,2870.607,3484.05,614.266,798.05,864.0799999999999,113.87,33.0,1065.629
P0,3110d7fbe3ba6815,"{""policy"":""P0"",""fixed_p"":6,""uniform_ef_search"":32,""ef_min"":8,""ef_max"":512}",1000,0.9615,0.8,6.0,6.0,4754.018,5789.1,974.665,1194.05,1358.01,205.241,48.0,1504.906
P0,eaeedd9ee1f651c9,"{""policy"":""P0"",""fixed_p"":6,""uniform_ef_search"":64,""ef_min"":8,""ef_max"":512}",1000,0.9847,0.9,6.0,6.0,8205.164,9958.35,1654.374,2010.0,2151.0299999999997,393.802,77.0,2341.36
P0,54237e59b90e36fa,"{""policy"":""P0"",""fixed_p"":6,""uniform_ef_search"":128,""ef_min"":8,""ef_max"":512}",1000,0.991,0.9,6.0,6.0,14137.385,17205.25,2838.966,3432.25,3616.05,776.107,139.0,3851.163
P0,eb3013cb87df8000,"{""policy"":""P0"",""fixed_p"":6,""uniform_ef_search"":256,""ef_min"":8,""ef_max"":512}",1000,0.9927999999999999,0.9,6.0,6.0,23790.432,28798.15,4790.322,5733.4,6076.139999999999,1543.467,266.0,6518.462
P0,1ae4a04a9ad7a731,"{""policy"":""P0"",""fixed_p"":6,""uniform_ef_search"":512,""ef_min"":8,""ef_max"":512}",1000,0.9932000000000001,0.9,6.0,6.0,38741.874,46838.1,7896.691,9427.35,9981.5,3079.304,522.0,11170.438
P0,61fd2dd5bfa48992,"{""policy"":""P0"",""fixed_p"":7,""uniform_ef_search"":8,""ef_min"":8,""ef_max"":512}",1000,0.8473999999999999,0.5,7.0,7.0,2453.392,2943.1,484.073,646.1499999999999,728.06,96.264,27.0,1027.832
P0,919904318440da24,"{""policy"":""P0"",""fixed_p"":7,""uniform_ef_search"":16,""ef_min"":8,""ef_max"":512}",1000,0.9066000000000001,0.7,7.0,7.0,3328.491,4007.05,628.575,807.3499999999997,897.1699999999998,135.964,33.049999999999955,1226.486
P0,a1925b27f1e763c0,"{""policy"":""P0"",""fixed_p"":7,""uniform_ef_search"":32,""ef_min"":8,""ef_max"":512}",1000,0.9643999999999999,0.8,7.0,7.0,5499.755,6612.2,989.697,1209.0,1359.0,242.493,49.0,1731.792
P0,a919b07094568633,"{""policy"":""P0"",""fixed_p"":7,""uniform_ef_search"":64,""ef_min"":8,""ef_max"":512}",1000,0.9876,0.9,7.0,7.0,9480.101,11454.0,1673.779,2018.1,2163.09,462.319,78.0,2698.701
P0,eef4b8b07ee446b9,"{""policy"":""P0"",""fixed_p"":7,""uniform_ef_search"":128,""ef_min"":8,""ef_max"":512}",1000,0.9939,0.9,7.0,7.0,16342.946,19793.0,2869.752,3447.05,3624.17,908.14,139.0,4445.516
P0,ea057df962b946f1,"{""policy"":""P0"",""fixed_p"":7,""uniform_ef_search"":256,""ef_min"":8,""ef_max"":512}",1000,0.9957,1.0,7.0,7.0,27524.523,33266.299999999996,4835.332,5774.15,6095.11,1803.257,266.0,7532.639
P0,68b4de3f083f9d42,"{""policy"":""P0"",""fixed_p"":7,""uniform_ef_search"":512,""ef_min"":8,""ef_max"":512}",1000,0.9961,1.0,7.0,7.0,44828.503,53756.549999999996,7965.42,9441.5,9981.5,3595.038,522.0,12920.88
P0,333a3bad5e95057e,"{""policy"":""P0"",""fixed_p"":8,""uniform_ef_search"":8,""ef_min"":8,""ef_max"":512}",1000,0.8489,0.5,8.0,8.0,2796.772,3341.25,493.69,655.0,734.02,113.871,28.0,1163.076
P0,e824df74b20487ae,"{""policy"":""P0"",""fixed_p"":8,""uniform_ef_search"":16,""ef_min"":8,""ef_max"":512}",1000,0.908,0.7,8.0,8.0,3778.656,4510.0,636.911,817.05,914.01,159.224,34.049999999999955,1387.704
P0,330b988fe5577adf,"{""policy"":""P0"",""fixed_p"":8,""uniform_ef_search"":32,""ef_min"":8,""ef_max"":512}",1000,0.9657,0.8,8.0,8.0,6229.347,7443.05,999.617,1216.0,1359.01,281.06,50.049999999999955,1959.564
P0,1f7f2632ffdd2c93,"{""policy"":""P0"",""fixed_p"":8,""uniform_ef_search"":64,""ef_min"":8,""ef_max"":512}",1000,0.9889,0.9,8.0,8.0,10722.09,12871.05,1687.352,2023.3499999999997,2172.1,531.97,79.0,3050.045
P0,56f8cda4dc331e86,"{""policy"":""P0"",""fixed_p"":8,""uniform_ef_search"":128,""ef_min"":8,""ef_max"":512}",1000,0.9952000000000001,1.0,8.0,8.0,18493.159,22353.399999999998,2889.64,3449.05,3641.06,1041.324,140.0,5034.465
P0,b1e3a0699fdb2bf4,"{""policy"":""P0"",""fixed_p"":8,""uniform_ef_search"":256,""ef_min"":8,""ef_max"":512}",1000,0.997,1.0,8.0,8.0,31186.735,37352.55,4866.299,5777.05,6095.11,2064.194,267.0,8543.347
P0,af9440235c54d08c,"{""policy"":""P0"",""fixed_p"":8,""uniform_ef_search"":512,""ef_min"":8,""ef_max"":512}",1000,0.9974,1.0,8.0,8.0,50833.449,60660.4,8013.772,9441.5,9981.5,4111.822,523.0,14673.006
P0,80e79d74502f8b50,"{""policy"":""P0"",""fixed_p"":9,""uniform_ef_search"":8,""ef_min"":8,""ef_max"":512}",1000,0.8495,0.5,9.0,9.0,3131.209,3741.05,499.723,655.0,734.02,132.321,29.0,1298.768
P0,88d648e4a08653a8,"{""policy"":""P0"",""fixed_p"":9,""uniform_ef_search"":16,""ef_min"":8,""ef_max"":512}",1000,0.9085,0.7,9.0,9.0,4219.901,4967.2,642.848,818.05,914.01,183.633,36.0,1548.917
P0,180ad89fc7642bfb,"{""policy"":""P0"",""fixed_p"":9,""uniform_ef_search"":32,""ef_min"":8,""ef_max"":512}",1000,0.9661000000000001,0.8,9.0,9.0,6933.422,8224.249999999998,1004.748,1216.0,1359.01,320.884,52.0,2186.537
P0,6457f4a233d21feb,"{""policy"":""P0"",""fixed_p"":9,""uniform_ef_search"":64,""ef_min"":8,""ef_max"":512}",1000,0.9893,0.9,9.0,9.0,11910.853,14255.3,1692.906,2023.3499999999997,2172.1,602.824,80.04999999999995,3397.012
P0,ac7f79366b56dc97,"{""policy"":""P0"",""fixed_p"":9,""uniform_ef_search"":128,""ef_min"":8,""ef_max"":512}",1000,0.9956,1.0,9.0,9.0,20543.31,24641.8,2897.037,3449.05,3641.06,1175.461,141.0,5608.37
P0,87d0d3ac10d40ff4,"{""policy"":""P0"",""fixed_p"":9,""uniform_ef_search"":256,""ef_min"":8,""ef_max"":512}",1000,0.9974,1.0,9.0,9.0,34676.251,41132.85,4876.375,5777.05,6095.11,2325.953,267.0,9529.875
P0,6f674149f8d2e666,"{""policy"":""P0"",""fixed_p"":9,""uniform_ef_search"":512,""ef_min"":8,""ef_max"":512}",1000,0.9977999999999999,1.0,9.0,9.0,56565.533,66619.75,8031.287,9441.5,9981.5,4629.415,523.0,16383.935
P0,9eabfe8e5eb924cd,"{""policy"":""P0"",""fixed_p"":10,""uniform_ef_search"":8,""ef_min"":8,""ef_max"":512}",1000,0.8497,0.5,10.0,10.0,3476.811,4092.899999999999,506.223,656.05,734.02,151.856,30.0,1435.341
P0,12e0c4b2b17dd1de,"{""policy"":""P0"",""fixed_p"":10,""uniform_ef_search"":16,""ef_min"":8,""ef_max"":512}",1000,0.9087000000000001,0.7,10.0,10.0,4672.011,5494.25,650.622,822.0,919.04,209.285,38.0,1711.303
P0,78558481262c5854,"{""policy"":""P0"",""fixed_p"":10,""uniform_ef_search"":32,""ef_min"":8,""ef_max"":512}",1000,0.9662000000000001,0.8,10.0,10.0,7635.358,8957.8,1010.163,1216.0,1359.01,361.699,54.0,2407.508
P0,9ed71bdf84182575,"{""policy"":""P0"",""fixed_p"":10,""uniform_ef_search"":64,""ef_min"":8,""ef_max"":512}",1000,0.9894,0.9,10.0,10.0,13085.59,15547.349999999999,1698.26,2023.3499999999997,2172.1,674.588,82.04999999999995,3737.765
P0,1ef59d2505dd9bea,"{""policy"":""P0"",""fixed_p"":10,""uniform_ef_search"":128,""ef_min"":8,""ef_max"":512}",1000,0.9957,1.0,10.0,10.0,22558.24,26908.899999999998,2903.779,3450.1499999999996,3641.06,1310.381,142.0,6173.474
P0,296ca6c67b1beb13,"{""policy"":""P0"",""fixed_p"":10,""uniform_ef_search"":256,""ef_min"":8,""ef_max"":512}",1000,0.9975,1.0,10.0,10.0,38101.837,45001.2,4882.984,5778.349999999999,6095.11,2588.503,268.0,10491.183
P0,2797e2008bf41be6,"{""policy"":""P0"",""fixed_p"":10,""uniform_ef_search"":512,""ef_min"":8,""ef_max"":512}",1000,0.9979,1.0,10.0,10.0,62198.221,72471.2,8039.351,9441.5,9981.5,5147.781,523.0,18066.888
P0,ca28223809b65282,"{""policy"":""P0"",""fixed_p"":11,""uniform_ef_search"":8,""ef_min"":8,""ef_max"":512}",1000,0.8501000000000001,0.5,11.0,11.0,3820.365,4476.05,511.936,657.0,734.02,171.982,30.0,1572.147
P0,61637d509488e482,"{""policy"":""P0"",""fixed_p"":11,""uniform_ef_search"":16,""ef_min"":8,""ef_max"":512}",1000,0.9091,0.7,11.0,11.0,5112.947,5951.05,656.649,824.0999999999999,923.0699999999999,235.377,39.0,1874.297
P0,ba7a3cf44686d266,"{""policy"":""P0"",""fixed_p"":11,""uniform_ef_search"":32,""ef_min"":8,""ef_max"":512}",1000,0.9666,0.8,11.0,11.0,8316.087,9759.55,1014.705,1216.05,1360.02,403.377,56.0,2630.736
P0,9d33add99cc3c996,"{""policy"":""P0"",""fixed_p"":11,""uniform_ef_search"":64,""ef_min"":8,""ef_max"":512}",1000,0.9897999999999999,0.9,11.0,11.0,14205.052,16751.399999999998,1703.943,2030.0,2172.1,746.917,84.0,4069.057
P0,377c9ca88ec15024,"{""policy"":""P0"",""fixed_p"":11,""uniform_ef_search"":128,""ef_min"":8,""ef_max"":512}",1000,0.9961,1.0,11.0,11.0,24487.979,28890.05,2911.34,3450.1499999999996,3641.06,1445.804,144.0,6717.305
P0,8144326548b4f864,"{""policy"":""P0"",""fixed_p"":11,""uniform_ef_search"":256,""ef_min"":8,""ef_max"":512}",1000,0.9979,1.0,11.0,11.0,41406.432,48511.6,4892.141,5778.349999999999,6095.11,2851.393,268.0,11436.023
P0,579d6546fbc63b68,"{""policy"":""P0"",""fixed_p"":11,""uniform_ef_search"":512,""ef_min"":8,""ef_max"":512}",1000,0.9983,1.0,11.0,11.0,67667.213,78350.05,8051.823,9441.5,9981.5,5666.404,524.0,19716.927
P0,abeb604acbab1b1f,"{""policy"":""P0"",""fixed_p"":12,""uniform_ef_search"":8,""ef_min"":8,""ef_max"":512}",1000,0.8502000000000001,0.5,12.0,12.0,4148.521,4825.1,516.7,660.05,736.1799999999998,192.219,30.049999999999955,1706.995
P0,b8fabd867f7565a3,"{""policy"":""P0"",""fixed_p"":12,""uniform_ef_search"":16,""ef_min"":8,""ef_max"":512}",1000,0.9092,0.7,12.0,12.0,5540.362,6370.5,660.248,826.0,923.0699999999999,261.99,40.0,2033.148
P0,33978ff44d20c00e,"{""policy"":""P0"",""fixed_p"":12,""uniform_ef_search"":32,""ef_min"":8,""ef_max"":512}",1000,0.9667,0.8,12.0,12.0,8972.415,10435.1,1017.367,1216.05,1360.02,445.389,57.0,2845.592
P0,a40aada07a76321f,"{""policy"":""P0"",""fixed_p"":12,""uniform_ef_search"":64,""ef_min"":8,""ef_max"":512}",1000,0.9899,0.9,12.0,12.0,15290.575,17939.0,1705.695,2030.0,2172.1,819.627,87.0,4397.122
P0,27dca1a2daeec164,"{""policy"":""P0"",""fixed_p"":12,""uniform_ef_search"":128,""ef_min"":8,""ef_max"":512}",1000,0.9962000000000001,1.0,12.0,12.0,26375.991,30895.45,2913.377,3450.1499999999996,3641.06,1581.553,145.0,7254.898
P0,795b1a65b3c74c5f,"{""policy"":""P0"",""fixed_p"":12,""uniform_ef_search"":256,""ef_min"":8,""ef_max"":512}",1000,0.998,1.0,12.0,12.0,44663.382,51893.399999999994,4894.706,5778.349999999999,6095.11,3114.575,269.0,12368.03
P0,b91e1e3c9d7f36fe,"{""policy"":""P0"",""fixed_p"":12,""uniform_ef_search"":512,""ef_min"":8,""ef_max"":512}",1000,0.9984,1.0,12.0,12.0,73096.839,83971.34999999999,8054.082,9441.5,9981.5,6185.285,524.0,21355.33
P0,678a81e9b235ec52,"{""policy"":""P0"",""fixed_p"":13,""uniform_ef_search"":8,""ef_min"":8,""ef_max"":512}",1000,0.8502000000000001,0.5,13.0,13.0,4483.881,5174.25,521.184,661.05,736.1799999999998,212.942,31.0,1843.339
P0,4e63d55d31d80b65,"{""policy"":""P0"",""fixed_p"":13,""uniform_ef_search"":16,""ef_min"":8,""ef_max"":512}",1000,0.9092,0.7,13.0,13.0,5967.391,6833.1,663.387,826.0,923.0699999999999,288.712,41.0,2192.659
P0,446fd2108a8abb4b,"{""policy"":""P0"",""fixed_p"":13,""uniform_ef_search"":32,""ef_min"":8,""ef_max"":512}",1000,0.9667,0.8,13.0,13.0,9627.283,11089.449999999999,1020.393,1216.05,1360.02,487.568,58.0,3063.213
P0,202b5339353057bc,"{""policy"":""P0"",""fixed_p"":13,""uniform_ef_search"":64,""ef_min"":8,""ef_max"":512}",1000,0.99,0.9,13.0,13.0,16373.542,18932.85,1707.882,2030.0,2172.1,892.445,88.0,4725.654
P0,16a13219ba1b7bef,"{""policy"":""P0"",""fixed_p"":13,""uniform_ef_search"":128,""ef_min"":8,""ef_max"":512}",1000,0.9963,1.0,13.0,13.0,28264.07,32774.0,2915.914,3450.1499999999996,3641.06,1717.378,146.0,7795.768
P0,d0dfc66d822300a3,"{""policy"":""P0"",""fixed_p"":13,""uniform_ef_search"":256,""ef_min"":8,""ef_max"":512}",1000,0.9981,1.0,13.0,13.0,47933.433,55299.1,4899.186,5778.349999999999,6095.11,3377.938,269.0,13311.474
P0,b713df29fea4f384,"{""policy"":""P0"",""fixed_p"":13,""uniform_ef_search"":512,""ef_min"":8,""ef_max"":512}",1000,0.9985,1.0,13.0,13.0,78549.497,89733.55,8055.417,9441.5,9981.5,6704.3,524.0,23003.049
P0,56efd4cfe538fd17,"{""policy"":""P0"",""fixed_p"":14,""uniform_ef_search"":8,""ef_min"":8,""ef_max"":512}",1000,0.8502000000000001,0.5,14.0,14.0,4824.968,5517.349999999999,525.979,665.05,754.1699999999998,233.764,32.0,1978.819
P0,be6137e7432e5bfe,"{""policy"":""P0"",""fixed_p"":14,""uniform_ef_search"":16,""ef_min"":8,""ef_max"":512}",1000,0.9092,0.7,14.0,14.0,6404.09,7275.05,668.454,829.1499999999999,923.0699999999999,315.613,41.049999999999955,2352.33
P0,10ecae6e42b62b02,"{""policy"":""P0"",""fixed_p"":14,""uniform_ef_search"":32,""ef_min"":8,""ef_max"":512}",1000,0.9667,0.8,14.0,14.0,10295.692,11745.949999999999,1024.473,1216.05,1360.02,529.929,60.0,3282.091
P0,021d26e222c8adf7,"{""policy"":""P0"",""fixed_p"":14,""uniform_ef_search"":64,""ef_min"":8,""ef_max"":512}",1000,0.99,0.9,14.0,14.0,17485.096,20026.05,1712.443,2030.0,2172.1,965.756,89.0,5056.678
P0,2af95bfe6370ac06,"{""policy"":""P0"",""fixed_p"":14,""uniform_ef_search"":128,""ef_min"":8,""ef_max"":512}",1000,0.9963,1.0,14.0,14.0,30197.692,34740.65,2921.59,3450.1499999999996,3641.06,1853.574,146.0,8345.365
P0,cccbbf92458e1aa8,"{""policy"":""P0"",""fixed_p"":14,""uniform_ef_search"":256,""ef_min"":8,""ef_max"":512}",1000,0.9981,1.0,14.0,14.0,51267.207,58486.99999999999,4904.913,5778.349999999999,6095.11,3641.506,270.0,14255.076
P0,854b07d1cd243888,"{""policy"":""P0"",""fixed_p"":14,""uniform_ef_search"":512,""ef_min"":8,""ef_max"":512}",1000,0.9985,1.0,14.0,14.0,84067.904,95324.3,8060.913,9441.5,9981.5,7223.63,524.0,24650.238
P0,ebd1496f174824b0,"{""policy"":""P0"",""fixed_p"":15,""uniform_ef_search"":8,""ef_min"":8,""ef_max"":512}",1000,0.8502000000000001,0.5,15.0,15.0,5168.107,5869.299999999999,530.534,666.05,771.06,254.582,32.0,2117.098
P0,0231ffa2202c4f99,"{""policy"":""P0"",""fixed_p"":15,""uniform_ef_search"":16,""ef_min"":8,""ef_max"":512}",1000,0.9092,0.7,15.0,15.0,6841.015,7710.699999999999,671.919,832.0999999999999,923.0699999999999,342.315,42.0,2514.219
P0,6678402b2146df97,"{""policy"":""P0"",""fixed_p"":15,""uniform_ef_search"":32,""ef_min"":8,""ef_max"":512}",1000,0.9667,0.8,15.0,15.0,10971.334,12414.35,1027.905,1216.05,1360.02,572.123,60.0,3502.38
P0,1ce9ee69050d717f,"{""policy"":""P0"",""fixed_p"":15,""uniform_ef_search"":64,""ef_min"":8,""ef_max"":512}",1000,0.99,0.9,15.0,15.0,18615.026,21131.1,1715.702,2030.0,2172.1,1038.801,90.0,5391.939
P0,c038b406ab76948b,"{""policy"":""P0"",""fixed_p"":15,""uniform_ef_search"":128,""ef_min"":8,""ef_max"":512}",1000,0.9963,1.0,15.0,15.0,32157.457,36662.7,2924.509,3450.1499999999996,3641.06,1989.599,146.0,8903.293
P0,ee24b6093ec97a47,"{""policy"":""P0"",""fixed_p"":15,""uniform_ef_search"":256,""ef_min"":8,""ef_max"":512}",1000,0.9981,1.0,15.0,15.0,54609.061,62032.299999999996,4908.927,5778.349999999999,6095.11,3905.082,270.0,15200.484
P0,fdf95a1f050aed25,"{""policy"":""P0"",""fixed_p"":15,""uniform_ef_search"":512,""ef_min"":8,""ef_max"":512}",1000,0.9985,1.0,15.0,15.0,89552.4,100864.2,8063.089,9441.5,9981.5,7742.942,524.0,26312.999
P0,f45741785f1b873a,"{""policy"":""P0"",""fixed_p"":16,""uniform_ef_search"":8,""ef_min"":8,""ef_max"":512}",1000,0.8503,0.5,16.0,16.0,5508.403,6244.5,535.762,667.05,771.06,275.635,33.0,2253.462
P0,5c4520f0f982bd82,"{""policy"":""P0"",""fixed_p"":16,""uniform_ef_search"":16,""ef_min"":8,""ef_max"":512}",1000,0.9093,0.7,16.0,16.0,7278.608,8162.45,676.924,834.05,925.05,369.577,42.0,2676.127
P0,b2a49b2608c27912,"{""policy"":""P0"",""fixed_p"":16,""uniform_ef_search"":32,""ef_min"":8,""ef_max"":512}",1000,0.9668,0.8,16.0,16.0,11638.06,13039.65,1031.528,1216.05,1360.02,614.579,60.0,3723.923
P0,695e7dca4db6f39f,"{""policy"":""P0"",""fixed_p"":16,""uniform_ef_search"":64,""ef_min"":8,""ef_max"":512}",1000,0.9901,0.9,16.0,16.0,19732.374,22145.2,1719.612,2030.0,2172.1,1112.118,90.0,5726.409
P0,07e69847718ea3af,"{""policy"":""P0"",""fixed_p"":16,""uniform_ef_search"":128,""ef_min"":8,""ef_max"":512}",1000,0.9964,1.0,16.0,16.0,34098.943,38451.75,2927.038,3450.1499999999996,3641.06,2125.816,147.0,9456.728
P0,875dbdbe2e5e3e8a,"{""policy"":""P0"",""fixed_p"":16,""uniform_ef_search"":256,""ef_min"":8,""ef_max"":512}",1000,0.9982000000000001,1.0,16.0,16.0,57947.403,65202.399999999994,4910.797,5778.349999999999,6095.11,4168.79,270.0,16153.402
P0,39e435cfae90771d,"{""policy"":""P0"",""fixed_p"":16,""uniform_ef_search"":512,""ef_min"":8,""ef_max"":512}",1000,0.9986,1.0,16.0,16.0,95074.477,106614.65,8063.807,9441.5,9981.5,8262.392,525.0,27982.033
P0,3b77148a0aa4ff7e,"{""policy"":""P0"",""fixed_p"":17,""uniform_ef_search"":8,""ef_min"":8,""ef_max"":512}",1000,0.8503999999999999,0.5,17.0,17.0,5842.162,6588.999999999999,539.023,671.05,771.06,296.359,34.0,2388.687
P0,cccda049de6d62ab,"{""policy"":""P0"",""fixed_p"":17,""uniform_ef_search"":16,""ef_min"":8,""ef_max"":512}",1000,0.9094,0.7,17.0,17.0,7706.23,8640.65,680.281,835.05,925.05,396.371,42.0,2834.993
P0,ee14ad4c269252a6,"{""policy"":""P0"",""fixed_p"":17,""uniform_ef_search"":32,""ef_min"":8,""ef_max"":512}",1000,0.967,0.8,17.0,17.0,12299.885,13705.3,1034.597,1216.05,1360.02,656.768,61.0,3940.701
P0,fac69639494999c2,"{""policy"":""P0"",""fixed_p"":17,""uniform_ef_search"":64,""ef_min"":8,""ef_max"":512}",1000,0.9903,0.9,17.0,17.0,20846.685,23285.6,1723.56,2030.0,2172.1,1185.07,90.0,6060.92
P0,a74d47b3ef10ef68,"{""policy"":""P0"",""fixed_p"":17,""uniform_ef_search"":128,""ef_min"":8,""ef_max"":512}",1000,0.9966,1.0,17.0,17.0,36048.584,40490.75,2932.084,3450.1499999999996,3641.06,2261.881,147.0,10010.825
P0,479f60b7dcb58041,"{""policy"":""P0"",""fixed_p"":17,""uniform_ef_search"":256,""ef_min"":8,""ef_max"":512}",1000,0.9984,1.0,17.0,17.0,61318.519,68812.0,4918.084,5778.349999999999,6095.11,4432.312,270.04999999999995,17109.471
P0,1877e39657699e9a,"{""policy"":""P0"",""fixed_p"":17,""uniform_ef_search"":512,""ef_min"":8,""ef_max"":512}",1000,0.9987999999999999,1.0,17.0,17.0,100669.373,112510.5,8070.501,9441.5,9981.5,8781.611,525.0,29651.567
P0,5c91ae601fbd21e8,"{""policy"":""P0"",""fixed_p"":18,""uniform_ef_search"":8,""ef_min"":8,""ef_max"":512}",1000,0.8505,0.5,18.0,18.0,6177.769,6935.2,542.601,673.0,777.01,316.933,34.0,2524.798
P0,2e0de647fcc4e905,"{""policy"":""P0"",""fixed_p"":18,""uniform_ef_search"":16,""ef_min"":8,""ef_max"":512}",1000,0.9095,0.7,18.0,18.0,8138.086,9102.3,684.109,844.0999999999999,928.02,423.048,42.0,2996.229
P0,168d317f287c9a8b,"{""policy"":""P0"",""fixed_p"":18,""uniform_ef_search"":32,""ef_min"":8,""ef_max"":512}",1000,0.9671000000000001,0.8,18.0,18.0,12963.747,14388.05,1038.397,1224.0,1360.02,698.908,61.0,4160.015
P0,67f489dacd9dfe1c,"{""policy"":""P0"",""fixed_p"":18,""uniform_ef_search"":64,""ef_min"":8,""ef_max"":512}",1000,0.9904,0.9,18.0,18.0,21957.52,24510.0,1728.713,2030.05,2172.1,1258.208,91.0,6396.546
P0,58b2268d97799553,"{""policy"":""P0"",""fixed_p"":18,""uniform_ef_search"":128,""ef_min"":8,""ef_max"":512}",1000,0.9967,1.0,18.0,18.0,37985.639,42533.15,2939.175,3450.1499999999996,3641.06,2398.146,148.0,10564.961
P0,8b9ec099455cb84b,"{""policy"":""P0"",""fixed_p"":18,""uniform_ef_search"":256,""ef_min"":8,""ef_max"":512}",1000,0.9985,1.0,18.0,18.0,64681.613,72290.9,4929.637,5778.349999999999,6095.11,4695.983,271.0,18073.318
P0,40f1a3d624923ead,"{""policy"":""P0"",""fixed_p"":18,""uniform_ef_search"":512,""ef_min"":8,""ef_max"":512}",1000,0.9989,1.0,18.0,18.0,106287.201,118232.7,8082.09,9441.5,9981.5,9300.994,525.0,31349.285
P0,54a77702b8b83a15,"{""policy"":""P0"",""fixed_p"":19,""uniform_ef_search"":8,""ef_min"":8,""ef_max"":512}",1000,0.8505,0.5,19.0,19.0,6522.105,7356.799999999999,547.425,676.05,777.01,337.336,34.0,2664.468
P0,c648445ef31bb9fb,"{""policy"":""P0"",""fixed_p"":19,""uniform_ef_search"":16,""ef_min"":8,""ef_max"":512}",1000,0.9095,0.7,19.0,19.0,8581.131,9611.35,689.312,849.05,928.02,449.585,43.0,3160.267
P0,c65736e032e8bd39,"{""policy"":""P0"",""fixed_p"":19,""uniform_ef_search"":32,""ef_min"":8,""ef_max"":512}",1000,0.9671000000000001,0.8,19.0,19.0,13647.663,15133.55,1043.928,1226.1,1360.02,741.159,62.0,4388.138
P0,b67dab3ce57a743a,"{""policy"":""P0"",""fixed_p"":19,""uniform_ef_search"":64,""ef_min"":8,""ef_max"":512}",1000,0.9904,0.9,19.0,19.0,23094.303,25649.399999999998,1735.043,2030.05,2172.1,1331.364,92.0,6740.911
P0,56bce9a3b480b116,"{""policy"":""P0"",""fixed_p"":19,""uniform_ef_search"":128,""ef_min"":8,""ef_max"":512}",1000,0.9967,1.0,19.0,19.0,39969.884,44535.0,2946.809,3450.1499999999996,3641.06,2534.435,149.0,11134.113
P0,9c7070b80d99b0b3,"{""policy"":""P0"",""fixed_p"":19,""uniform_ef_search"":256,""ef_min"":8,""ef_max"":512}",1000,0.9985,1.0,19.0,19.0,68115.249,75637.55,4938.458,5778.349999999999,6095.11,4959.728,271.0,19056.69
P0,3d7229d3cef34bf7,"{""policy"":""P0"",""fixed_p"":19,""uniform_ef_search"":512,""ef_min"":8,""ef_max"":512}",1000,0.9989,1.0,19.0,19.0,111997.586,123957.65,8090.046,9441.5,9981.5,9820.455,525.0,33064.634
P0,585236890a3db7e5,"{""policy"":""P0"",""fixed_p"":20,""uniform_ef_search"":8,""ef_min"":8,""ef_max"":512}",1000,0.8505,0.5,20.0,20.0,6865.938,7692.4,551.142,677.0999999999999,778.04,357.94,34.0,2802.689
P0,2ce9f5d764bfdf17,"{""policy"":""P0"",""fixed_p"":20,""uniform_ef_search"":16,""ef_min"":8,""ef_max"":512}",1000,0.9095,0.7,20.0,20.0,9022.844,10053.1,693.672,850.0,928.02,476.295,43.0,3322.849
P0,957b91a08b8011c8,"{""policy"":""P0"",""fixed_p"":20,""uniform_ef_search"":32,""ef_min"":8,""ef_max"":512}",1000,0.9671000000000001,0.8,20.0,20.0,14330.351,15833.849999999999,1048.785,1231.1499999999999,1362.01,783.632,63.0,4615.15
P0,7a99c67ded53ba98,"{""policy"":""P0"",""fixed_p"":20,""uniform_ef_search"":64,""ef_min"":8,""ef_max"":512}",1000,0.9904,0.9,20.0,20.0,24234.187,26802.75,1741.393,2036.1,2182.14,1404.628,92.0,7082.904
P0,77d2f5c31cffe119,"{""policy"":""P0"",""fixed_p"":20,""uniform_ef_search"":128,""ef_min"":8,""ef_max"":512}",1000,0.9967,1.0,20.0,20.0,41980.076,46382.35,2954.771,3453.3999999999996,3641.06,2670.749,149.0,11703.048
P0,a76ae9cb077ede79,"{""policy"":""P0"",""fixed_p"":20,""uniform_ef_search"":256,""ef_min"":8,""ef_max"":512}",1000,0.9985,1.0,20.0,20.0,71624.116,79087.5,4948.761,5785.299999999999,6095.11,5223.565,272.0,20049.949
P0,6e8b5e7a2686cfb0,"{""policy"":""P0"",""fixed_p"":20,""uniform_ef_search"":512,""ef_min"":8,""ef_max"":512}",1000,0.9989,1.0,20.0,20.0,117879.069,129937.2,8107.19,9441.5,9981.5,10339.998,525.0,34814.472
P0,069a3019e027e3cf,"{""policy"":""P0"",""fixed_p"":21,""uniform_ef_search"":8,""ef_min"":8,""ef_max"":512}",1000,0.8505,0.5,21.0,21.0,7222.71,8082.15,555.258,683.05,798.0799999999999,378.418,34.0,2942.259
P0,198bc41565013419,"{""policy"":""P0"",""fixed_p"":21,""uniform_ef_search"":16,""ef_min"":8,""ef_max"":512}",1000,0.9095,0.7,21.0,21.0,9481.69,10591.4,697.22,852.0,930.01,502.826,43.0,3488.026
P0,9a3443bf62a94e1e,"{""policy"":""P0"",""fixed_p"":21,""uniform_ef_search"":32,""ef_min"":8,""ef_max"":512}",1000,0.9671000000000001,0.8,21.0,21.0,15033.97,16653.2,1053.752,1234.1499999999999,1362.01,825.505,63.0,4842.339
P0,591dcf6f42135cac,"{""policy"":""P0"",""fixed_p"":21,""uniform_ef_search"":64,""ef_min"":8,""ef_max"":512}",1000,0.9904,0.9,21.0,21.0,25413.346,28103.8,1749.117,2040.2499999999998,2182.14,1477.688,92.0,7427.733
P0,dfd2085a5116ac6d,"{""policy"":""P0"",""fixed_p"":21,""uniform_ef_search"":128,""ef_min"":8,""ef_max"":512}",1000,0.9967,1.0,21.0,21.0,44051.627,48445.899999999994,2966.342,3465.05,3641.06,2806.949,149.0,12277.579
P0,3e472378d50828ef,"{""policy"":""P0"",""fixed_p"":21,""uniform_ef_search"":256,""ef_min"":8,""ef_max"":512}",1000,0.9985,1.0,21.0,21.0,75226.555,82856.5,4966.696,5800.0,6095.11,5487.356,272.0,21055.483
P0,028cf00f924a4534,"{""policy"":""P0"",""fixed_p"":21,""uniform_ef_search"":512,""ef_min"":8,""ef_max"":512}",1000,0.9989,1.0,21.0,21.0,123900.97,136351.85,8133.144,9451.3,9981.5,10859.489,525.0,36589.99
P0,d1ad4e3977a53dd7,"{""policy"":""P0"",""fixed_p"":22,""uniform_ef_search"":8,""ef_min"":8,""ef_max"":512}",1000,0.8505,0.5,22.0,22.0,7596.937,8489.4,559.783,686.05,798.0799999999999,399.26,34.0,3084.952
P0,725beac317aa804b,"{""policy"":""P0"",""fixed_p"":22,""uniform_ef_search"":16,""ef_min"":8,""ef_max"":512}",1000,0.9095,0.7,22.0,22.0,9963.61,11097.15,703.556,858.0,938.0,529.623,43.0,3658.337
P0,e660eb1456aa43f0,"{""policy"":""P0"",""fixed_p"":22,""uniform_ef_search"":32,""ef_min"":8,""ef_max"":512}",1000,0.9671000000000001,0.8,22.0,22.0,15777.634,17389.2,1060.324,1246.05,1368.02,867.674,63.0,5079.315
P0,5c7561520e4c8c41,"{""policy"":""P0"",""fixed_p"":22,""uniform_ef_search"":64,""ef_min"":8,""ef_max"":512}",1000,0.9904,0.9,22.0,22.0,26647.517,29306.35,1755.194,2045.0,2182.14,1550.863,93.0,7793.207
P0,a07a0650329b6b18,"{""policy"":""P0"",""fixed_p"":22,""uniform_ef_search"":128,""ef_min"":8,""ef_max"":512}",1000,0.9967,1.0,22.0,22.0,46199.856,50733.6,2973.578,3465.05,3641.06,2943.338,150.0,12877.173
P0,5668ef4db3f5fe40,"{""policy"":""P0"",""fixed_p"":22,""uniform_ef_search"":256,""ef_min"":8,""ef_max"":512}",1000,0.9985,1.0,22.0,22.0,78939.963,86546.4,4978.947,5800.1,6095.11,5751.236,272.0,22099.683
P0,82fd594ce36ed17d,"{""policy"":""P0"",""fixed_p"":22,""uniform_ef_search"":512,""ef_min"":8,""ef_max"":512}",1000,0.9989,1.0,22.0,22.0,130092.489,142260.6,8157.209,9461.05,9981.5,11379.162,525.0,38417.437
P0,1eefd11e1198bc0d,"{""policy"":""P0"",""fixed_p"":23,""uniform_ef_search"":8,""ef_min"":8,""ef_max"":512}",1000,0.8505,0.5,23.0,23.0,7949.611,8796.699999999999,562.352,687.05,798.0799999999999,420.285,34.0,3231.441
P0,f965526ede75689f,"{""policy"":""P0"",""fixed_p"":23,""uniform_ef_search"":16,""ef_min"":8,""ef_max"":512}",1000,0.9095,0.7,23.0,23.0,10416.112,11507.05,706.842,858.0999999999999,938.0,556.836,44.0,3829.635
P0,8f9ef6fe126f35ee,"{""policy"":""P0"",""fixed_p"":23,""uniform_ef_search"":32,""ef_min"":8,""ef_max"":512}",1000,0.9671000000000001,0.8,23.0,23.0,16474.056,18088.35,1063.365,1252.0,1368.02,910.561,63.0,5316.052
P0,88e1d933ddc7d9ca,"{""policy"":""P0"",""fixed_p"":23,""uniform_ef_search"":64,""ef_min"":8,""ef_max"":512}",1000,0.9904,0.9,23.0,23.0,27812.292,30504.8,1759.027,2045.0,2182.14,1624.747,93.04999999999995,8156.822
P0,cac2331ba156d2c7,"{""policy"":""P0"",""fixed_p"":23,""uniform_ef_search"":128,""ef_min"":8,""ef_max"":512}",1000,0.9967,1.0,23.0,23.0,48254.668,52893.3,2979.039,3465.05,3641.06,3080.075,150.0,13477.666
P0,6045e36ca67ca6a6,"{""policy"":""P0"",""fixed_p"":23,""uniform_ef_search"":256,""ef_min"":8,""ef_max"":512}",1000,0.9985,1.0,23.0,23.0,82609.58,90245.55,4991.045,5800.1,6095.11,6015.216,272.04999999999995,23173.561
P0,02363331846410ed,"{""policy"":""P0"",""fixed_p"":23,""uniform_ef_search"":512,""ef_min"":8,""ef_max"":512}",1000,0.9989,1.0,23.0,23.0,136475.653,148682.0,8183.601,9461.05,9981.5,11898.799,526.0,40360.429
P0,a55431e6c8df2783,"{""policy"":""P0"",""fixed_p"":24,""uniform_ef_search"":8,""ef_min"":8,""ef_max"":512}",1000,0.8505,0.5,24.0,24.0,8296.819,9170.15,565.215,689.05,801.05,441.433,34.0,3376.849
P0,ad8e393aa2dd476e,"{""policy"":""P0"",""fixed_p"":24,""uniform_ef_search"":16,""ef_min"":8,""ef_max"":512}",1000,0.9095,0.7,24.0,24.0,10858.633,11988.1,709.806,858.0999999999999,938.0,584.39,44.0,4001.931
P0,42f68ccca877a910,"{""policy"":""P0"",""fixed_p"":24,""uniform_ef_search"":32,""ef_min"":8,""ef_max"":512}",1000,0.9671000000000001,0.8,24.0,24.0,17140.85,18763.6,1065.667,1252.05,1370.02,953.663,64.0,5548.735
P0,1a7fd808ca063ea9,"{""policy"":""P0"",""fixed_p"":24,""uniform_ef_search"":64,""ef_min"":8,""ef_max"":512}",1000,0.9904,0.9,24.0,24.0,28916.138,31652.1,1760.488,2045.0,2182.14,1698.539,94.0,8507.72
P0,12e5631dc486964a,"{""policy"":""P0"",""fixed_p"":24,""uniform_ef_search"":128,""ef_min"":8,""ef_max"":512}",1000,0.9967,1.0,24.0,24.0,50230.513,54726.55,2982.077,3465.05,3641.06,3216.26,151.0,14066.357
P0,8b3c861b241e563c,"{""policy"":""P0"",""fixed_p"":24,""uniform_ef_search"":256,""ef_min"":8,""ef_max"":512}",1000,0.9985,1.0,24.0,24.0,86195.606,93846.1,4997.046,5800.1,6095.11,6278.659,272.04999999999995,24232.675
P0,a25477604dc89283,"{""policy"":""P0"",""fixed_p"":24,""uniform_ef_search"":512,""ef_min"":8,""ef_max"":512}",1000,0.9989,1.0,24.0,24.0,142797.916,155406.69999999998,8199.184,9461.05,9981.5,12417.89,526.0,42300.077
P0,f18fa6c6bb3414d2,"{""policy"":""P0"",""fixed_p"":25,""uniform_ef_search"":8,""ef_min"":8,""ef_max"":512}",1000,0.8506,0.5,25.0,25.0,8626.017,9517.3,566.994,689.05,801.05,462.263,35.0,3509.477
P0,45a2a17c37835a91,"{""policy"":""P0"",""fixed_p"":25,""uniform_ef_search"":16,""ef_min"":8,""ef_max"":512}",1000,0.9096000000000001,0.7,25.0,25.0,11278.55,12466.0,711.94,862.05,938.0,611.386,44.0,4155.973
P0,6a622404fe87aedf,"{""policy"":""P0"",""fixed_p"":25,""uniform_ef_search"":32,""ef_min"":8,""ef_max"":512}",1000,0.9672000000000001,0.8,25.0,25.0,17785.593,19461.399999999998,1067.938,1252.05,1370.02,996.131,64.0,5759.954
P0,0ba88850b5f0ea3f,"{""policy"":""P0"",""fixed_p"":25,""uniform_ef_search"":64,""ef_min"":8,""ef_max"":512}",1000,0.9905,0.9,25.0,25.0,30004.903,32757.4,1763.288,2045.0,2182.14,1771.806,94.0,8829.491
P0,2a5d160dce12ed29,"{""policy"":""P0"",""fixed_p"":25,""uniform_ef_search"":128,""ef_min"":8,""ef_max"":512}",1000,0.9967999999999999,1.0,25.0,25.0,52166.186,56655.85,2985.732,3465.05,3641.06,3352.403,151.0,14605.5
P0,ce627ca8ae14e4d6,"{""policy"":""P0"",""fixed_p"":25,""uniform_ef_search"":256,""ef_min"":8,""ef_max"":512}",1000,0.9986,1.0,25.0,25.0,89634.542,97327.9,5003.576,5800.1,6095.11,6542.123,273.0,25191.674
P0,2f690094249374e2,"{""policy"":""P0"",""fixed_p"":25,""uniform_ef_search"":512,""ef_min"":8,""ef_max"":512}",1000,0.999,1.0,25.0,25.0,148710.708,161420.65,8213.609,9461.05,9981.5,12936.887,526.0,44014.47
P0,25b45534f5b566a2,"{""policy"":""P0"",""fixed_p"":26,""uniform_ef_search"":8,""ef_min"":8,""ef_max"":512}",1000,0.8506,0.5,26.0,26.0,8935.067,9889.3,569.035,691.05,801.05,482.255,35.0,3633.337
P0,e8ae41d1a99bcd72,"{""policy"":""P0"",""fixed_p"":26,""uniform_ef_search"":16,""ef_min"":8,""ef_max"":512}",1000,0.9096000000000001,0.7,26.0,26.0,11683.023,12899.05,714.29,870.0999999999999,938.0,637.567,44.0,4304.641
P0,b1c0a5797acbbf3c,"{""policy"":""P0"",""fixed_p"":26,""uniform_ef_search"":32,""ef_min"":8,""ef_max"":512}",1000,0.9672000000000001,0.8,26.0,26.0,18426.889,20178.2,1069.502,1252.05,1370.02,1037.697,64.0,5965.104
P0,2f08fc4a97a82d64,"{""policy"":""P0"",""fixed_p"":26,""uniform_ef_search"":64,""ef_min"":8,""ef_max"":512}",1000,0.9905,0.9,26.0,26.0,31106.658,33877.4,1764.852,2045.0,2182.14,1844.367,94.0,9148.379
P0,359b91762e8b2613,"{""policy"":""P0"",""fixed_p"":26,""uniform_ef_search"":128,""ef_min"":8,""ef_max"":512}",1000,0.9967999999999999,1.0,26.0,26.0,54118.489,58692.3,2988.101,3465.05,3641.06,3488.109,151.0,15141.371
P0,f72eac1bd4cb774d,"{""policy"":""P0"",""fixed_p"":26,""uniform_ef_search"":256,""ef_min"":8,""ef_max"":512}",1000,0.9986,1.0,26.0,26.0,93027.091,100867.3,5009.75,5800.1,6095.11,6805.315,273.0,26122.539
P0,b6dbfaabd3dfe60d,"{""policy"":""P0"",""fixed_p"":26,""uniform_ef_search"":512,""ef_min"":8,""ef_max"":512}",1000,0.999,1.0,26.0,26.0,154357.849,166863.9,8225.765,9461.05,9981.5,13455.846,526.0,45643.865
P0,37038f999f834819,"{""policy"":""P0"",""fixed_p"":27,""uniform_ef_search"":8,""ef_min"":8,""ef_max"":512}",1000,0.8506,0.5,27.0,27.0,9266.849,10332.449999999999,570.516,692.0,801.05,502.74,35.0,3771.795
P0,9c6ceb5fcbd77216,"{""policy"":""P0"",""fixed_p"":27,""uniform_ef_search"":16,""ef_min"":8,""ef_max"":512}",1000,0.9096000000000001,0.7,27.0,27.0,12114.905,13427.1,716.126,870.0999999999999,938.0,664.107,44.0,4467.628
P0,77743248438cbdb6,"{""policy"":""P0"",""fixed_p"":27,""uniform_ef_search"":32,""ef_min"":8,""ef_max"":512}",1000,0.9672000000000001,0.8,27.0,27.0,19114.528,21011.25,1070.557,1252.05,1370.02,1079.705,64.0,6193.492
P0,28d87396dceea9a2,"{""policy"":""P0"",""fixed_p"":27,""uniform_ef_search"":64,""ef_min"":8,""ef_max"":512}",1000,0.9905,0.9,27.0,27.0,32280.871,35208.8,1766.045,2045.0,2182.14,1917.056,94.0,9501.285
P0,9e67d8db3739e9bd,"{""policy"":""P0"",""fixed_p"":27,""uniform_ef_search"":128,""ef_min"":8,""ef_max"":512}",1000,0.9967999999999999,1.0,27.0,27.0,56172.208,60886.05,2989.131,3465.05,3641.06,3623.828,151.0,15726.341
P0,b6e1df5d89dca614,"{""policy"":""P0"",""fixed_p"":27,""uniform_ef_search"":256,""ef_min"":8,""ef_max"":512}",1000,0.9986,1.0,27.0,27.0,96555.426,104627.45,5011.509,5800.1,6095.11,7068.63,273.0,27140.506
P0,80c2b8133d3cf9fb,"{""policy"":""P0"",""fixed_p"":27,""uniform_ef_search"":512,""ef_min"":8,""ef_max"":512}",1000,0.999,1.0,27.0,27.0,160159.449,172789.4,8229.608,9461.05,9981.5,13974.976,526.0,47418.804
P0,40931eac12148d8c,"{""policy"":""P0"",""fixed_p"":28,""uniform_ef_search"":8,""ef_min"":8,""ef_max"":512}",1000,0.8507,0.5,28.0,28.0,9617.061,10710.3,572.513,692.05,801.05,523.432,35.0,3914.103
P0,88fb58d964f0acb1,"{""policy"":""P0"",""fixed_p"":28,""uniform_ef_search"":16,""ef_min"":8,""ef_max"":512}",1000,0.9097000000000001,0.7,28.0,28.0,12564.148,13933.15,717.509,870.0999999999999,938.0,690.663,44.049999999999955,4636.331
P0,cbd4f04f15d26437,"{""policy"":""P0"",""fixed_p"":28,""uniform_ef_search"":32,""ef_min"":8,""ef_max"":512}",1000,0.9672999999999999,0.8,28.0,28.0,19814.176,21821.55,1071.904,1253.05,1370.02,1121.544,64.0,6424.861
P0,8bee39b2a3636f15,"{""policy"":""P0"",""fixed_p"":28,""uniform_ef_search"":64,""ef_min"":8,""ef_max"":512}",1000,0.9906,0.9,28.0,28.0,33437.156,36589.4,1766.501,2045.0,2182.14,1989.976,94.0,9853.908
P0,8eca880e34c4a62f,"{""policy"":""P0"",""fixed_p"":28,""uniform_ef_search"":128,""ef_min"":8,""ef_max"":512}",1000,0.9969,1.0,28.0,28.0,58125.729,63268.8,2989.577,3465.05,3641.06,3759.791,151.0,16299.34
P0,55a64ed2839b8b52,"{""policy"":""P0"",""fixed_p"":28,""uniform_ef_search"":256,""ef_min"":8,""ef_max"":512}",1000,0.9987,1.0,28.0,28.0,99819.652,108278.3,5012.141,5800.1,6095.11,7332.205,273.0,28110.823
P0,e109a4f902ac1c40,"{""policy"":""P0"",""fixed_p"":28,""uniform_ef_search"":512,""ef_min"":8,""ef_max"":512}",1000,0.9991,1.0,28.0,28.0,165456.565,178637.9,8230.56,9461.05,9981.5,14494.297,526.0,49097.883
P0,c9b35fa42f4a1cc1,"{""policy"":""P0"",""fixed_p"":29,""uniform_ef_search"":8,""ef_min"":8,""ef_max"":512}",1000,0.8508,0.5,29.0,29.0,9949.086,11109.35,573.528,693.1499999999999,801.05,544.063,35.0,4042.833
P0,4387555578b4e14d,"{""policy"":""P0"",""fixed_p"":29,""uniform_ef_search"":16,""ef_min"":8,""ef_max"":512}",1000,0.9097999999999999,0.7,29.0,29.0,12991.766,14444.0,718.464,872.0,938.0,717.472,44.049999999999955,4787.932
P0,30523d39fdacffaf,"{""policy"":""P0"",""fixed_p"":29,""uniform_ef_search"":32,""ef_min"":8,""ef_max"":512}",1000,0.9673999999999999,0.8,29.0,29.0,20472.124,22641.05,1072.518,1253.05,1370.02,1164.004,64.0,6633.138
P0,da962151f5e8efa0,"{""policy"":""P0"",""fixed_p"":29,""uniform_ef_search"":64,""ef_min"":8,""ef_max"":512}",1000,0.9907,0.9,29.0,29.0,34521.232,37918.6,1766.855,2045.0,2182.14,2063.342,95.0,10166.825
P0,d2203857f5580dbe,"{""policy"":""P0"",""fixed_p"":29,""uniform_ef_search"":128,""ef_min"":8,""ef_max"":512}",1000,0.997,1.0,29.0,29.0,59971.946,65464.799999999996,2989.972,3465.05,3641.06,3896.109,152.0,16806.114
P0,0c9a06b3b717f39a,"{""policy"":""P0"",""fixed_p"":29,""uniform_ef_search"":256,""ef_min"":8,""ef_max"":512}",1000,0.9987999999999999,1.0,29.0,29.0,102944.8,111705.65,5012.352,5800.1,6095.11,7595.811,273.0,28977.258
P0,e3665bdec45d6345,"{""policy"":""P0"",""fixed_p"":29,""uniform_ef_search"":512,""ef_min"":8,""ef_max"":512}",1000,0.9992000000000001,1.0,29.0,29.0,170615.03,184187.85,8230.697,9461.05,9981.5,15013.74,526.0,50604.711
P0,caa0d6503eff140b,"{""policy"":""P0"",""fixed_p"":30,""uniform_ef_search"":8,""ef_min"":8,""ef_max"":512}",1000,0.851,0.5,30.0,30.0,10335.667,11448.1,579.812,699.0,806.1199999999999,564.858,35.0,4191.593
P0,238ef1f15a6412dd,"{""policy"":""P0"",""fixed_p"":30,""uniform_ef_search"":16,""ef_min"":8,""ef_max"":512}",1000,0.91,0.7,30.0,30.0,13493.19,14892.349999999999,726.217,874.0,947.02,744.172,44.049999999999955,4961.506
P0,29109f1afa609ffd,"{""policy"":""P0"",""fixed_p"":30,""uniform_ef_search"":32,""ef_min"":8,""ef_max"":512}",1000,0.9675,0.8,30.0,30.0,21256.395,23331.55,1084.059,1277.0,1372.01,1206.124,64.0,6876.994
P0,fcd09198195b9016,"{""policy"":""P0"",""fixed_p"":30,""uniform_ef_search"":64,""ef_min"":8,""ef_max"":512}",1000,0.9907999999999999,0.9,30.0,30.0,35829.242,39091.3,1777.719,2054.05,2182.14,2136.733,95.0,10543.78
P0,1bf2a0fbbeb20bad,"{""policy"":""P0"",""fixed_p"":30,""uniform_ef_search"":128,""ef_min"":8,""ef_max"":512}",1000,0.9971,1.0,30.0,30.0,62199.302,67427.25,3002.75,3467.0,3641.06,4032.64,152.0,17427.594
P0,85716eb17461dd5a,"{""policy"":""P0"",""fixed_p"":30,""uniform_ef_search"":256,""ef_min"":8,""ef_max"":512}",1000,0.9989,1.0,30.0,30.0,106680.982,115468.6,5023.778,5800.1,6095.11,7859.838,273.0,30029.479
P0,addf468e8be01232,"{""policy"":""P0"",""fixed_p"":30,""uniform_ef_search"":512,""ef_min"":8,""ef_max"":512}",1000,0.9993,1.0,30.0,30.0,176674.651,189983.55,8238.821,9461.05,9981.5,15533.529,526.0,52416.486
P0,88e2ee447147a69b,"{""policy"":""P0"",""fixed_p"":31,""uniform_ef_search"":8,""ef_min"":8,""ef_max"":512}",1000,0.851,0.5,31.0,31.0,10656.735,11797.05,580.864,699.0,806.1199999999999,585.41,35.0,4331.041
P0,bf4510e2633dc1f1,"{""policy"":""P0"",""fixed_p"":31,""uniform_ef_search"":16,""ef_min"":8,""ef_max"":512}",1000,0.91,0.7,31.0,31.0,13913.43,15355.8,727.109,874.0,947.02,770.955,45.0,5128.197
P0,9d6acf260171a545,"{""policy"":""P0"",""fixed_p"":31,""uniform_ef_search"":32,""ef_min"":8,""ef_max"":512}",1000,0.9675,0.8,31.0,31.0,21915.534,24070.5,1084.313,1277.1499999999999,1372.01,1248.603,64.0,7106.077
P0,8a1454de0ab50c35,"{""policy"":""P0"",""fixed_p"":31,""uniform_ef_search"":64,""ef_min"":8,""ef_max"":512}",1000,0.9907999999999999,0.9,31.0,31.0,36948.123,40155.7,1777.749,2054.05,2182.14,2210.17,95.0,10895.099
P0,b21a4c43430fc020,"{""policy"":""P0"",""fixed_p"":31,""uniform_ef_search"":128,""ef_min"":8,""ef_max"":512}",1000,0.9971,1.0,31.0,31.0,64189.504,69509.25,3003.06,3467.0,3641.06,4168.836,152.0,18017.215
P0,def058bcd7c4a27e,"{""policy"":""P0"",""fixed_p"":31,""uniform_ef_search"":256,""ef_min"":8,""ef_max"":512}",1000,0.9989,1.0,31.0,31.0,110228.654,118764.69999999998,5024.198,5800.1,6095.11,8123.399,273.0,31070.644
P0,051c06bfe0b43b71,"{""policy"":""P0"",""fixed_p"":31,""uniform_ef_search"":512,""ef_min"":8,""ef_max"":512}",1000,0.9993,1.0,31.0,31.0,182789.002,196376.65,8239.333,9461.05,9981.5,16052.771,526.0,54288.442
P0,eef881825f6145f4,"{""policy"":""P0"",""fixed_p"":32,""uniform_ef_search"":8,""ef_min"":8,""ef_max"":512}",1000,0.851,0.5,32.0,32.0,10996.575,12206.05,583.255,700.0,806.1199999999999,605.472,35.0,4473.031
P0,b1fd6ba5d2e77c47,"{""policy"":""P0"",""fixed_p"":32,""uniform_ef_search"":16,""ef_min"":8,""ef_max"":512}",1000,0.91,0.7,32.0,32.0,14356.813,15843.1,730.898,875.05,949.1399999999999,797.106,45.0,5299.627
P0,3c1ad5ea449c99f8,"{""policy"":""P0"",""fixed_p"":32,""uniform_ef_search"":32,""ef_min"":8,""ef_max"":512}",1000,0.9675,0.8,32.0,32.0,22615.51,24802.35,1086.815,1277.1499999999999,1372.01,1290.097,64.04999999999995,7337.83
P0,e5c54770cb879368,"{""policy"":""P0"",""fixed_p"":32,""uniform_ef_search"":64,""ef_min"":8,""ef_max"":512}",1000,0.9909,0.9,32.0,32.0,38154.154,41490.45,1780.548,2055.0,2182.14,2282.749,95.0,11256.944
P0,16955abc72201086,"{""policy"":""P0"",""fixed_p"":32,""uniform_ef_search"":128,""ef_min"":8,""ef_max"":512}",1000,0.9972000000000001,1.0,32.0,32.0,66347.718,71786.2,3005.723,3467.0,3641.06,4304.544,152.0,18627.121
P0,18675ae027d2075c,"{""policy"":""P0"",""fixed_p"":32,""uniform_ef_search"":256,""ef_min"":8,""ef_max"":512}",1000,0.999,1.0,32.0,32.0,114042.77,122810.9,5027.066,5800.1,6095.11,8386.712,273.0,32159.755
P0,ec084e764abe45ce,"{""policy"":""P0"",""fixed_p"":32,""uniform_ef_search"":512,""ef_min"":8,""ef_max"":512}",1000,0.9994,1.0,32.0,32.0,189221.097,203066.75,8242.583,9461.05,9981.5,16571.846,526.0,56220.661
P1,0a54065045ca7bff,"{""policy"":""P1"",""uniform_ef_search"":8,""ef_min"":8,""ef_max"":512}",1000,0.85,0.5,6.207,11.0,2121.433,3810.5999999999995,436.538,588.1499999999999,657.03,74.453,19.0,908.495
P1,cd741f938e433297,"{""policy"":""P1"",""uniform_ef_search"":16,""ef_min"":8,""ef_max"":512}",1000,0.909,0.7,6.207,11.0,2923.225,5276.5,569.025,736.2499999999998,834.0,109.345,25.0,1087.956
P1,b89c88bbdb3386d5,"{""policy"":""P1"",""uniform_ef_search"":32,""ef_min"":8,""ef_max"":512}",1000,0.9665,0.8,6.207,11.0,4914.633,8801.349999999997,909.749,1143.1,1224.1,203.733,39.0,1554.821
P1,e62a2b9c534c1b59,"{""policy"":""P1"",""uniform_ef_search"":64,""ef_min"":8,""ef_max"":512}",1000,0.9897999999999999,0.9,6.207,11.0,8541.412,15469.149999999996,1550.12,1931.05,2054.04,399.302,68.0,2430.696
P1,998f0f85974aac3e,"{""policy"":""P1"",""uniform_ef_search"":128,""ef_min"":8,""ef_max"":512}",1000,0.9961,1.0,6.207,11.0,14724.717,26825.249999999996,2668.041,3320.2,3509.05,795.288,130.0,4010.188
P1,506ed44810159d6b,"{""policy"":""P1"",""uniform_ef_search"":256,""ef_min"":8,""ef_max"":512}",1000,0.9979,1.0,6.207,11.0,24694.71,44916.1,4524.135,5617.05,5939.8099999999995,1589.442,257.0,6784.32
P1,6d28ad1d522389b1,"{""policy"":""P1"",""uniform_ef_search"":512,""ef_min"":8,""ef_max"":512}",1000,0.9983,1.0,6.207,11.0,40015.502,71402.34999999999,7512.172,9388.35,9981.5,3178.381,513.0,11574.024
P2,c96a67cd19ac66f0,"{""policy"":""P2"",""fixed_p"":1,""alpha"":1,""beta"":4,""ef_min"":8,""ef_max"":512}",1000,0.7125,0.2,1.0,1.0,1399.417,2266.3499999999995,1399.417,2266.3499999999995,2539.0,66.13,103.0,445.988
P2,3f7c456270e3625f,"{""policy"":""P2"",""fixed_p"":1,""alpha"":1,""beta"":8,""ef_min"":8,""ef_max"":512}",1000,0.7147,0.2,1.0,1.0,1469.055,2340.1,1469.055,2340.1,2614.1099999999997,70.125,107.0,464.148
P2,531c07e1f9334648,"{""policy"":""P2"",""fixed_p"":1,""alpha"":1,""beta"":16,""ef_min"":8,""ef_max"":512}",1000,0.7162999999999999,0.2,1.0,1.0,1605.064,2503.05,1605.064,2503.05,2800.13,78.074,115.0,495.358
P2,4e62047a763ed600,"{""policy"":""P2"",""fixed_p"":1,""alpha"":1,""beta"":32,""ef_min"":8,""ef_max"":512}",1000,0.7173999999999999,0.2,1.0,1.0,1863.133,2828.05,1863.133,2828.05,3094.02,93.967,131.0,565.755
P2,6c5815516e61ebef,"{""policy"":""P2"",""fixed_p"":1,""alpha"":1,""beta"":64,""ef_min"":8,""ef_max"":512}",1000,0.7193999999999999,0.2,1.0,1.0,2350.681,3437.05,2350.681,3437.05,3772.04,125.893,163.0,694.96
P2,80bf247ca00c1dc1,"{""policy"":""P2"",""fixed_p"":1,""alpha"":2,""beta"":4,""ef_min"":8,""ef_max"":512}",1000,0.7192000000000001,0.2,1.0,1.0,2337.862,3825.05,2337.862,3825.05,4295.04,127.667,202.0,696.545
P2,333a7cc558970c53,"{""policy"":""P2"",""fixed_p"":1,""alpha"":2,""beta"":8,""ef_min"":8,""ef_max"":512}",1000,0.7193999999999999,0.2,1.0,1.0,2397.066,3890.6499999999996,2397.066,3890.6499999999996,4377.139999999999,131.682,206.0,713.347
P2,3002ab51f500319e,"{""policy"":""P2"",""fixed_p"":1,""alpha"":2,""beta"":16,""ef_min"":8,""ef_max"":512}",1000,0.72,0.2,1.0,1.0,2513.28,4026.1499999999996,2513.28,4026.1499999999996,4540.04,139.631,214.0,746.12
P2,1a516bf36a436450,"{""policy"":""P2"",""fixed_p"":1,""alpha"":2,""beta"":32,""ef_min"":8,""ef_max"":512}",1000,0.7201000000000001,0.2,1.0,1.0,2740.997,4325.549999999999,2740.997,4325.549999999999,4821.1,155.607,230.0,804.121
P2,6f2b595307ade4bd,"{""policy"":""P2"",""fixed_p"":1,""alpha"":2,""beta"":64,""ef_min"":8,""ef_max"":512}",1000,0.7206,0.2,1.0,1.0,3171.48,4854.2,3171.48,4854.2,5340.37,187.61,262.0,924.445
P2,527c7c313aa2f396,"{""policy"":""P2"",""fixed_p"":1,""alpha"":4,""beta"":4,""ef_min"":8,""ef_max"":512}",1000,0.721,0.2,1.0,1.0,3896.061,6518.05,3896.061,6518.05,7280.53,251.112,400.0,1147.257
P2,86830e995bf9b165,"{""policy"":""P2"",""fixed_p"":1,""alpha"":4,""beta"":8,""ef_min"":8,""ef_max"":512}",1000,0.7209,0.2,1.0,1.0,3944.41,6564.45,3944.41,6564.45,7337.4,255.122,404.0,1155.479
P2,6ccb6139c6d1ce6e,"{""policy"":""P2"",""fixed_p"":1,""alpha"":4,""beta"":16,""ef_min"":8,""ef_max"":512}",1000,0.7209,0.2,1.0,1.0,4040.248,6669.5,4040.248,6669.5,7430.789999999999,263.11,412.0,1188.609
P2,334cc0a5e8aaaf21,"{""policy"":""P2"",""fixed_p"":1,""alpha"":4,""beta"":32,""ef_min"":8,""ef_max"":512}",1000,0.7208,0.2,1.0,1.0,4227.133,6843.899999999998,4227.133,6843.899999999998,7659.549999999999,279.112,428.0,1241.042
P2,7535a68ddcfbda1c,"{""policy"":""P2"",""fixed_p"":1,""alpha"":4,""beta"":64,""ef_min"":8,""ef_max"":512}",1000,0.7212000000000001,0.2,1.0,1.0,4591.204,7284.25,4591.204,7284.25,8155.1,311.115,460.0,1351.988
P2,1aeb13f380d086bd,"{""policy"":""P2"",""fixed_p"":1,""alpha"":8,""beta"":4,""ef_min"":8,""ef_max"":512}",1000,0.7212000000000001,0.2,1.0,1.0,5858.963,8959.05,5858.963,8959.05,9728.52,430.967,512.0,1746.25
P2,a751d0d21c2139a0,"{""policy"":""P2"",""fixed_p"":1,""alpha"":8,""beta"":8,""ef_min"":8,""ef_max"":512}",1000,0.7212000000000001,0.2,1.0,1.0,5882.899,8959.05,5882.899,8959.05,9728.52,433.209,512.0,1753.606
P2,23760f545f1fbe57,"{""policy"":""P2"",""fixed_p"":1,""alpha"":8,""beta"":16,""ef_min"":8,""ef_max"":512}",1000,0.7212000000000001,0.2,1.0,1.0,5929.845,8962.05,5929.845,8962.05,9780.26,437.67,512.0,1763.856
P2,e9921c9f33866ecb,"{""policy"":""P2"",""fixed_p"":1,""alpha"":8,""beta"":32,""ef_min"":8,""ef_max"":512}",1000,0.7212000000000001,0.2,1.0,1.0,6020.69,8985.649999999998,6020.69,8985.649999999998,9781.179999999998,446.337,512.0,1798.693
P2,0f950bbf810ce679,"{""policy"":""P2"",""fixed_p"":1,""alpha"":8,""beta"":64,""ef_min"":8,""ef_max"":512}",1000,0.7212000000000001,0.2,1.0,1.0,6182.559,9084.05,6182.559,9084.05,9781.179999999998,462.121,512.0,1844.17
P2,a63cbbe053d19b74,"{""policy"":""P2"",""fixed_p"":1,""alpha"":16,""beta"":4,""ef_min"":8,""ef_max"":512}",1000,0.7212000000000001,0.2,1.0,1.0,6633.455,9333.449999999999,6633.455,9333.449999999999,9933.35,508.61,513.0,1989.776
P2,c39b4b3e12f7da50,"{""policy"":""P2"",""fixed_p"":1,""alpha"":16,""beta"":8,""ef_min"":8,""ef_max"":512}",1000,0.7212000000000001,0.2,1.0,1.0,6635.593,9342.35,6635.593,9342.35,9933.35,508.831,513.0,1988.261
P2,1aaf112fe3cffa07,"{""policy"":""P2"",""fixed_p"":1,""alpha"":16,""beta"":16,""ef_min"":8,""ef_max"":512}",1000,0.7212000000000001,0.2,1.0,1.0,6639.447,9342.35,6639.447,9342.35,9933.35,509.269,513.0,1990.434
P2,d9ff991f44b85001,"{""policy"":""P2"",""fixed_p"":1,""alpha"":16,""beta"":32,""ef_min"":8,""ef_max"":512}",1000,0.7212000000000001,0.2,1.0,1.0,6645.718,9342.35,6645.718,9342.35,9933.35,509.988,513.0,1991.644
P2,96327a6abaa46ad5,"{""policy"":""P2"",""fixed_p"":1,""alpha"":16,""beta"":64,""ef_min"":8,""ef_max"":512}",1000,0.7212000000000001,0.2,1.0,1.0,6654.54,9342.35,6654.54,9342.35,9933.35,511.048,513.0,1993.343
P2,67e09a5a3d3496ef,"{""policy"":""P2"",""fixed_p"":2,""alpha"":1,""beta"":4,""ef_min"":8,""ef_max"":512}",1000,0.8777,0.5,2.0,2.0,2068.604,2870.1,1405.584,2266.3499999999995,2539.0,93.352,103.0,672.763
P2,d86746656881b440,"{""policy"":""P2"",""fixed_p"":2,""alpha"":1,""beta"":8,""ef_min"":8,""ef_max"":512}",1000,0.8807999999999999,0.5,2.0,2.0,2209.394,3039.3499999999995,1475.908,2340.1,2614.1099999999997,100.881,107.0,706.07
P2,a37767c36c1904b3,"{""policy"":""P2"",""fixed_p"":2,""alpha"":1,""beta"":16,""ef_min"":8,""ef_max"":512}",1000,0.8844,0.5,2.0,2.0,2497.033,3409.05,1613.827,2503.05,2800.13,116.525,115.0,774.805
P2,8e2385a6ec5eab72,"{""policy"":""P2"",""fixed_p"":2,""alpha"":1,""beta"":32,""ef_min"":8,""ef_max"":512}",1000,0.8861,0.5,2.0,2.0,3045.982,4086.0,1876.283,2828.05,3094.02,148.095,131.0,914.157
P2,2219028b99a0f713,"{""policy"":""P2"",""fixed_p"":2,""alpha"":1,""beta"":64,""ef_min"":8,""ef_max"":512}",1000,0.8885,0.5,2.0,2.0,4065.663,5381.15,2373.959,3437.05,3772.04,211.778,163.0,1178.18
P2,b9dd9179c243c249,"{""policy"":""P2"",""fixed_p"":2,""alpha"":2,""beta"":4,""ef_min"":8,""ef_max"":512}",1000,0.8877999999999999,0.5,2.0,2.0,3398.642,4765.05,2346.514,3825.05,4295.04,175.83,202.0,1019.197
P2,94c6dcb66735294e,"{""policy"":""P2"",""fixed_p"":2,""alpha"":2,""beta"":8,""ef_min"":8,""ef_max"":512}",1000,0.8882000000000001,0.5,2.0,2.0,3524.667,4925.1,2405.89,3890.6499999999996,4377.139999999999,183.531,206.0,1051.052
P2,dca2c9722d3af70c,"{""policy"":""P2"",""fixed_p"":2,""alpha"":2,""beta"":16,""ef_min"":8,""ef_max"":512}",1000,0.8889,0.5,2.0,2.0,3780.389,5243.25,2523.388,4026.1499999999996,4540.04,199.284,214.0,1118.908
P2,65549e852dad6db5,"{""policy"":""P2"",""fixed_p"":2,""alpha"":2,""beta"":32,""ef_min"":8,""ef_max"":512}",1000,0.8891,0.5,2.0,2.0,4278.167,5853.849999999999,2753.372,4325.549999999999,4821.1,231.089,230.0,1247.283
P2,23d4a0a0611c285f,"{""policy"":""P2"",""fixed_p"":2,""alpha"":2,""beta"":64,""ef_min"":8,""ef_max"":512}",1000,0.8897999999999999,0.5,2.0,2.0,5210.034,7042.25,3192.277,4854.2,5340.37,294.896,262.0,1489.149
P2,68c2c6aa0b1f5178,"{""policy"":""P2"",""fixed_p"":2,""alpha"":4,""beta"":4,""ef_min"":8,""ef_max"":512}",1000,0.8901,0.5,2.0,2.0,5642.555,7922.9,3908.612,6518.05,7280.53,341.777,400.0,1642.051
P2,bbf15a0285593d4b,"{""policy"":""P2"",""fixed_p"":2,""alpha"":4,""beta"":8,""ef_min"":8,""ef_max"":512}",1000,0.8901,0.5,2.0,2.0,5751.664,8097.05,3957.807,6564.45,7337.4,349.583,404.0,1670.183
P2,f020c3c071f4e452,"{""policy"":""P2"",""fixed_p"":2,""alpha"":4,""beta"":16,""ef_min"":8,""ef_max"":512}",1000,0.8901,0.5,2.0,2.0,5971.102,8363.599999999999,4055.125,6669.5,7430.789999999999,365.475,412.0,1736.709
P2,e9d11c8746bec953,"{""policy"":""P2"",""fixed_p"":2,""alpha"":4,""beta"":32,""ef_min"":8,""ef_max"":512}",1000,0.89,0.5,2.0,2.0,6399.861,8926.2,4245.027,6843.899999999998,7659.549999999999,397.41,428.0,1846.736
P2,9ab9041fb80a1335,"{""policy"":""P2"",""fixed_p"":2,""alpha"":4,""beta"":64,""ef_min"":8,""ef_max"":512}",1000,0.8904,0.5,2.0,2.0,7218.072,9947.4,4615.294,7284.25,8155.1,461.282,460.0,2080.441
P2,b248d6a0c9d2cf35,"{""policy"":""P2"",""fixed_p"":2,""alpha"":8,""beta"":4,""ef_min"":8,""ef_max"":512}",1000,0.8904,0.5,2.0,2.0,8753.612,12537.449999999999,5884.354,8959.05,9728.52,607.319,512.0,2557.294
P2,8e34a287e1010c1b,"{""policy"":""P2"",""fixed_p"":2,""alpha"":8,""beta"":8,""ef_min"":8,""ef_max"":512}",1000,0.8904,0.5,2.0,2.0,8828.884,12610.65,5908.936,8959.05,9728.52,613.399,512.0,2584.411
P2,d5a9fc1d46499aae,"{""policy"":""P2"",""fixed_p"":2,""alpha"":8,""beta"":16,""ef_min"":8,""ef_max"":512}",1000,0.8904,0.5,2.0,2.0,8980.966,12790.699999999999,5957.411,8962.05,9780.26,625.782,512.0,2622.437
P2,1632d69303876ad6,"{""policy"":""P2"",""fixed_p"":2,""alpha"":8,""beta"":32,""ef_min"":8,""ef_max"":512}",1000,0.8905,0.5,2.0,2.0,9276.65,13145.049999999997,6051.251,8985.649999999998,9781.179999999998,650.384,512.0,2706.56
P2,46871645587769cf,"{""policy"":""P2"",""fixed_p"":2,""alpha"":8,""beta"":64,""ef_min"":8,""ef_max"":512}",1000,0.8905,0.5,2.0,2.0,9830.628,13834.35,6219.23,9084.05,9781.179999999998,698.092,512.0,2869.199
P2,4baeba9456e22758,"{""policy"":""P2"",""fixed_p"":2,""alpha"":16,""beta"":4,""ef_min"":8,""ef_max"":512}",1000,0.8905,0.5,2.0,2.0,11202.191,16125.3,6744.675,9342.35,9933.35,837.496,513.0,3297.648
P2,333180e5bbace561,"{""policy"":""P2"",""fixed_p"":2,""alpha"":16,""beta"":8,""ef_min"":8,""ef_max"":512}",1000,0.8905,0.5,2.0,2.0,11238.608,16142.5,6749.148,9349.449999999999,9933.35,840.741,513.0,3306.27
P2,c98ddf60b4df64a3,"{""policy"":""P2"",""fixed_p"":2,""alpha"":16,""beta"":16,""ef_min"":8,""ef_max"":512}",1000,0.8905,0.5,2.0,2.0,11314.747,16247.0,6758.132,9362.5,9933.35,847.429,513.0,3338.652
P2,1884ba770917a03c,"{""policy"":""P2"",""fixed_p"":2,""alpha"":16,""beta"":32,""ef_min"":8,""ef_max"":512}",1000,0.8905,0.5,2.0,2.0,11461.228,16337.65,6774.1,9362.5,9933.35,860.345,513.0,3376.685
P2,a507199a248a39d5,"{""policy"":""P2"",""fixed_p"":2,""alpha"":16,""beta"":64,""ef_min"":8,""ef_max"":512}",1000,0.8905,0.5,2.0,2.0,11725.828,16527.95,6800.478,9362.5,9968.13,884.5,513.0,3451.674
P2,59a18a1e2301ae9d,"{""policy"":""P2"",""fixed_p"":3,""alpha"":1,""beta"":4,""ef_min"":8,""ef_max"":512}",1000,0.9371,0.7,3.0,3.0,2528.598,3294.05,1406.485,2266.3499999999995,2539.0,111.135,103.0,839.38
P2,1b3a254dfbd8444f,"{""policy"":""P2"",""fixed_p"":3,""alpha"":1,""beta"":8,""ef_min"":8,""ef_max"":512}",1000,0.9402999999999999,0.7,3.0,3.0,2729.563,3565.3999999999996,1476.692,2340.1,2614.1099999999997,121.376,107.0,885.914
P2,3ae277b1b5da081e,"{""policy"":""P2"",""fixed_p"":3,""alpha"":1,""beta"":16,""ef_min"":8,""ef_max"":512}",1000,0.9444,0.7,3.0,3.0,3176.191,4121.299999999999,1614.891,2503.05,2800.13,144.48,115.0,991.858
P2,5edcda9a11c4abcf,"{""policy"":""P2"",""fixed_p"":3,""alpha"":1,""beta"":32,""ef_min"":8,""ef_max"":512}",1000,0.9464,0.7,3.0,3.0,4033.019,5193.0,1878.593,2828.05,3094.02,191.569,131.0,1205.773
P2,bdc7501ffed5938e,"{""policy"":""P2"",""fixed_p"":3,""alpha"":1,""beta"":64,""ef_min"":8,""ef_max"":512}",1000,0.9492999999999999,0.7,3.0,3.0,5614.137,7204.0,2384.546,3437.05,3772.04,286.883,163.0,1605.693
P2,4db1ff6d0f4901b8,"{""policy"":""P2"",""fixed_p"":3,""alpha"":2,""beta"":4,""ef_min"":8,""ef_max"":512}",1000,0.9478,0.7,3.0,3.0,4053.054,5363.4,2347.233,3825.05,4295.04,202.871,202.0,1231.854
P2,975c953e5fac66ed,"{""policy"":""P2"",""fixed_p"":3,""alpha"":2,""beta"":8,""ef_min"":8,""ef_max"":512}",1000,0.9482999999999999,0.7,3.0,3.0,4242.529,5595.299999999999,2406.672,3890.6499999999996,4377.139999999999,213.664,206.0,1279.127
P2,f42a159f7137d997,"{""policy"":""P2"",""fixed_p"":3,""alpha"":2,""beta"":16,""ef_min"":8,""ef_max"":512}",1000,0.9491,0.7,3.0,3.0,4653.387,6135.349999999999,2524.334,4026.1499999999996,4540.04,237.058,214.0,1382.757
P2,fc9ee56319858f5c,"{""policy"":""P2"",""fixed_p"":3,""alpha"":2,""beta"":32,""ef_min"":8,""ef_max"":512}",1000,0.9496,0.7,3.0,3.0,5444.184,7145.15,2754.803,4325.549999999999,4821.1,284.466,230.0,1577.952
P2,f61a0100fec8e2e1,"{""policy"":""P2"",""fixed_p"":3,""alpha"":2,""beta"":64,""ef_min"":8,""ef_max"":512}",1000,0.9506,0.7,3.0,3.0,6919.422,8943.2,3196.552,4854.2,5340.37,380.017,262.0,1955.773
P2,c3e756aaf0e52e0d,"{""policy"":""P2"",""fixed_p"":3,""alpha"":4,""beta"":4,""ef_min"":8,""ef_max"":512}",1000,0.9508,0.7,3.0,3.0,6660.408,8923.1,3909.704,6518.05,7280.53,388.266,400.0,1941.262
P2,f243f2e6a18eca12,"{""policy"":""P2"",""fixed_p"":3,""alpha"":4,""beta"":8,""ef_min"":8,""ef_max"":512}",1000,0.9508,0.7,3.0,3.0,6833.276,9114.5,3958.915,6564.45,7337.4,399.477,404.0,1985.828
P2,4079c3dd3a4c67dc,"{""policy"":""P2"",""fixed_p"":3,""alpha"":4,""beta"":16,""ef_min"":8,""ef_max"":512}",1000,0.9508,0.7,3.0,3.0,7195.407,9563.849999999999,4056.335,6669.5,7430.789999999999,423.102,412.0,2085.748
P2,1fbd88ad9f149fe3,"{""policy"":""P2"",""fixed_p"":3,""alpha"":4,""beta"":32,""ef_min"":8,""ef_max"":512}",1000,0.9508,0.7,3.0,3.0,7899.672,10453.35,4246.504,6843.899999999998,7659.549999999999,470.736,428.0,2260.101
P2,14d28ae5f7688771,"{""policy"":""P2"",""fixed_p"":3,""alpha"":4,""beta"":64,""ef_min"":8,""ef_max"":512}",1000,0.9512,0.7,3.0,3.0,9229.365,12168.1,4617.877,7284.25,8155.1,566.429,460.0,2622.977
P2,cadddd4e583fd2a6,"{""policy"":""P2"",""fixed_p"":3,""alpha"":8,""beta"":4,""ef_min"":8,""ef_max"":512}",1000,0.9512,0.7,3.0,3.0,10409.73,14484.9,5886.126,8959.05,9728.52,693.62,512.0,3014.666
P2,dfa21f473db9d28a,"{""policy"":""P2"",""fixed_p"":3,""alpha"":8,""beta"":8,""ef_min"":8,""ef_max"":512}",1000,0.9512,0.7,3.0,3.0,10543.282,14640.0,5910.887,8959.05,9728.52,703.231,512.0,3064.673
P2,c9aef7b97f9b330c,"{""policy"":""P2"",""fixed_p"":3,""alpha"":8,""beta"":16,""ef_min"":8,""ef_max"":512}",1000,0.9512,0.7,3.0,3.0,10822.832,14926.55,5959.565,8962.05,9780.26,723.412,512.0,3127.389
P2,8979ff6e6ff7c6eb,"{""policy"":""P2"",""fixed_p"":3,""alpha"":8,""beta"":32,""ef_min"":8,""ef_max"":512}",1000,0.9512999999999999,0.7,3.0,3.0,11367.335,15618.0,6053.792,8985.649999999998,9781.179999999998,763.858,512.0,3279.22
P2,4f0431382ddb656d,"{""policy"":""P2"",""fixed_p"":3,""alpha"":8,""beta"":64,""ef_min"":8,""ef_max"":512}",1000,0.9512999999999999,0.7,3.0,3.0,12388.374,16932.25,6222.605,9084.05,9781.179999999998,843.428,512.0,3556.852
P2,ef3f799f9bfeae07,"{""policy"":""P2"",""fixed_p"":3,""alpha"":16,""beta"":4,""ef_min"":8,""ef_max"":512}",1000,0.9512999999999999,0.7,3.0,3.0,13914.88,20280.7,6750.248,9342.35,9933.35,1004.007,513.0,4046.796
P2,7343594a399a0977,"{""policy"":""P2"",""fixed_p"":3,""alpha"":16,""beta"":8,""ef_min"":8,""ef_max"":512}",1000,0.9512999999999999,0.7,3.0,3.0,14000.738,20393.899999999998,6754.862,9349.449999999999,9933.35,1010.869,513.0,4071.02
P2,cb2cb8b279506e7c,"{""policy"":""P2"",""fixed_p"":3,""alpha"":16,""beta"":16,""ef_min"":8,""ef_max"":512}",1000,0.9512999999999999,0.7,3.0,3.0,14184.637,20525.7,6764.398,9362.5,9933.35,1025.356,513.0,4127.14
P2,b773c35d90fc1963,"{""policy"":""P2"",""fixed_p"":3,""alpha"":16,""beta"":32,""ef_min"":8,""ef_max"":512}",1000,0.9512999999999999,0.7,3.0,3.0,14547.28,20824.3,6781.3,9362.5,9933.35,1054.137,513.0,4217.373
P2,bfe3d3b7529d3a42,"{""policy"":""P2"",""fixed_p"":3,""alpha"":16,""beta"":64,""ef_min"":8,""ef_max"":512}",1000,0.9512999999999999,0.7,3.0,3.0,15221.934,21455.449999999997,6811.2,9362.5,9968.13,1110.12,513.0,4408.218
P2,de3673885b6a18a6,"{""policy"":""P2"",""fixed_p"":4,""alpha"":1,""beta"":4,""ef_min"":8,""ef_max"":512}",1000,0.9596,0.8,4.0,4.0,2916.148,3728.0,1406.485,2266.3499999999995,2539.0,126.484,103.0,987.392
P2,34e90a05c8878c38,"{""policy"":""P2"",""fixed_p"":4,""alpha"":1,""beta"":8,""ef_min"":8,""ef_max"":512}",1000,0.9628,0.8,4.0,4.0,3162.993,4027.25,1476.692,2340.1,2614.1099999999997,138.742,107.0,1044.886
P2,618b023475266fc7,"{""policy"":""P2"",""fixed_p"":4,""alpha"":1,""beta"":16,""ef_min"":8,""ef_max"":512}",1000,0.9675,0.8,4.0,4.0,3763.581,4796.2,1614.934,2503.05,2800.13,169.006,115.0,1185.891
P2,cf4c81b53723d241,"{""policy"":""P2"",""fixed_p"":4,""alpha"":1,""beta"":32,""ef_min"":8,""ef_max"":512}",1000,0.9696,0.8,4.0,4.0,4930.27,6222.799999999999,1878.927,2828.05,3094.02,231.438,131.0,1471.638
P2,4b90b3926bc90055,"{""policy"":""P2"",""fixed_p"":4,""alpha"":1,""beta"":64,""ef_min"":8,""ef_max"":512}",1000,0.9723999999999999,0.8,4.0,4.0,7074.852,8933.2,2387.48,3437.05,3772.04,358.224,163.0,2004.928
P2,677fc05f59f3d54f,"{""policy"":""P2"",""fixed_p"":4,""alpha"":2,""beta"":4,""ef_min"":8,""ef_max"":512}",1000,0.9707,0.8,4.0,4.0,4542.705,5853.9,2347.233,3825.05,4295.04,222.882,202.0,1404.952
P2,2e24eb1307a85081,"{""policy"":""P2"",""fixed_p"":4,""alpha"":2,""beta"":8,""ef_min"":8,""ef_max"":512}",1000,0.9712000000000001,0.8,4.0,4.0,4788.24,6167.549999999999,2406.673,3890.6499999999996,4377.139999999999,236.276,206.0,1462.562
P2,994b9b262e775a3f,"{""policy"":""P2"",""fixed_p"":4,""alpha"":2,""beta"":16,""ef_min"":8,""ef_max"":512}",1000,0.9722999999999999,0.8,4.0,4.0,5353.037,6892.2,2524.4,4026.1499999999996,4540.04,267.009,214.0,1603.191
P2,b6565c0e2be669f7,"{""policy"":""P2"",""fixed_p"":4,""alpha"":2,""beta"":32,""ef_min"":8,""ef_max"":512}",1000,0.9728,0.8,4.0,4.0,6446.116,8236.25,2754.932,4325.549999999999,4821.1,329.874,230.0,1868.286
P2,6362983ce3d0654b,"{""policy"":""P2"",""fixed_p"":4,""alpha"":2,""beta"":64,""ef_min"":8,""ef_max"":512}",1000,0.9737,0.8,4.0,4.0,8473.557,10741.349999999999,3197.042,4854.2,5340.37,457.001,262.0,2382.897
P2,2fbb2d64d5805ac0,"{""policy"":""P2"",""fixed_p"":4,""alpha"":4,""beta"":4,""ef_min"":8,""ef_max"":512}",1000,0.974,0.8,4.0,4.0,7365.628,9626.35,3909.704,6518.05,7280.53,418.889,400.0,2163.454
P2,f2f9cc2e2a727a3d,"{""policy"":""P2"",""fixed_p"":4,""alpha"":4,""beta"":8,""ef_min"":8,""ef_max"":512}",1000,0.974,0.8,4.0,4.0,7598.108,9907.9,3958.915,6564.45,7337.4,433.026,404.0,2221.972
P2,cc942f91d37bb589,"{""policy"":""P2"",""fixed_p"":4,""alpha"":4,""beta"":16,""ef_min"":8,""ef_max"":512}",1000,0.974,0.8,4.0,4.0,8105.879,10545.75,4056.335,6669.5,7430.789999999999,464.073,412.0,2356.273
P2,36bda8b0917108b4,"{""policy"":""P2"",""fixed_p"":4,""alpha"":4,""beta"":32,""ef_min"":8,""ef_max"":512}",1000,0.9739,0.8,4.0,4.0,9100.462,11793.0,4246.504,6843.899999999998,7659.549999999999,527.336,428.0,2595.767
P2,aaa374eed7ab62fb,"{""policy"":""P2"",""fixed_p"":4,""alpha"":4,""beta"":64,""ef_min"":8,""ef_max"":512}",1000,0.9742999999999999,0.8,4.0,4.0,10961.748,14090.15,4617.934,7284.25,8155.1,654.673,460.0,3092.656
P2,65d6de3c2d363076,"{""policy"":""P2"",""fixed_p"":4,""alpha"":8,""beta"":4,""ef_min"":8,""ef_max"":512}",1000,0.9742999999999999,0.8,4.0,4.0,11506.891,15826.75,5886.126,8959.05,9728.52,746.191,512.0,3330.052
P2,cea8aedc61573aad,"{""policy"":""P2"",""fixed_p"":4,""alpha"":8,""beta"":8,""ef_min"":8,""ef_max"":512}",1000,0.9742999999999999,0.8,4.0,4.0,11699.857,16082.05,5910.887,8959.05,9728.52,759.059,512.0,3394.314
P2,01cabc333ac43b86,"{""policy"":""P2"",""fixed_p"":4,""alpha"":8,""beta"":16,""ef_min"":8,""ef_max"":512}",1000,0.9742999999999999,0.8,4.0,4.0,12116.084,16666.05,5959.565,8962.05,9780.26,786.792,512.0,3492.149
P2,82e51035c44d6e05,"{""policy"":""P2"",""fixed_p"":4,""alpha"":8,""beta"":32,""ef_min"":8,""ef_max"":512}",1000,0.9743999999999999,0.8,4.0,4.0,12930.479,17571.249999999996,6053.792,8985.649999999998,9781.179999999998,842.993,512.0,3710.748
P2,ebf7cf21ef4322a9,"{""policy"":""P2"",""fixed_p"":4,""alpha"":8,""beta"":64,""ef_min"":8,""ef_max"":512}",1000,0.9743999999999999,0.8,4.0,4.0,14452.286,19351.1,6222.605,9084.05,9781.179999999998,954.239,512.0,4114.645
P2,266ee86389c1f3a6,"{""policy"":""P2"",""fixed_p"":4,""alpha"":16,""beta"":4,""ef_min"":8,""ef_max"":512}",1000,0.9743999999999999,0.8,4.0,4.0,15690.678,23446.45,6750.248,9342.35,9933.35,1101.587,513.0,4535.576
P2,d240ac2c22f3fd1e,"{""policy"":""P2"",""fixed_p"":4,""alpha"":16,""beta"":8,""ef_min"":8,""ef_max"":512}",1000,0.9743999999999999,0.8,4.0,4.0,15828.504,23614.6,6754.862,9349.449999999999,9933.35,1111.725,513.0,4577.037
P2,8ff4b409a7c95e7d,"{""policy"":""P2"",""fixed_p"":4,""alpha"":16,""beta"":16,""ef_min"":8,""ef_max"":512}",1000,0.9743999999999999,0.8,4.0,4.0,16132.024,23919.899999999998,6764.398,9362.5,9933.35,1133.806,513.0,4663.45
P2,64d550f6d5e40c0a,"{""policy"":""P2"",""fixed_p"":4,""alpha"":16,""beta"":32,""ef_min"":8,""ef_max"":512}",1000,0.9743999999999999,0.8,4.0,4.0,16740.289,24427.649999999998,6781.3,9362.5,9933.35,1178.384,513.0,4811.681
P2,fcd9b364c7e6b373,"{""policy"":""P2"",""fixed_p"":4,""alpha"":16,""beta"":64,""ef_min"":8,""ef_max"":512}",1000,0.9743999999999999,0.8,4.0,4.0,17871.564,25541.399999999998,6811.279,9362.5,9968.13,1266.101,513.0,5127.414
P2,12bd0dba7f46c75d,"{""policy"":""P2"",""fixed_p"":5,""alpha"":1,""beta"":4,""ef_min"":8,""ef_max"":512}",1000,0.972,0.8,5.0,5.0,3278.33,4132.05,1406.485,2266.3499999999995,2539.0,141.472,103.0,1127.491
P2,77b75b908f4633c0,"{""policy"":""P2"",""fixed_p"":5,""alpha"":1,""beta"":8,""ef_min"":8,""ef_max"":512}",1000,0.9758,0.9,5.0,5.0,3554.195,4459.1,1476.698,2340.1,2614.1099999999997,154.979,107.0,1191.938
P2,7753c643c5a4d510,"{""policy"":""P2"",""fixed_p"":5,""alpha"":1,""beta"":16,""ef_min"":8,""ef_max"":512}",1000,0.9808,0.9,5.0,5.0,4306.141,5389.0,1615.104,2503.05,2800.13,192.131,115.0,1364.919
P2,2b884f4926b954bd,"{""policy"":""P2"",""fixed_p"":5,""alpha"":1,""beta"":32,""ef_min"":8,""ef_max"":512}",1000,0.9829,0.9,5.0,5.0,5781.261,7218.0,1879.403,2828.05,3094.02,269.878,131.0,1723.089
P2,4e44796d128f534b,"{""policy"":""P2"",""fixed_p"":5,""alpha"":1,""beta"":64,""ef_min"":8,""ef_max"":512}",1000,0.9857,0.9,5.0,5.0,8492.854,10572.599999999999,2391.998,3437.05,3772.04,428.137,163.0,2391.66
P2,68bb346598465f6c,"{""policy"":""P2"",""fixed_p"":5,""alpha"":2,""beta"":4,""ef_min"":8,""ef_max"":512}",1000,0.9839,0.9,5.0,5.0,4954.761,6275.599999999999,2347.233,3825.05,4295.04,240.088,202.0,1554.915
P2,4166b1adddbccce2,"{""policy"":""P2"",""fixed_p"":5,""alpha"":2,""beta"":8,""ef_min"":8,""ef_max"":512}",1000,0.9845,0.9,5.0,5.0,5245.385,6669.25,2406.673,3890.6499999999996,4377.139999999999,255.482,206.0,1623.726
P2,4f9a4f3be118bf19,"{""policy"":""P2"",""fixed_p"":5,""alpha"":2,""beta"":16,""ef_min"":8,""ef_max"":512}",1000,0.9856,0.9,5.0,5.0,5959.429,7575.0,2524.4,4026.1499999999996,4540.04,293.213,214.0,1798.619
P2,1084aad8abc2082c,"{""policy"":""P2"",""fixed_p"":5,""alpha"":2,""beta"":32,""ef_min"":8,""ef_max"":512}",1000,0.9861,0.9,5.0,5.0,7358.48,9305.1,2754.932,4325.549999999999,4821.1,371.528,230.0,2135.208
P2,f4c2f2cac781e7b9,"{""policy"":""P2"",""fixed_p"":5,""alpha"":2,""beta"":64,""ef_min"":8,""ef_max"":512}",1000,0.987,0.9,5.0,5.0,9945.113,12441.75,3197.765,4854.2,5340.37,530.135,262.0,2785.763
P2,2e613039a2a4b513,"{""policy"":""P2"",""fixed_p"":5,""alpha"":4,""beta"":4,""ef_min"":8,""ef_max"":512}",1000,0.9873,0.9,5.0,5.0,7898.221,10189.8,3909.704,6518.05,7280.53,441.846,400.0,2342.855
P2,aacd85c84d3be773,"{""policy"":""P2"",""fixed_p"":5,""alpha"":4,""beta"":8,""ef_min"":8,""ef_max"":512}",1000,0.9873,0.9,5.0,5.0,8182.02,10605.1,3958.915,6564.45,7337.4,458.426,404.0,2413.404
P2,d969fb364580cd42,"{""policy"":""P2"",""fixed_p"":5,""alpha"":4,""beta"":16,""ef_min"":8,""ef_max"":512}",1000,0.9873,0.9,5.0,5.0,8838.112,11370.599999999999,4056.335,6669.5,7430.789999999999,496.621,412.0,2579.868
P2,37be741aac4564eb,"{""policy"":""P2"",""fixed_p"":5,""alpha"":4,""beta"":32,""ef_min"":8,""ef_max"":512}",1000,0.9872000000000001,0.9,5.0,5.0,10130.686,13011.399999999998,4246.504,6843.899999999998,7659.549999999999,575.443,428.0,2892.357
P2,a45d9fe0ff649a81,"{""policy"":""P2"",""fixed_p"":5,""alpha"":4,""beta"":64,""ef_min"":8,""ef_max"":512}",1000,0.9877,0.9,5.0,5.0,12538.736,15949.5,4618.079,7284.25,8155.1,734.283,460.0,3518.989
P2,4f2d263cf210d713,"{""policy"":""P2"",""fixed_p"":5,""alpha"":8,""beta"":4,""ef_min"":8,""ef_max"":512}",1000,0.9876,0.9,5.0,5.0,12278.428,16855.15,5886.126,8959.05,9728.52,781.595,512.0,3565.273
P2,67afd7d918826416,"{""policy"":""P2"",""fixed_p"":5,""alpha"":8,""beta"":8,""ef_min"":8,""ef_max"":512}",1000,0.9876,0.9,5.0,5.0,12527.929,17197.899999999998,5910.887,8959.05,9728.52,797.286,512.0,3644.397
P2,3dbfab2ced5e72db,"{""policy"":""P2"",""fixed_p"":5,""alpha"":8,""beta"":16,""ef_min"":8,""ef_max"":512}",1000,0.9876,0.9,5.0,5.0,13081.209,17941.399999999998,5959.565,8962.05,9780.26,832.213,512.0,3772.611
P2,b1d0df5a3fd14818,"{""policy"":""P2"",""fixed_p"":5,""alpha"":8,""beta"":32,""ef_min"":8,""ef_max"":512}",1000,0.9877,0.9,5.0,5.0,14179.474,19219.649999999998,6053.792,8985.649999999998,9781.179999999998,904.063,512.0,4059.106
P2,581cee34cc0d8094,"{""policy"":""P2"",""fixed_p"":5,""alpha"":8,""beta"":64,""ef_min"":8,""ef_max"":512}",1000,0.9877999999999999,0.9,5.0,5.0,16226.719,21635.7,6222.605,9084.05,9781.179999999998,1046.846,512.0,4592.341
P2,2229231a4fcfe34c,"{""policy"":""P2"",""fixed_p"":5,""alpha"":16,""beta"":4,""ef_min"":8,""ef_max"":512}",1000,0.9877999999999999,0.9,5.0,5.0,16890.418,25744.649999999998,6750.248,9342.35,9933.35,1162.787,513.0,4876.998
P2,7aed42b0abf70802,"{""policy"":""P2"",""fixed_p"":5,""alpha"":16,""beta"":8,""ef_min"":8,""ef_max"":512}",1000,0.9877999999999999,0.9,5.0,5.0,17076.896,25928.749999999996,6754.862,9349.449999999999,9933.35,1175.748,513.0,4927.549
P2,e84fac5de5d31030,"{""policy"":""P2"",""fixed_p"":5,""alpha"":16,""beta"":16,""ef_min"":8,""ef_max"":512}",1000,0.9877999999999999,0.9,5.0,5.0,17507.762,26394.15,6764.398,9362.5,9933.35,1205.09,513.0,5047.478
P2,b01b2e54e32484b3,"{""policy"":""P2"",""fixed_p"":5,""alpha"":16,""beta"":32,""ef_min"":8,""ef_max"":512}",1000,0.9877999999999999,0.9,5.0,5.0,18380.071,27212.85,6781.3,9362.5,9933.35,1265.398,513.0,5260.448
P2,f60f1be42a49cd2d,"{""policy"":""P2"",""fixed_p"":5,""alpha"":16,""beta"":64,""ef_min"":8,""ef_max"":512}",1000,0.9877999999999999,0.9,5.0,5.0,20006.696,28837.199999999997,6811.324,9362.5,9968.13,1384.743,513.0,5701.371
P2,6a2aa88e8c895bec,"{""policy"":""P2"",""fixed_p"":6,""alpha"":1,""beta"":4,""ef_min"":8,""ef_max"":512}",1000,0.977,0.9,6.0,6.0,3620.432,4491.15,1406.514,2266.3499999999995,2539.0,156.643,103.0,1261.111
P2,fd128928fd0067bb,"{""policy"":""P2"",""fixed_p"":6,""alpha"":1,""beta"":8,""ef_min"":8,""ef_max"":512}",1000,0.9809,0.9,6.0,6.0,3912.268,4859.349999999999,1476.73,2340.1,2614.1099999999997,170.851,107.0,1329.606
P2,b22c971efe059c2a,"{""policy"":""P2"",""fixed_p"":6,""alpha"":1,""beta"":16,""ef_min"":8,""ef_max"":512}",1000,0.9862000000000001,0.9,6.0,6.0,4807.605,5937.2,1615.104,2503.05,2800.13,214.761,115.0,1535.152
P2,1a0b4813a0cbea36,"{""policy"":""P2"",""fixed_p"":6,""alpha"":1,""beta"":32,""ef_min"":8,""ef_max"":512}",1000,0.9883,0.9,6.0,6.0,6582.387,8119.299999999999,1879.583,2828.05,3094.02,307.783,131.0,1961.137
P2,d87d974ef0e8806a,"{""policy"":""P2"",""fixed_p"":6,""alpha"":1,""beta"":64,""ef_min"":8,""ef_max"":512}",1000,0.9911,0.9,6.0,6.0,9849.421,12102.0,2393.234,3437.05,3772.04,497.398,163.0,2766.108
P2,66e50f5d848415bd,"{""policy"":""P2"",""fixed_p"":6,""alpha"":2,""beta"":4,""ef_min"":8,""ef_max"":512}",1000,0.9889,0.9,6.0,6.0,5318.22,6688.5,2347.233,3825.05,4295.04,256.192,202.0,1693.247
P2,e1a9586057457ff9,"{""policy"":""P2"",""fixed_p"":6,""alpha"":2,""beta"":8,""ef_min"":8,""ef_max"":512}",1000,0.9899,0.9,6.0,6.0,5640.332,7106.799999999999,2406.673,3890.6499999999996,4377.139999999999,273.006,206.0,1769.468
P2,375d73e602fd627c,"{""policy"":""P2"",""fixed_p"":6,""alpha"":2,""beta"":16,""ef_min"":8,""ef_max"":512}",1000,0.991,0.9,6.0,6.0,6498.532,8219.4,2524.4,4026.1499999999996,4540.04,317.601,214.0,1977.622
P2,d249a2e620625033,"{""policy"":""P2"",""fixed_p"":6,""alpha"":2,""beta"":32,""ef_min"":8,""ef_max"":512}",1000,0.9915,0.9,6.0,6.0,8195.217,10245.55,2754.932,4325.549999999999,4821.1,411.253,230.0,2382.637
P2,60044e1a3a5ad53c,"{""policy"":""P2"",""fixed_p"":6,""alpha"":2,""beta"":64,""ef_min"":8,""ef_max"":512}",1000,0.9924,0.9,6.0,6.0,11333.902,14002.2,3197.86,4854.2,5340.37,601.274,262.0,3167.472
P2,25828c85414a1fef,"{""policy"":""P2"",""fixed_p"":6,""alpha"":4,""beta"":4,""ef_min"":8,""ef_max"":512}",1000,0.9927,0.9,6.0,6.0,8328.661,10737.349999999999,3909.704,6518.05,7280.53,461.05,400.0,2495.93
P2,cbad6805660063b9,"{""policy"":""P2"",""fixed_p"":6,""alpha"":4,""beta"":8,""ef_min"":8,""ef_max"":512}",1000,0.9927,0.9,6.0,6.0,8654.999,11195.25,3958.915,6564.45,7337.4,479.562,404.0,2577.879
P2,6daf53243cfcd274,"{""policy"":""P2"",""fixed_p"":6,""alpha"":4,""beta"":16,""ef_min"":8,""ef_max"":512}",1000,0.9927,0.9,6.0,6.0,9451.434,12168.25,4056.335,6669.5,7430.789999999999,524.672,412.0,2775.304
P2,12af35c953617fdb,"{""policy"":""P2"",""fixed_p"":6,""alpha"":4,""beta"":32,""ef_min"":8,""ef_max"":512}",1000,0.9926,0.9,6.0,6.0,11038.38,14080.949999999999,4246.504,6843.899999999998,7659.549999999999,618.918,428.0,3158.241
P2,23ff89a144c1628c,"{""policy"":""P2"",""fixed_p"":6,""alpha"":4,""beta"":64,""ef_min"":8,""ef_max"":512}",1000,0.9931,0.9,6.0,6.0,13990.294,17653.35,4618.085,7284.25,8155.1,809.193,460.0,3914.125
P2,45ec77d9179bc01c,"{""policy"":""P2"",""fixed_p"":6,""alpha"":8,""beta"":4,""ef_min"":8,""ef_max"":512}",1000,0.993,0.9,6.0,6.0,12849.691,17749.95,5886.126,8959.05,9728.52,807.748,512.0,3750.63
P2,d26f39ff3cb77697,"{""policy"":""P2"",""fixed_p"":6,""alpha"":8,""beta"":8,""ef_min"":8,""ef_max"":512}",1000,0.993,0.9,6.0,6.0,13146.116,18193.85,5910.887,8959.05,9728.52,825.717,512.0,3841.635
P2,cca52b034039d6f5,"{""policy"":""P2"",""fixed_p"":6,""alpha"":8,""beta"":16,""ef_min"":8,""ef_max"":512}",1000,0.993,0.9,6.0,6.0,13836.827,18975.25,5959.565,8962.05,9780.26,867.643,512.0,4003.306
P2,80194cfb78770361,"{""policy"":""P2"",""fixed_p"":6,""alpha"":8,""beta"":32,""ef_min"":8,""ef_max"":512}",1000,0.9931,0.9,6.0,6.0,15221.303,20529.75,6053.792,8985.649999999998,9781.179999999998,955.026,512.0,4353.684
P2,cd1ab4523bfac99e,"{""policy"":""P2"",""fixed_p"":6,""alpha"":8,""beta"":64,""ef_min"":8,""ef_max"":512}",1000,0.9932000000000001,0.9,6.0,6.0,17797.426,23462.3,6222.724,9084.05,9781.179999999998,1129.297,512.0,5020.912
P2,aca830c80cd1a408,"{""policy"":""P2"",""fixed_p"":6,""alpha"":16,""beta"":4,""ef_min"":8,""ef_max"":512}",1000,0.9932000000000001,0.9,6.0,6.0,17732.579,27277.75,6750.248,9342.35,9933.35,1203.798,513.0,5127.134
P2,acec76cacbd144b8,"{""policy"":""P2"",""fixed_p"":6,""alpha"":16,""beta"":8,""ef_min"":8,""ef_max"":512}",1000,0.9932000000000001,0.9,6.0,6.0,17962.347,27601.35,6754.882,9349.449999999999,9933.35,1219.071,513.0,5190.141
P2,48ff4dd48b73aad2,"{""policy"":""P2"",""fixed_p"":6,""alpha"":16,""beta"":16,""ef_min"":8,""ef_max"":512}",1000,0.9932000000000001,0.9,6.0,6.0,18523.221,28104.2,6764.525,9362.5,9933.35,1255.516,513.0,5339.121
P2,d9445040163def1d,"{""policy"":""P2"",""fixed_p"":6,""alpha"":16,""beta"":32,""ef_min"":8,""ef_max"":512}",1000,0.9932000000000001,0.9,6.0,6.0,19666.587,29163.399999999998,6781.577,9362.5,9933.35,1331.435,513.0,5617.009
P2,987589a903fc9f81,"{""policy"":""P2"",""fixed_p"":6,""alpha"":16,""beta"":64,""ef_min"":8,""ef_max"":512}",1000,0.9932000000000001,0.9,6.0,6.0,21800.105,31448.05,6811.9,9362.5,9968.13,1482.315,513.0,6189.019
P2,1ad897ba9a8d2f99,"{""policy"":""P2"",""fixed_p"":7,""alpha"":1,""beta"":4,""ef_min"":8,""ef_max"":512}",1000,0.9799,0.9,7.0,7.0,3960.651,4841.25,1406.514,2266.3499999999995,2539.0,172.971,103.0,1396.013
P2,b3b6705dac6d9a41,"{""policy"":""P2"",""fixed_p"":7,""alpha"":1,""beta"":8,""ef_min"":8,""ef_max"":512}",1000,0.9838,0.9,7.0,7.0,4260.174,5232.0,1476.73,2340.1,2614.1099999999997,187.496,107.0,1466.777
P2,ff4701a77db774be,"{""policy"":""P2"",""fixed_p"":7,""alpha"":1,""beta"":16,""ef_min"":8,""ef_max"":512}",1000,0.9891,0.9,7.0,7.0,5287.117,6490.4,1615.104,2503.05,2800.13,237.841,115.0,1701.279
P2,e65b32909a108787,"{""policy"":""P2"",""fixed_p"":7,""alpha"":1,""beta"":32,""ef_min"":8,""ef_max"":512}",1000,0.9912000000000001,0.9,7.0,7.0,7348.849,8988.0,1879.789,2828.05,3094.02,346.106,131.0,2195.695
P2,58144f48eded8e74,"{""policy"":""P2"",""fixed_p"":7,""alpha"":1,""beta"":64,""ef_min"":8,""ef_max"":512}",1000,0.994,0.9,7.0,7.0,11143.331,13627.15,2394.358,3437.05,3772.04,567.026,163.0,3127.633
P2,e4f3c43a88a38292,"{""policy"":""P2"",""fixed_p"":7,""alpha"":2,""beta"":4,""ef_min"":8,""ef_max"":512}",1000,0.9917999999999999,0.9,7.0,7.0,5666.953,7022.25,2347.233,3825.05,4295.04,272.883,202.0,1830.296
P2,416e388ed11329d2,"{""policy"":""P2"",""fixed_p"":7,""alpha"":2,""beta"":8,""ef_min"":8,""ef_max"":512}",1000,0.9927999999999999,0.9,7.0,7.0,6007.825,7508.65,2406.673,3890.6499999999996,4377.139999999999,290.513,206.0,1910.648
P2,f28f31b7f5408fb7,"{""policy"":""P2"",""fixed_p"":7,""alpha"":2,""beta"":16,""ef_min"":8,""ef_max"":512}",1000,0.9939,0.9,7.0,7.0,6999.771,8762.949999999999,2524.4,4026.1499999999996,4540.04,341.696,214.0,2148.06
P2,eecc6cbabca8c2d5,"{""policy"":""P2"",""fixed_p"":7,""alpha"":2,""beta"":32,""ef_min"":8,""ef_max"":512}",1000,0.9944,0.9,7.0,7.0,8982.255,11164.349999999999,2754.932,4325.549999999999,4821.1,450.645,230.0,2618.942
P2,d6023a0e17acea44,"{""policy"":""P2"",""fixed_p"":7,""alpha"":2,""beta"":64,""ef_min"":8,""ef_max"":512}",1000,0.9953,1.0,7.0,7.0,12646.151,15584.2,3198.126,4854.2,5340.37,671.983,262.0,3531.485
P2,538350051276ef96,"{""policy"":""P2"",""fixed_p"":7,""alpha"":4,""beta"":4,""ef_min"":8,""ef_max"":512}",1000,0.9956,1.0,7.0,7.0,8710.081,11218.8,3909.704,6518.05,7280.53,479.206,400.0,2640.489
P2,bb63594e9c8ee1e4,"{""policy"":""P2"",""fixed_p"":7,""alpha"":4,""beta"":8,""ef_min"":8,""ef_max"":512}",1000,0.9956,1.0,7.0,7.0,9068.523,11732.3,3958.915,6564.45,7337.4,499.146,404.0,2730.158
P2,96201e17bf30662e,"{""policy"":""P2"",""fixed_p"":7,""alpha"":4,""beta"":16,""ef_min"":8,""ef_max"":512}",1000,0.9956,1.0,7.0,7.0,9996.22,12913.4,4056.335,6669.5,7430.789999999999,550.852,412.0,2956.726
P2,948787a04ea00329,"{""policy"":""P2"",""fixed_p"":7,""alpha"":4,""beta"":32,""ef_min"":8,""ef_max"":512}",1000,0.9955,1.0,7.0,7.0,11865.512,15095.25,4246.504,6843.899999999998,7659.549999999999,660.44,428.0,3406.138
P2,89130bc4dc9a411c,"{""policy"":""P2"",""fixed_p"":7,""alpha"":4,""beta"":64,""ef_min"":8,""ef_max"":512}",1000,0.996,1.0,7.0,7.0,15338.472,19276.0,4618.085,7284.25,8155.1,882.042,460.0,4287.092
P2,94ff7a4610ee4ca9,"{""policy"":""P2"",""fixed_p"":7,""alpha"":8,""beta"":4,""ef_min"":8,""ef_max"":512}",1000,0.9959,1.0,7.0,7.0,13312.98,18383.25,5886.126,8959.05,9728.52,829.811,512.0,3913.967
P2,97c8904775d72ed5,"{""policy"":""P2"",""fixed_p"":7,""alpha"":8,""beta"":8,""ef_min"":8,""ef_max"":512}",1000,0.9959,1.0,7.0,7.0,13645.142,18830.1,5910.887,8959.05,9728.52,849.46,512.0,4014.053
P2,d4ea67a0492b288c,"{""policy"":""P2"",""fixed_p"":7,""alpha"":8,""beta"":16,""ef_min"":8,""ef_max"":512}",1000,0.9959,1.0,7.0,7.0,14463.453,19800.5,5959.565,8962.05,9780.26,897.999,512.0,4203.295
P2,0abcb852e22c5bc1,"{""policy"":""P2"",""fixed_p"":7,""alpha"":8,""beta"":32,""ef_min"":8,""ef_max"":512}",1000,0.996,1.0,7.0,7.0,16127.013,21743.15,6053.792,8985.649999999998,9781.179999999998,1000.834,512.0,4617.029
P2,2c3c0c5c937c73f7,"{""policy"":""P2"",""fixed_p"":7,""alpha"":8,""beta"":64,""ef_min"":8,""ef_max"":512}",1000,0.9961,1.0,7.0,7.0,19214.078,25308.75,6222.724,9084.05,9781.179999999998,1206.469,512.0,5410.685
P2,757ca4f6b43765c7,"{""policy"":""P2"",""fixed_p"":7,""alpha"":16,""beta"":4,""ef_min"":8,""ef_max"":512}",1000,0.9961,1.0,7.0,7.0,18358.023,28423.149999999998,6750.248,9342.35,9933.35,1234.326,513.0,5329.854
P2,48f1dbdd413807cb,"{""policy"":""P2"",""fixed_p"":7,""alpha"":16,""beta"":8,""ef_min"":8,""ef_max"":512}",1000,0.9961,1.0,7.0,7.0,18621.556,28853.649999999998,6754.882,9349.449999999999,9933.35,1251.334,513.0,5401.232
P2,881714592ce36b45,"{""policy"":""P2"",""fixed_p"":7,""alpha"":16,""beta"":16,""ef_min"":8,""ef_max"":512}",1000,0.9961,1.0,7.0,7.0,19303.639,29531.6,6764.525,9362.5,9933.35,1294.416,513.0,5576.462
P2,a72b4455367f211c,"{""policy"":""P2"",""fixed_p"":7,""alpha"":16,""beta"":32,""ef_min"":8,""ef_max"":512}",1000,0.9961,1.0,7.0,7.0,20718.374,30926.5,6781.577,9362.5,9933.35,1385.891,513.0,5919.519
P2,403938dec9bdd531,"{""policy"":""P2"",""fixed_p"":7,""alpha"":16,""beta"":64,""ef_min"":8,""ef_max"":512}",1000,0.9961,1.0,7.0,7.0,23350.236,33643.2,6811.9,9362.5,9968.13,1568.186,513.0,6613.844
P2,4215888c3a9d8671,"{""policy"":""P2"",""fixed_p"":8,""alpha"":1,""beta"":4,""ef_min"":8,""ef_max"":512}",1000,0.9811,0.9,8.0,8.0,4304.031,5222.15,1406.514,2266.3499999999995,2539.0,190.578,103.0,1531.297
P2,ed620f5358a8f67a,"{""policy"":""P2"",""fixed_p"":8,""alpha"":1,""beta"":8,""ef_min"":8,""ef_max"":512}",1000,0.9849,0.9,8.0,8.0,4606.256,5614.1,1476.73,2340.1,2614.1099999999997,205.228,107.0,1602.805
P2,3d7aad861d505da2,"{""policy"":""P2"",""fixed_p"":8,""alpha"":1,""beta"":16,""ef_min"":8,""ef_max"":512}",1000,0.9903,0.9,8.0,8.0,5749.881,7001.5,1615.14,2503.05,2800.13,261.65,115.0,1865.099
P2,28f6a0a52bc0f16f,"{""policy"":""P2"",""fixed_p"":8,""alpha"":1,""beta"":32,""ef_min"":8,""ef_max"":512}",1000,0.9925,0.9,8.0,8.0,8089.684,9904.15,1880.08,2828.05,3094.02,385.244,131.0,2426.433
P2,8c5e1e4fb14edb6b,"{""policy"":""P2"",""fixed_p"":8,""alpha"":1,""beta"":64,""ef_min"":8,""ef_max"":512}",1000,0.9953,1.0,8.0,8.0,12396.122,15103.35,2396.55,3437.05,3772.04,637.277,163.0,3484.134
P2,3294b6bb96f54c43,"{""policy"":""P2"",""fixed_p"":8,""alpha"":2,""beta"":4,""ef_min"":8,""ef_max"":512}",1000,0.9929,0.9,8.0,8.0,6012.51,7412.15,2347.233,3825.05,4295.04,290.585,202.0,1966.01
P2,8696075ec3d98ab7,"{""policy"":""P2"",""fixed_p"":8,""alpha"":2,""beta"":8,""ef_min"":8,""ef_max"":512}",1000,0.9939,0.9,8.0,8.0,6362.506,7903.2,2406.673,3890.6499999999996,4377.139999999999,308.624,206.0,2048.421
P2,73012063e0606c6a,"{""policy"":""P2"",""fixed_p"":8,""alpha"":2,""beta"":16,""ef_min"":8,""ef_max"":512}",1000,0.9951,1.0,8.0,8.0,7475.052,9302.599999999999,2524.4,4026.1499999999996,4540.04,366.064,214.0,2315.569
P2,039095c0dfb6ee58,"{""policy"":""P2"",""fixed_p"":8,""alpha"":2,""beta"":32,""ef_min"":8,""ef_max"":512}",1000,0.9957,1.0,8.0,8.0,9733.63,12088.25,2754.97,4325.549999999999,4821.1,490.309,230.0,2851.083
P2,348a69a089d6b983,"{""policy"":""P2"",""fixed_p"":8,""alpha"":2,""beta"":64,""ef_min"":8,""ef_max"":512}",1000,0.9966,1.0,8.0,8.0,13907.703,17154.45,3198.748,4854.2,5340.37,742.772,262.0,3890.153
P2,36cb4e67ed81c1ec,"{""policy"":""P2"",""fixed_p"":8,""alpha"":4,""beta"":4,""ef_min"":8,""ef_max"":512}",1000,0.9967,1.0,8.0,8.0,9069.466,11693.65,3909.704,6518.05,7280.53,497.534,400.0,2779.107
P2,2a48736411a932d2,"{""policy"":""P2"",""fixed_p"":8,""alpha"":4,""beta"":8,""ef_min"":8,""ef_max"":512}",1000,0.9967,1.0,8.0,8.0,9447.727,12263.55,3958.915,6564.45,7337.4,518.33,404.0,2873.526
P2,0e52ddf274cf4273,"{""policy"":""P2"",""fixed_p"":8,""alpha"":4,""beta"":16,""ef_min"":8,""ef_max"":512}",1000,0.9967999999999999,1.0,8.0,8.0,10494.606,13571.699999999999,4056.335,6669.5,7430.789999999999,576.302,412.0,3128.511
P2,c6a0f7d92acb4772,"{""policy"":""P2"",""fixed_p"":8,""alpha"":4,""beta"":32,""ef_min"":8,""ef_max"":512}",1000,0.9967999999999999,1.0,8.0,8.0,12638.764,16049.349999999999,4246.504,6843.899999999998,7659.549999999999,701.225,428.0,3644.852
P2,447db60ca63a2c0b,"{""policy"":""P2"",""fixed_p"":8,""alpha"":4,""beta"":64,""ef_min"":8,""ef_max"":512}",1000,0.9973,1.0,8.0,8.0,16618.774,20848.25,4618.088,7284.25,8155.1,953.957,460.0,4647.421
P2,ea69033443c3b1fd,"{""policy"":""P2"",""fixed_p"":8,""alpha"":8,""beta"":4,""ef_min"":8,""ef_max"":512}",1000,0.997,1.0,8.0,8.0,13713.255,18924.15,5886.126,8959.05,9728.52,850.0,512.0,4061.873
P2,31e271005e20c68b,"{""policy"":""P2"",""fixed_p"":8,""alpha"":8,""beta"":8,""ef_min"":8,""ef_max"":512}",1000,0.9971,1.0,8.0,8.0,14071.044,19457.6,5910.887,8959.05,9728.52,870.778,512.0,4166.732
P2,329a5e55f2c04260,"{""policy"":""P2"",""fixed_p"":8,""alpha"":8,""beta"":16,""ef_min"":8,""ef_max"":512}",1000,0.9972000000000001,1.0,8.0,8.0,15007.89,20573.25,5959.565,8962.05,9780.26,925.664,512.0,4387.463
P2,339fe8da261c1a14,"{""policy"":""P2"",""fixed_p"":8,""alpha"":8,""beta"":32,""ef_min"":8,""ef_max"":512}",1000,0.9973,1.0,8.0,8.0,16943.265,22885.7,6053.792,8985.649999999998,9781.179999999998,1043.896,512.0,4865.802
P2,949478a58092ae27,"{""policy"":""P2"",""fixed_p"":8,""alpha"":8,""beta"":64,""ef_min"":8,""ef_max"":512}",1000,0.9974,1.0,8.0,8.0,20532.457,26983.0,6222.724,9084.05,9781.179999999998,1280.672,512.0,5782.166
P2,8f837e5fab65beab,"{""policy"":""P2"",""fixed_p"":8,""alpha"":16,""beta"":4,""ef_min"":8,""ef_max"":512}",1000,0.9973,1.0,8.0,8.0,18847.705,29205.1,6750.248,9342.35,9933.35,1258.901,513.0,5498.067
P2,944200383cd94691,"{""policy"":""P2"",""fixed_p"":8,""alpha"":16,""beta"":8,""ef_min"":8,""ef_max"":512}",1000,0.9974,1.0,8.0,8.0,19135.878,29658.149999999998,6754.882,9349.449999999999,9933.35,1277.087,513.0,5576.495
P2,42b992a315fa4229,"{""policy"":""P2"",""fixed_p"":8,""alpha"":16,""beta"":16,""ef_min"":8,""ef_max"":512}",1000,0.9974,1.0,8.0,8.0,19932.432,30603.8,6764.525,9362.5,9933.35,1326.526,513.0,5778.329
P2,da72110733effdf8,"{""policy"":""P2"",""fixed_p"":8,""alpha"":16,""beta"":32,""ef_min"":8,""ef_max"":512}",1000,0.9974,1.0,8.0,8.0,21613.338,32369.55,6781.577,9362.5,9933.35,1433.465,513.0,6188.256
P2,c00f7c7a141e42bb,"{""policy"":""P2"",""fixed_p"":8,""alpha"":16,""beta"":64,""ef_min"":8,""ef_max"":512}",1000,0.9974,1.0,8.0,8.0,24740.463,35625.74999999999,6811.9,9362.5,9968.13,1646.959,513.0,7001.793
P2,650edbd67e99346e,"{""policy"":""P2"",""fixed_p"":9,""alpha"":1,""beta"":4,""ef_min"":8,""ef_max"":512}",1000,0.9815,0.9,9.0,9.0,4638.468,5616.1,1406.514,2266.3499999999995,2539.0,209.028,103.0,1666.989
P2,7c0f35443642d0dd,"{""policy"":""P2"",""fixed_p"":9,""alpha"":1,""beta"":8,""ef_min"":8,""ef_max"":512}",1000,0.9853,0.9,9.0,9.0,4941.375,5953.699999999999,1476.73,2340.1,2614.1099999999997,223.713,107.0,1738.648
P2,aa0817f123239b95,"{""policy"":""P2"",""fixed_p"":9,""alpha"":1,""beta"":16,""ef_min"":8,""ef_max"":512}",1000,0.9907,0.9,9.0,9.0,6197.274,7465.0,1615.14,2503.05,2800.13,286.349,115.0,2027.33
P2,4cf2f917a86393ba,"{""policy"":""P2"",""fixed_p"":9,""alpha"":1,""beta"":32,""ef_min"":8,""ef_max"":512}",1000,0.9929,0.9,9.0,9.0,8799.506,10579.0,1880.08,2828.05,3094.02,425.373,131.0,2654.12
P2,b8017e6915d2f845,"{""policy"":""P2"",""fixed_p"":9,""alpha"":1,""beta"":64,""ef_min"":8,""ef_max"":512}",1000,0.9957,1.0,9.0,9.0,13590.092,16419.05,2397.845,3437.05,3772.04,708.44,163.0,3833.967
P2,9537d48bfd38e829,"{""policy"":""P2"",""fixed_p"":9,""alpha"":2,""beta"":4,""ef_min"":8,""ef_max"":512}",1000,0.9933,0.9,9.0,9.0,6347.149,7750.05,2347.233,3825.05,4295.04,309.047,202.0,2101.759
P2,5eeba1f47d7e8e43,"{""policy"":""P2"",""fixed_p"":9,""alpha"":2,""beta"":8,""ef_min"":8,""ef_max"":512}",1000,0.9943,0.9,9.0,9.0,6702.313,8237.15,2406.673,3890.6499999999996,4377.139999999999,327.317,206.0,2185.643
P2,e230418659af6f26,"{""policy"":""P2"",""fixed_p"":9,""alpha"":2,""beta"":16,""ef_min"":8,""ef_max"":512}",1000,0.9955,1.0,9.0,9.0,7928.233,9759.699999999999,2524.4,4026.1499999999996,4540.04,391.036,214.0,2479.309
P2,1759b279f88d0396,"{""policy"":""P2"",""fixed_p"":9,""alpha"":2,""beta"":32,""ef_min"":8,""ef_max"":512}",1000,0.9961,1.0,9.0,9.0,10449.608,12756.249999999998,2754.97,4325.549999999999,4821.1,530.742,230.0,3079.954
P2,9fc3d93467202b72,"{""policy"":""P2"",""fixed_p"":9,""alpha"":2,""beta"":64,""ef_min"":8,""ef_max"":512}",1000,0.997,1.0,9.0,9.0,15106.619,18373.25,3198.748,4854.2,5340.37,814.236,262.0,4242.055
P2,0ca35dff13b5e995,"{""policy"":""P2"",""fixed_p"":9,""alpha"":4,""beta"":4,""ef_min"":8,""ef_max"":512}",1000,0.9971,1.0,9.0,9.0,9410.531,12027.2,3909.704,6518.05,7280.53,516.289,400.0,2916.283
P2,7ae2e5bf299efef1,"{""policy"":""P2"",""fixed_p"":9,""alpha"":4,""beta"":8,""ef_min"":8,""ef_max"":512}",1000,0.9971,1.0,9.0,9.0,9800.526,12649.5,3958.915,6564.45,7337.4,537.617,404.0,3013.347
P2,f91ca48a9616e4c0,"{""policy"":""P2"",""fixed_p"":9,""alpha"":4,""beta"":16,""ef_min"":8,""ef_max"":512}",1000,0.9972000000000001,1.0,9.0,9.0,10959.768,14011.55,4056.335,6669.5,7430.789999999999,601.85,412.0,3295.044
P2,fd32137e602d4edf,"{""policy"":""P2"",""fixed_p"":9,""alpha"":4,""beta"":32,""ef_min"":8,""ef_max"":512}",1000,0.9972000000000001,1.0,9.0,9.0,13366.095,16828.1,4246.504,6843.899999999998,7659.549999999999,742.271,428.0,3876.987
P2,880b30be175618ff,"{""policy"":""P2"",""fixed_p"":9,""alpha"":4,""beta"":64,""ef_min"":8,""ef_max"":512}",1000,0.9977,1.0,9.0,9.0,17827.88,22074.3,4618.088,7284.25,8155.1,1026.053,460.0,4999.405
P2,83afc6fdecc07a3a,"{""policy"":""P2"",""fixed_p"":9,""alpha"":8,""beta"":4,""ef_min"":8,""ef_max"":512}",1000,0.9974,1.0,9.0,9.0,14075.07,19295.1,5886.126,8959.05,9728.52,869.737,512.0,4203.644
P2,a709928aa435aff7,"{""policy"":""P2"",""fixed_p"":9,""alpha"":8,""beta"":8,""ef_min"":8,""ef_max"":512}",1000,0.9975,1.0,9.0,9.0,14449.792,19942.0,5910.887,8959.05,9728.52,891.278,512.0,4312.558
P2,587fc6df9aa18956,"{""policy"":""P2"",""fixed_p"":9,""alpha"":8,""beta"":16,""ef_min"":8,""ef_max"":512}",1000,0.9976,1.0,9.0,9.0,15498.356,21123.899999999998,5959.565,8962.05,9780.26,952.474,512.0,4559.139
P2,722b17070356ebce,"{""policy"":""P2"",""fixed_p"":9,""alpha"":8,""beta"":32,""ef_min"":8,""ef_max"":512}",1000,0.9977,1.0,9.0,9.0,17693.146,23762.2,6053.792,8985.649999999998,9781.179999999998,1086.178,512.0,5102.906
P2,97752944641b1ff9,"{""policy"":""P2"",""fixed_p"":9,""alpha"":8,""beta"":64,""ef_min"":8,""ef_max"":512}",1000,0.9977999999999999,1.0,9.0,9.0,21761.426,28522.1,6222.724,9084.05,9781.179999999998,1354.008,512.0,6138.929
P2,f3fc1d5297d00b11,"{""policy"":""P2"",""fixed_p"":9,""alpha"":16,""beta"":4,""ef_min"":8,""ef_max"":512}",1000,0.9977,1.0,9.0,9.0,19257.872,29704.899999999998,6750.248,9342.35,9933.35,1281.051,513.0,5650.342
P2,31d592d138d6209a,"{""policy"":""P2"",""fixed_p"":9,""alpha"":16,""beta"":8,""ef_min"":8,""ef_max"":512}",1000,0.9977999999999999,1.0,9.0,9.0,19562.152,30165.45,6754.882,9349.449999999999,9933.35,1300.021,513.0,5732.94
P2,5e6d4019db011542,"{""policy"":""P2"",""fixed_p"":9,""alpha"":16,""beta"":16,""ef_min"":8,""ef_max"":512}",1000,0.9977999999999999,1.0,9.0,9.0,20468.529,31211.449999999997,6764.525,9362.5,9933.35,1355.77,513.0,5962.256
P2,472c3d9a768245a2,"{""policy"":""P2"",""fixed_p"":9,""alpha"":16,""beta"":32,""ef_min"":8,""ef_max"":512}",1000,0.9977999999999999,1.0,9.0,9.0,22405.484,33340.74999999999,6781.577,9362.5,9933.35,1478.233,513.0,6434.918
P2,72cd2758d2ab6f41,"{""policy"":""P2"",""fixed_p"":9,""alpha"":16,""beta"":64,""ef_min"":8,""ef_max"":512}",1000,0.9977999999999999,1.0,9.0,9.0,26008.095,37123.6,6811.9,9362.5,9968.13,1722.831,513.0,7369.023
P2,941c3ef327cc3e5a,"{""policy"":""P2"",""fixed_p"":10,""alpha"":1,""beta"":4,""ef_min"":8,""ef_max"":512}",1000,0.9816,0.9,10.0,10.0,4984.07,5978.349999999999,1406.514,2266.3499999999995,2539.0,228.563,103.0,1803.562
P2,971a3dcc81e97133,"{""policy"":""P2"",""fixed_p"":10,""alpha"":1,""beta"":8,""ef_min"":8,""ef_max"":512}",1000,0.9853999999999999,0.9,10.0,10.0,5287.12,6362.0,1476.73,2340.1,2614.1099999999997,243.255,107.0,1875.105
P2,02e9fe90d55f0e2d,"{""policy"":""P2"",""fixed_p"":10,""alpha"":1,""beta"":16,""ef_min"":8,""ef_max"":512}",1000,0.9907999999999999,0.9,10.0,10.0,6652.483,7978.4,1615.14,2503.05,2800.13,312.147,115.0,2190.634
P2,9902d380ee84f8b9,"{""policy"":""P2"",""fixed_p"":10,""alpha"":1,""beta"":32,""ef_min"":8,""ef_max"":512}",1000,0.993,0.9,10.0,10.0,9504.294,11390.3,1880.085,2828.05,3094.02,466.329,131.0,2875.875
P2,f7201f56ac62a0bf,"{""policy"":""P2"",""fixed_p"":10,""alpha"":1,""beta"":64,""ef_min"":8,""ef_max"":512}",1000,0.9957999999999999,1.0,10.0,10.0,14767.374,17694.8,2399.58,3437.05,3772.04,780.364,163.0,4174.454
P2,5a9b23d5003f748b,"{""policy"":""P2"",""fixed_p"":10,""alpha"":2,""beta"":4,""ef_min"":8,""ef_max"":512}",1000,0.9934,0.9,10.0,10.0,6692.836,8181.05,2347.233,3825.05,4295.04,328.586,202.0,2238.36
P2,7410d4336c88a9dd,"{""policy"":""P2"",""fixed_p"":10,""alpha"":2,""beta"":8,""ef_min"":8,""ef_max"":512}",1000,0.9944,0.9,10.0,10.0,7049.714,8667.25,2406.673,3890.6499999999996,4377.139999999999,346.935,206.0,2322.877
P2,60ae168923f13261,"{""policy"":""P2"",""fixed_p"":10,""alpha"":2,""beta"":16,""ef_min"":8,""ef_max"":512}",1000,0.9956,1.0,10.0,10.0,8386.356,10238.1,2524.4,4026.1499999999996,4540.04,416.971,214.0,2642.966
P2,67e1385a0799ff36,"{""policy"":""P2"",""fixed_p"":10,""alpha"":2,""beta"":32,""ef_min"":8,""ef_max"":512}",1000,0.9962000000000001,1.0,10.0,10.0,11157.291,13631.2,2754.97,4325.549999999999,4821.1,571.85,230.0,3302.365
P2,25054e2b790762ba,"{""policy"":""P2"",""fixed_p"":10,""alpha"":2,""beta"":64,""ef_min"":8,""ef_max"":512}",1000,0.9971,1.0,10.0,10.0,16286.631,19726.899999999998,3199.137,4854.2,5340.37,886.319,262.0,4583.873
P2,aeeddf8c62bf23ad,"{""policy"":""P2"",""fixed_p"":10,""alpha"":4,""beta"":4,""ef_min"":8,""ef_max"":512}",1000,0.9972000000000001,1.0,10.0,10.0,9758.396,12370.35,3909.704,6518.05,7280.53,535.927,400.0,3053.416
P2,faf2dcae2785626c,"{""policy"":""P2"",""fixed_p"":10,""alpha"":4,""beta"":8,""ef_min"":8,""ef_max"":512}",1000,0.9972000000000001,1.0,10.0,10.0,10154.066,13017.249999999998,3958.915,6564.45,7337.4,557.521,404.0,3151.297
P2,9b0fdf86dc0e7bfd,"{""policy"":""P2"",""fixed_p"":10,""alpha"":4,""beta"":16,""ef_min"":8,""ef_max"":512}",1000,0.9973,1.0,10.0,10.0,11423.955,14461.15,4056.335,6669.5,7430.789999999999,628.081,412.0,3459.924
P2,c13c468e312e1929,"{""policy"":""P2"",""fixed_p"":10,""alpha"":4,""beta"":32,""ef_min"":8,""ef_max"":512}",1000,0.9973,1.0,10.0,10.0,14079.598,17592.35,4246.504,6843.899999999998,7659.549999999999,783.685,428.0,4101.067
P2,259430bac9ffb7d5,"{""policy"":""P2"",""fixed_p"":10,""alpha"":4,""beta"":64,""ef_min"":8,""ef_max"":512}",1000,0.9977999999999999,1.0,10.0,10.0,19013.004,23454.899999999998,4618.48,7284.25,8155.1,1098.456,460.0,5342.524
P2,3a0a3ce3dbc3f95b,"{""policy"":""P2"",""fixed_p"":10,""alpha"":8,""beta"":4,""ef_min"":8,""ef_max"":512}",1000,0.9975,1.0,10.0,10.0,14431.737,19654.999999999996,5886.126,8959.05,9728.52,889.806,512.0,4342.246
P2,7da9a6feb30949e1,"{""policy"":""P2"",""fixed_p"":10,""alpha"":8,""beta"":8,""ef_min"":8,""ef_max"":512}",1000,0.9976,1.0,10.0,10.0,14814.839,20318.899999999994,5910.887,8959.05,9728.52,911.746,512.0,4453.048
P2,588fb95e05dae205,"{""policy"":""P2"",""fixed_p"":10,""alpha"":8,""beta"":16,""ef_min"":8,""ef_max"":512}",1000,0.9977,1.0,10.0,10.0,15974.15,21762.649999999994,5959.565,8962.05,9780.26,979.289,512.0,4726.711
P2,933aeb7c8536ea1d,"{""policy"":""P2"",""fixed_p"":10,""alpha"":8,""beta"":32,""ef_min"":8,""ef_max"":512}",1000,0.9977999999999999,1.0,10.0,10.0,18417.994,24646.35,6053.805,8985.649999999998,9781.179999999998,1128.221,512.0,5329.547
P2,f63a95fc5dad4126,"{""policy"":""P2"",""fixed_p"":10,""alpha"":8,""beta"":64,""ef_min"":8,""ef_max"":512}",1000,0.9979,1.0,10.0,10.0,22956.154,29816.899999999998,6222.938,9084.05,9781.179999999998,1427.009,512.0,6485.114
P2,05f27fc8b55875e5,"{""policy"":""P2"",""fixed_p"":10,""alpha"":16,""beta"":4,""ef_min"":8,""ef_max"":512}",1000,0.9977999999999999,1.0,10.0,10.0,19638.531,30099.649999999994,6750.248,9342.35,9933.35,1302.284,513.0,5794.679
P2,febb1cea4769df14,"{""policy"":""P2"",""fixed_p"":10,""alpha"":16,""beta"":8,""ef_min"":8,""ef_max"":512}",1000,0.9979,1.0,10.0,10.0,19950.787,30647.6,6754.882,9349.449999999999,9933.35,1321.651,513.0,5879.482
P2,6ab9f3a87e921014,"{""policy"":""P2"",""fixed_p"":10,""alpha"":16,""beta"":16,""ef_min"":8,""ef_max"":512}",1000,0.9979,1.0,10.0,10.0,20967.509,31772.049999999996,6764.525,9362.5,9933.35,1383.786,513.0,6135.741
P2,c7bc730a3aae4a7a,"{""policy"":""P2"",""fixed_p"":10,""alpha"":16,""beta"":32,""ef_min"":8,""ef_max"":512}",1000,0.9979,1.0,10.0,10.0,23151.522,34127.8,6781.577,9362.5,9933.35,1521.482,513.0,6665.672
P2,96923d848ea3c820,"{""policy"":""P2"",""fixed_p"":10,""alpha"":16,""beta"":64,""ef_min"":8,""ef_max"":512}",1000,0.9979,1.0,10.0,10.0,27221.781,38458.3,6811.9,9362.5,9968.13,1797.073,513.0,7718.434
P2,c1af9e616bdc7ae3,"{""policy"":""P2"",""fixed_p"":11,""alpha"":1,""beta"":4,""ef_min"":8,""ef_max"":512}",1000,0.982,0.9,11.0,11.0,5327.624,6379.349999999999,1406.559,2266.3499999999995,2539.0,248.689,103.0,1940.368
P2,e9ae3d6e08023b29,"{""policy"":""P2"",""fixed_p"":11,""alpha"":1,""beta"":8,""ef_min"":8,""ef_max"":512}",1000,0.9858,0.9,11.0,11.0,5630.736,6723.299999999999,1476.73,2340.1,2614.1099999999997,263.384,107.0,2011.967
P2,580684e1f6586eeb,"{""policy"":""P2"",""fixed_p"":11,""alpha"":1,""beta"":16,""ef_min"":8,""ef_max"":512}",1000,0.9912000000000001,0.9,11.0,11.0,7094.898,8471.1,1615.27,2503.05,2800.13,338.318,115.0,2354.014
P2,2bed0bcc563db16a,"{""policy"":""P2"",""fixed_p"":11,""alpha"":1,""beta"":32,""ef_min"":8,""ef_max"":512}",1000,0.9934,0.9,11.0,11.0,10186.445,12176.599999999999,1880.497,2828.05,3094.02,508.085,131.0,3098.911
P2,9097843104822630,"{""policy"":""P2"",""fixed_p"":11,""alpha"":1,""beta"":64,""ef_min"":8,""ef_max"":512}",1000,0.9962000000000001,1.0,11.0,11.0,15888.161,18974.199999999997,2401.354,3437.05,3772.04,852.775,163.0,4505.524
P2,6746325732368382,"{""policy"":""P2"",""fixed_p"":11,""alpha"":2,""beta"":4,""ef_min"":8,""ef_max"":512}",1000,0.9937999999999999,0.9,11.0,11.0,7036.396,8496.4,2347.233,3825.05,4295.04,348.713,202.0,2375.153
P2,53e8fa8bd2cb40a3,"{""policy"":""P2"",""fixed_p"":11,""alpha"":2,""beta"":8,""ef_min"":8,""ef_max"":512}",1000,0.9947999999999999,1.0,11.0,11.0,7393.858,9027.15,2406.673,3890.6499999999996,4377.139999999999,367.086,206.0,2459.753
P2,7e8c8575bb9602ab,"{""policy"":""P2"",""fixed_p"":11,""alpha"":2,""beta"":16,""ef_min"":8,""ef_max"":512}",1000,0.996,1.0,11.0,11.0,8830.401,10781.1,2524.4,4026.1499999999996,4540.04,443.219,214.0,2806.219
P2,cec33ce76e51ce04,"{""policy"":""P2"",""fixed_p"":11,""alpha"":2,""beta"":32,""ef_min"":8,""ef_max"":512}",1000,0.9966,1.0,11.0,11.0,11841.076,14408.2,2754.988,4325.549999999999,4821.1,613.692,230.0,3525.483
P2,7fc3a583fd5efdc0,"{""policy"":""P2"",""fixed_p"":11,""alpha"":2,""beta"":64,""ef_min"":8,""ef_max"":512}",1000,0.9975,1.0,11.0,11.0,17408.633,20950.449999999997,3199.664,4854.2,5340.37,958.811,262.0,4915.653
P2,b4f9a97cb41ceab6,"{""policy"":""P2"",""fixed_p"":11,""alpha"":4,""beta"":4,""ef_min"":8,""ef_max"":512}",1000,0.9976,1.0,11.0,11.0,10102.799,12737.5,3909.704,6518.05,7280.53,556.09,400.0,3190.381
P2,5c0c7452af266436,"{""policy"":""P2"",""fixed_p"":11,""alpha"":4,""beta"":8,""ef_min"":8,""ef_max"":512}",1000,0.9976,1.0,11.0,11.0,10501.335,13427.15,3958.915,6564.45,7337.4,577.816,404.0,3288.895
P2,3f5d0abb4b3dcd8e,"{""policy"":""P2"",""fixed_p"":11,""alpha"":4,""beta"":16,""ef_min"":8,""ef_max"":512}",1000,0.9977,1.0,11.0,11.0,11871.103,15006.25,4056.335,6669.5,7430.789999999999,654.489,412.0,3624.635
P2,67c985197705a1d9,"{""policy"":""P2"",""fixed_p"":11,""alpha"":4,""beta"":32,""ef_min"":8,""ef_max"":512}",1000,0.9977,1.0,11.0,11.0,14766.564,18380.15,4246.504,6843.899999999998,7659.549999999999,825.697,428.0,4324.964
P2,7e2d7613e80741d9,"{""policy"":""P2"",""fixed_p"":11,""alpha"":4,""beta"":64,""ef_min"":8,""ef_max"":512}",1000,0.9982000000000001,1.0,11.0,11.0,20137.783,24713.05,4618.49,7284.25,8155.1,1171.111,460.0,5675.036
P2,e681f6234c059932,"{""policy"":""P2"",""fixed_p"":11,""alpha"":8,""beta"":4,""ef_min"":8,""ef_max"":512}",1000,0.9979,1.0,11.0,11.0,14780.027,20023.399999999998,5886.126,8959.05,9728.52,910.166,512.0,4479.924
P2,6c115af7ee3fcde8,"{""policy"":""P2"",""fixed_p"":11,""alpha"":8,""beta"":8,""ef_min"":8,""ef_max"":512}",1000,0.998,1.0,11.0,11.0,15168.554,20792.449999999997,5910.887,8959.05,9728.52,932.359,512.0,4592.416
P2,3f26c477c875408b,"{""policy"":""P2"",""fixed_p"":11,""alpha"":8,""beta"":16,""ef_min"":8,""ef_max"":512}",1000,0.9981,1.0,11.0,11.0,16427.686,22416.15,5959.565,8962.05,9780.26,1006.007,512.0,4892.771
P2,9c4f7781a7ac7aec,"{""policy"":""P2"",""fixed_p"":11,""alpha"":8,""beta"":32,""ef_min"":8,""ef_max"":512}",1000,0.9982000000000001,1.0,11.0,11.0,19110.626,25414.149999999998,6053.805,8985.649999999998,9781.179999999998,1170.545,512.0,5554.614
P2,5839dd6957071f5f,"{""policy"":""P2"",""fixed_p"":11,""alpha"":8,""beta"":64,""ef_min"":8,""ef_max"":512}",1000,0.9983,1.0,11.0,11.0,24086.119,31138.799999999996,6222.938,9084.05,9781.179999999998,1499.994,512.0,6819.231
P2,406416a806f23bb6,"{""policy"":""P2"",""fixed_p"":11,""alpha"":16,""beta"":4,""ef_min"":8,""ef_max"":512}",1000,0.9982000000000001,1.0,11.0,11.0,20000.033,30619.649999999998,6750.248,9342.35,9933.35,1323.289,513.0,5935.943
P2,2fb14904ef1d9ac1,"{""policy"":""P2"",""fixed_p"":11,""alpha"":16,""beta"":8,""ef_min"":8,""ef_max"":512}",1000,0.9983,1.0,11.0,11.0,20317.631,31043.3,6754.882,9349.449999999999,9933.35,1342.913,513.0,6021.923
P2,02bfc418be098fec,"{""policy"":""P2"",""fixed_p"":11,""alpha"":16,""beta"":16,""ef_min"":8,""ef_max"":512}",1000,0.9983,1.0,11.0,11.0,21433.482,32284.849999999995,6764.525,9362.5,9933.35,1411.158,513.0,6304.603
P2,416bc8aa7556e22b,"{""policy"":""P2"",""fixed_p"":11,""alpha"":16,""beta"":32,""ef_min"":8,""ef_max"":512}",1000,0.9983,1.0,11.0,11.0,23855.793,34967.45,6781.577,9362.5,9933.35,1564.463,513.0,6893.631
P2,009a5846a7094e12,"{""policy"":""P2"",""fixed_p"":11,""alpha"":16,""beta"":64,""ef_min"":8,""ef_max"":512}",1000,0.9983,1.0,11.0,11.0,28362.299,39660.7,6811.9,9362.5,9968.13,1870.736,513.0,8054.43
P2,7a5cb3803f92e123,"{""policy"":""P2"",""fixed_p"":12,""alpha"":1,""beta"":4,""ef_min"":8,""ef_max"":512}",1000,0.9821,0.9,12.0,12.0,5655.78,6694.05,1406.644,2266.3499999999995,2539.0,268.926,103.0,2075.216
P2,4d4173b67541a711,"{""policy"":""P2"",""fixed_p"":12,""alpha"":1,""beta"":8,""ef_min"":8,""ef_max"":512}",1000,0.9859,0.9,12.0,12.0,5958.971,7049.05,1476.758,2340.1,2614.1099999999997,283.625,107.0,2146.697
P2,1f27d85125e894d6,"{""policy"":""P2"",""fixed_p"":12,""alpha"":1,""beta"":16,""ef_min"":8,""ef_max"":512}",1000,0.9913,0.9,12.0,12.0,7523.153,8900.05,1615.28,2503.05,2800.13,364.976,115.0,2513.052
P2,a6459759bf073e4e,"{""policy"":""P2"",""fixed_p"":12,""alpha"":1,""beta"":32,""ef_min"":8,""ef_max"":512}",1000,0.9935,0.9,12.0,12.0,10843.644,12844.4,1880.74,2828.05,3094.02,550.141,131.0,3313.527
P2,d3b1301a40378b5e,"{""policy"":""P2"",""fixed_p"":12,""alpha"":1,""beta"":64,""ef_min"":8,""ef_max"":512}",1000,0.9963,1.0,12.0,12.0,16974.37,20188.199999999997,2401.586,3437.05,3772.04,925.528,163.0,4833.799
P2,3d584b285c30e936,"{""policy"":""P2"",""fixed_p"":12,""alpha"":2,""beta"":4,""ef_min"":8,""ef_max"":512}",1000,0.9939,0.9,12.0,12.0,7364.552,8840.2,2347.233,3825.05,4295.04,368.95,202.0,2509.893
P2,945cab798529b834,"{""policy"":""P2"",""fixed_p"":12,""alpha"":2,""beta"":8,""ef_min"":8,""ef_max"":512}",1000,0.9949,1.0,12.0,12.0,7722.34,9365.25,2406.673,3890.6499999999996,4377.139999999999,387.34,206.0,2594.525
P2,5a67d0b709b84f50,"{""policy"":""P2"",""fixed_p"":12,""alpha"":2,""beta"":16,""ef_min"":8,""ef_max"":512}",1000,0.9961,1.0,12.0,12.0,9259.345,11212.2,2524.4,4026.1499999999996,4540.04,469.912,214.0,2965.453
P2,16ce617342b1cd12,"{""policy"":""P2"",""fixed_p"":12,""alpha"":2,""beta"":32,""ef_min"":8,""ef_max"":512}",1000,0.9967,1.0,12.0,12.0,12498.886,15089.449999999999,2755.012,4325.549999999999,4821.1,655.781,230.0,3740.571
P2,5bda4f1011f9ddc0,"{""policy"":""P2"",""fixed_p"":12,""alpha"":2,""beta"":64,""ef_min"":8,""ef_max"":512}",1000,0.9976,1.0,12.0,12.0,18495.47,22181.1,3199.732,4854.2,5340.37,1031.611,262.0,5244.017
P2,6b1ace485a7d9cee,"{""policy"":""P2"",""fixed_p"":12,""alpha"":4,""beta"":4,""ef_min"":8,""ef_max"":512}",1000,0.9977,1.0,12.0,12.0,10431.348,13099.3,3909.704,6518.05,7280.53,576.349,400.0,3325.209
P2,348ccfbfd51c6308,"{""policy"":""P2"",""fixed_p"":12,""alpha"":4,""beta"":8,""ef_min"":8,""ef_max"":512}",1000,0.9977,1.0,12.0,12.0,10831.629,13765.0,3958.915,6564.45,7337.4,598.165,404.0,3423.996
P2,abe9f05993b537b7,"{""policy"":""P2"",""fixed_p"":12,""alpha"":4,""beta"":16,""ef_min"":8,""ef_max"":512}",1000,0.9977999999999999,1.0,12.0,12.0,12301.601,15433.949999999999,4056.335,6669.5,7430.789999999999,681.262,412.0,3784.397
P2,b691fdc587cf173f,"{""policy"":""P2"",""fixed_p"":12,""alpha"":4,""beta"":32,""ef_min"":8,""ef_max"":512}",1000,0.9977999999999999,1.0,12.0,12.0,15425.825,19190.1,4246.504,6843.899999999998,7659.549999999999,867.87,428.0,4540.151
P2,b6373453f5c045eb,"{""policy"":""P2"",""fixed_p"":12,""alpha"":4,""beta"":64,""ef_min"":8,""ef_max"":512}",1000,0.9983,1.0,12.0,12.0,21225.942,25875.25,4618.49,7284.25,8155.1,1244.001,460.0,6003.74
P2,e0381d9d4ccfe93e,"{""policy"":""P2"",""fixed_p"":12,""alpha"":8,""beta"":4,""ef_min"":8,""ef_max"":512}",1000,0.998,1.0,12.0,12.0,15110.933,20399.35,5886.126,8959.05,9728.52,930.55,512.0,4615.241
P2,7700e554ecfce254,"{""policy"":""P2"",""fixed_p"":12,""alpha"":8,""beta"":8,""ef_min"":8,""ef_max"":512}",1000,0.9981,1.0,12.0,12.0,15502.168,21090.949999999993,5910.887,8959.05,9728.52,952.868,512.0,4728.533
P2,70ac05390a62db10,"{""policy"":""P2"",""fixed_p"":12,""alpha"":8,""beta"":16,""ef_min"":8,""ef_max"":512}",1000,0.9982000000000001,1.0,12.0,12.0,16861.003,22858.149999999998,5959.565,8962.05,9780.26,1032.936,512.0,5052.874
P2,56f4269c80d42259,"{""policy"":""P2"",""fixed_p"":12,""alpha"":8,""beta"":32,""ef_min"":8,""ef_max"":512}",1000,0.9983,1.0,12.0,12.0,19772.67,26056.4,6053.805,8985.649999999998,9781.179999999998,1212.882,512.0,5770.577
P2,73c4a40ef37e3e66,"{""policy"":""P2"",""fixed_p"":12,""alpha"":8,""beta"":64,""ef_min"":8,""ef_max"":512}",1000,0.9984,1.0,12.0,12.0,25176.99,32365.699999999997,6222.938,9084.05,9781.179999999998,1573.056,512.0,7148.897
P2,155157966dd0c4da,"{""policy"":""P2"",""fixed_p"":12,""alpha"":16,""beta"":4,""ef_min"":8,""ef_max"":512}",1000,0.9983,1.0,12.0,12.0,20337.266,31105.55,6750.248,9342.35,9933.35,1344.005,513.0,6072.795
P2,b3794dc6741da489,"{""policy"":""P2"",""fixed_p"":12,""alpha"":16,""beta"":8,""ef_min"":8,""ef_max"":512}",1000,0.9984,1.0,12.0,12.0,20657.291,31527.2,6754.882,9349.449999999999,9933.35,1363.753,513.0,6158.998
P2,8f2d08a7eb691ee3,"{""policy"":""P2"",""fixed_p"":12,""alpha"":16,""beta"":16,""ef_min"":8,""ef_max"":512}",1000,0.9984,1.0,12.0,12.0,21873.525,32747.949999999997,6764.525,9362.5,9933.35,1438.447,513.0,6466.514
P2,a37744a01a018757,"{""policy"":""P2"",""fixed_p"":12,""alpha"":16,""beta"":32,""ef_min"":8,""ef_max"":512}",1000,0.9984,1.0,12.0,12.0,24523.522,35753.2,6781.577,9362.5,9933.35,1607.143,513.0,7110.895
P2,97b7d97b01ba6868,"{""policy"":""P2"",""fixed_p"":12,""alpha"":16,""beta"":64,""ef_min"":8,""ef_max"":512}",1000,0.9984,1.0,12.0,12.0,29458.648,41063.299999999996,6811.9,9362.5,9968.13,1944.154,513.0,8385.363
P2,7305fb396ab1c379,"{""policy"":""P2"",""fixed_p"":13,""alpha"":1,""beta"":4,""ef_min"":8,""ef_max"":512}",1000,0.9821,0.9,13.0,13.0,5991.14,7030.349999999999,1406.656,2266.3499999999995,2539.0,289.649,103.0,2211.56
P2,39bca1c09d946d42,"{""policy"":""P2"",""fixed_p"":13,""alpha"":1,""beta"":8,""ef_min"":8,""ef_max"":512}",1000,0.9859,0.9,13.0,13.0,6294.331,7399.2,1476.758,2340.1,2614.1099999999997,304.348,107.0,2283.062
P2,be3360354a621769,"{""policy"":""P2"",""fixed_p"":13,""alpha"":1,""beta"":16,""ef_min"":8,""ef_max"":512}",1000,0.9913,0.9,13.0,13.0,7950.414,9348.2,1615.28,2503.05,2800.13,391.713,115.0,2672.846
P2,02d390564bde4ba0,"{""policy"":""P2"",""fixed_p"":13,""alpha"":1,""beta"":32,""ef_min"":8,""ef_max"":512}",1000,0.9935,0.9,13.0,13.0,11499.125,13455.05,1880.821,2828.05,3094.02,592.347,131.0,3531.356
P2,b995b714b01bce1d,"{""policy"":""P2"",""fixed_p"":13,""alpha"":1,""beta"":64,""ef_min"":8,""ef_max"":512}",1000,0.9964,1.0,13.0,13.0,18057.738,21126.15,2401.815,3437.05,3772.04,998.371,163.0,5162.349
P2,06a563f51d729c1e,"{""policy"":""P2"",""fixed_p"":13,""alpha"":2,""beta"":4,""ef_min"":8,""ef_max"":512}",1000,0.9939,0.9,13.0,13.0,7699.912,9190.1,2347.233,3825.05,4295.04,389.673,202.0,2646.237
P2,5f2aeb53044e1740,"{""policy"":""P2"",""fixed_p"":13,""alpha"":2,""beta"":8,""ef_min"":8,""ef_max"":512}",1000,0.9949,1.0,13.0,13.0,8057.733,9700.3,2406.673,3890.6499999999996,4377.139999999999,408.065,206.0,2730.945
P2,1ab704538d5a7d15,"{""policy"":""P2"",""fixed_p"":13,""alpha"":2,""beta"":16,""ef_min"":8,""ef_max"":512}",1000,0.9961,1.0,13.0,13.0,9686.943,11627.099999999999,2524.4,4026.1499999999996,4540.04,496.665,214.0,3125.184
P2,2a10ba36714dad5c,"{""policy"":""P2"",""fixed_p"":13,""alpha"":2,""beta"":32,""ef_min"":8,""ef_max"":512}",1000,0.9967,1.0,13.0,13.0,13154.942,15688.499999999998,2755.058,4325.549999999999,4821.1,698.012,230.0,3958.936
P2,ec0e48d3f89c94fb,"{""policy"":""P2"",""fixed_p"":13,""alpha"":2,""beta"":64,""ef_min"":8,""ef_max"":512}",1000,0.9977,1.0,13.0,13.0,19579.109,23165.35,3199.732,4854.2,5340.37,1104.471,262.0,5572.387
P2,79bd37b6a9d59bc9,"{""policy"":""P2"",""fixed_p"":13,""alpha"":4,""beta"":4,""ef_min"":8,""ef_max"":512}",1000,0.9977,1.0,13.0,13.0,10766.741,13414.05,3909.704,6518.05,7280.53,597.074,400.0,3461.568
P2,60739ebea00864f8,"{""policy"":""P2"",""fixed_p"":13,""alpha"":4,""beta"":8,""ef_min"":8,""ef_max"":512}",1000,0.9977,1.0,13.0,13.0,11167.835,14015.8,3958.915,6564.45,7337.4,618.935,404.0,3560.45
P2,82accce0a4e726ad,"{""policy"":""P2"",""fixed_p"":13,""alpha"":4,""beta"":16,""ef_min"":8,""ef_max"":512}",1000,0.9977999999999999,1.0,13.0,13.0,12730.017,15897.05,4056.335,6669.5,7430.789999999999,708.058,412.0,3944.194
P2,73ab7f3fc349e950,"{""policy"":""P2"",""fixed_p"":13,""alpha"":4,""beta"":32,""ef_min"":8,""ef_max"":512}",1000,0.9977999999999999,1.0,13.0,13.0,16082.683,19717.55,4246.504,6843.899999999998,7659.549999999999,910.14,428.0,4758.49
P2,04f6e0c10967a9c0,"{""policy"":""P2"",""fixed_p"":13,""alpha"":4,""beta"":64,""ef_min"":8,""ef_max"":512}",1000,0.9984,1.0,13.0,13.0,22310.168,26905.399999999998,4618.49,7284.25,8155.1,1316.9,460.0,6332.74
P2,0e5081b87635cc63,"{""policy"":""P2"",""fixed_p"":13,""alpha"":8,""beta"":4,""ef_min"":8,""ef_max"":512}",1000,0.998,1.0,13.0,13.0,15447.183,20743.35,5886.126,8959.05,9728.52,951.324,512.0,4751.711
P2,1273045b94586937,"{""policy"":""P2"",""fixed_p"":13,""alpha"":8,""beta"":8,""ef_min"":8,""ef_max"":512}",1000,0.9981,1.0,13.0,13.0,15840.129,21570.35,5910.887,8959.05,9728.52,973.714,512.0,4865.327
P2,b8792ca57ed7d7f3,"{""policy"":""P2"",""fixed_p"":13,""alpha"":8,""beta"":16,""ef_min"":8,""ef_max"":512}",1000,0.9982000000000001,1.0,13.0,13.0,17291.108,23261.15,5959.565,8962.05,9780.26,1059.812,512.0,5213.063
P2,83b288bffbd4743e,"{""policy"":""P2"",""fixed_p"":13,""alpha"":8,""beta"":32,""ef_min"":8,""ef_max"":512}",1000,0.9984,1.0,13.0,13.0,20431.079,26792.1,6053.805,8985.649999999998,9781.179999999998,1255.235,512.0,5989.393
P2,b3b8489cfc96141e,"{""policy"":""P2"",""fixed_p"":13,""alpha"":8,""beta"":64,""ef_min"":8,""ef_max"":512}",1000,0.9985,1.0,13.0,13.0,26262.575,33299.2,6222.938,9084.05,9781.179999999998,1646.039,512.0,7478.29
P2,7c86f2634965d31f,"{""policy"":""P2"",""fixed_p"":13,""alpha"":16,""beta"":4,""ef_min"":8,""ef_max"":512}",1000,0.9983,1.0,13.0,13.0,20676.612,31387.55,6750.248,9342.35,9933.35,1364.925,513.0,6209.917
P2,a5c752016675901c,"{""policy"":""P2"",""fixed_p"":13,""alpha"":16,""beta"":8,""ef_min"":8,""ef_max"":512}",1000,0.9984,1.0,13.0,13.0,20998.299,31828.149999999998,6754.882,9349.449999999999,9933.35,1384.751,513.0,6296.515
P2,e15c3fb2b19b0209,"{""policy"":""P2"",""fixed_p"":13,""alpha"":16,""beta"":16,""ef_min"":8,""ef_max"":512}",1000,0.9984,1.0,13.0,13.0,22306.38,33233.8,6764.525,9362.5,9933.35,1465.467,513.0,6627.299
P2,0c80fd6e139cba5e,"{""policy"":""P2"",""fixed_p"":13,""alpha"":16,""beta"":32,""ef_min"":8,""ef_max"":512}",1000,0.9985,1.0,13.0,13.0,25184.246,36607.299999999996,6781.577,9362.5,9933.35,1649.643,513.0,7329.964
P2,0d1f5f655e4bac84,"{""policy"":""P2"",""fixed_p"":13,""alpha"":16,""beta"":64,""ef_min"":8,""ef_max"":512}",1000,0.9985,1.0,13.0,13.0,30546.539,42144.09999999999,6811.9,9362.5,9968.13,2017.294,513.0,8714.836
P2,62f96f194fa13c1d,"{""policy"":""P2"",""fixed_p"":14,""alpha"":1,""beta"":4,""ef_min"":8,""ef_max"":512}",1000,0.9821,0.9,14.0,14.0,6332.227,7379.15,1406.779,2266.3499999999995,2539.0,310.471,103.0,2347.04
P2,de1473e1ff12686b,"{""policy"":""P2"",""fixed_p"":14,""alpha"":1,""beta"":8,""ef_min"":8,""ef_max"":512}",1000,0.9859,0.9,14.0,14.0,6635.418,7734.05,1476.871,2340.1,2614.1099999999997,325.17,107.0,2418.601
P2,63d4abd490bd21a9,"{""policy"":""P2"",""fixed_p"":14,""alpha"":1,""beta"":16,""ef_min"":8,""ef_max"":512}",1000,0.9913,0.9,14.0,14.0,8387.369,9761.249999999998,1615.376,2503.05,2800.13,418.626,115.0,2832.444
P2,3942a4206be11be8,"{""policy"":""P2"",""fixed_p"":14,""alpha"":1,""beta"":32,""ef_min"":8,""ef_max"":512}",1000,0.9935,0.9,14.0,14.0,12167.648,14184.3,1880.866,2828.05,3094.02,634.713,131.0,3750.335
P2,3388949374ea8a75,"{""policy"":""P2"",""fixed_p"":14,""alpha"":1,""beta"":64,""ef_min"":8,""ef_max"":512}",1000,0.9964,1.0,14.0,14.0,19169.421,22203.1,2403.351,3437.05,3772.04,1071.691,163.0,5493.695
P2,e31d7f90f81b17f4,"{""policy"":""P2"",""fixed_p"":14,""alpha"":2,""beta"":4,""ef_min"":8,""ef_max"":512}",1000,0.9939,0.9,14.0,14.0,8040.999,9513.05,2347.265,3825.05,4295.04,410.495,202.0,2781.717
P2,840b6e0c5cb52ec1,"{""policy"":""P2"",""fixed_p"":14,""alpha"":2,""beta"":8,""ef_min"":8,""ef_max"":512}",1000,0.9949,1.0,14.0,14.0,8398.82,10052.05,2406.684,3890.6499999999996,4377.139999999999,428.887,206.0,2866.786
P2,be3003dbd88ee867,"{""policy"":""P2"",""fixed_p"":14,""alpha"":2,""beta"":16,""ef_min"":8,""ef_max"":512}",1000,0.9961,1.0,14.0,14.0,10123.991,12072.449999999999,2524.4,4026.1499999999996,4540.04,523.584,214.0,3284.806
P2,50d86fde7746e27c,"{""policy"":""P2"",""fixed_p"":14,""alpha"":2,""beta"":32,""ef_min"":8,""ef_max"":512}",1000,0.9967,1.0,14.0,14.0,13823.776,16384.05,2755.058,4325.549999999999,4821.1,740.392,230.0,4178.009
P2,1a7cbc1a9a862f0b,"{""policy"":""P2"",""fixed_p"":14,""alpha"":2,""beta"":64,""ef_min"":8,""ef_max"":512}",1000,0.9977,1.0,14.0,14.0,20690.973,24208.4,3199.96,4854.2,5340.37,1177.8,262.0,5903.803
P2,a45f4fbb91277d2c,"{""policy"":""P2"",""fixed_p"":14,""alpha"":4,""beta"":4,""ef_min"":8,""ef_max"":512}",1000,0.9977,1.0,14.0,14.0,11107.828,13717.55,3909.704,6518.05,7280.53,617.896,400.0,3597.048
P2,284d35ae03a66df1,"{""policy"":""P2"",""fixed_p"":14,""alpha"":4,""beta"":8,""ef_min"":8,""ef_max"":512}",1000,0.9977,1.0,14.0,14.0,11509.152,14318.599999999999,3958.915,6564.45,7337.4,639.765,404.0,3696.003
P2,8058de3b53f32d87,"{""policy"":""P2"",""fixed_p"":14,""alpha"":4,""beta"":16,""ef_min"":8,""ef_max"":512}",1000,0.9977999999999999,1.0,14.0,14.0,13167.409,16268.8,4056.335,6669.5,7430.789999999999,734.995,412.0,4103.916
P2,4e69af260d325418,"{""policy"":""P2"",""fixed_p"":14,""alpha"":4,""beta"":32,""ef_min"":8,""ef_max"":512}",1000,0.9977999999999999,1.0,14.0,14.0,16751.747,20312.8,4246.504,6843.899999999998,7659.549999999999,952.537,428.0,4977.874
P2,acf012ba79afe5c9,"{""policy"":""P2"",""fixed_p"":14,""alpha"":4,""beta"":64,""ef_min"":8,""ef_max"":512}",1000,0.9984,1.0,14.0,14.0,23422.31,28049.4,4618.492,7284.25,8155.1,1390.247,460.0,6663.878
P2,75ef6f8c4c33a3bd,"{""policy"":""P2"",""fixed_p"":14,""alpha"":8,""beta"":4,""ef_min"":8,""ef_max"":512}",1000,0.998,1.0,14.0,14.0,15788.5,21007.499999999996,5886.126,8959.05,9728.52,972.154,512.0,4887.264
P2,a68289291e9f3fd1,"{""policy"":""P2"",""fixed_p"":14,""alpha"":8,""beta"":8,""ef_min"":8,""ef_max"":512}",1000,0.9981,1.0,14.0,14.0,16182.41,21866.649999999998,5910.887,8959.05,9728.52,994.597,512.0,5001.266
P2,378fa9dff8db4e10,"{""policy"":""P2"",""fixed_p"":14,""alpha"":8,""beta"":16,""ef_min"":8,""ef_max"":512}",1000,0.9982000000000001,1.0,14.0,14.0,17729.083,23620.749999999996,5959.565,8962.05,9780.26,1086.78,512.0,5372.919
P2,192ccc34c2284d89,"{""policy"":""P2"",""fixed_p"":14,""alpha"":8,""beta"":32,""ef_min"":8,""ef_max"":512}",1000,0.9984,1.0,14.0,14.0,21100.805,27434.0,6053.805,8985.649999999998,9781.179999999998,1297.669,512.0,6208.775
P2,6bb3df623658dfd2,"{""policy"":""P2"",""fixed_p"":14,""alpha"":8,""beta"":64,""ef_min"":8,""ef_max"":512}",1000,0.9985,1.0,14.0,14.0,27375.318,34389.2,6222.938,9084.05,9781.179999999998,1719.42,512.0,7809.675
P2,9e4a9a724b659b8e,"{""policy"":""P2"",""fixed_p"":14,""alpha"":16,""beta"":4,""ef_min"":8,""ef_max"":512}",1000,0.9983,1.0,14.0,14.0,21019.586,31711.3,6750.248,9342.35,9933.35,1385.844,513.0,6345.907
P2,ac877b086bd1493e,"{""policy"":""P2"",""fixed_p"":14,""alpha"":16,""beta"":8,""ef_min"":8,""ef_max"":512}",1000,0.9984,1.0,14.0,14.0,21341.856,32199.649999999994,6754.882,9349.449999999999,9933.35,1405.701,513.0,6432.639
P2,9498a8e8d45d985f,"{""policy"":""P2"",""fixed_p"":14,""alpha"":16,""beta"":16,""ef_min"":8,""ef_max"":512}",1000,0.9984,1.0,14.0,14.0,22745.793,33700.2,6764.525,9362.5,9933.35,1492.506,513.0,6787.385
P2,0b906946be6eb699,"{""policy"":""P2"",""fixed_p"":14,""alpha"":16,""beta"":32,""ef_min"":8,""ef_max"":512}",1000,0.9985,1.0,14.0,14.0,25855.376,37113.85,6781.577,9362.5,9933.35,1692.152,513.0,7549.529
P2,bfb40e46057ae293,"{""policy"":""P2"",""fixed_p"":14,""alpha"":16,""beta"":64,""ef_min"":8,""ef_max"":512}",1000,0.9985,1.0,14.0,14.0,31660.654,43206.25,6811.9,9362.5,9968.13,2090.752,513.0,9046.5
P2,1193687189e9abe6,"{""policy"":""P2"",""fixed_p"":15,""alpha"":1,""beta"":4,""ef_min"":8,""ef_max"":512}",1000,0.9821,0.9,15.0,15.0,6675.366,7729.949999999999,1406.779,2266.3499999999995,2539.0,331.289,103.0,2485.319
P2,24dec503a61eff7d,"{""policy"":""P2"",""fixed_p"":15,""alpha"":1,""beta"":8,""ef_min"":8,""ef_max"":512}",1000,0.9859,0.9,15.0,15.0,6978.557,8091.2,1476.871,2340.1,2614.1099999999997,345.988,107.0,2556.93
P2,3daf0f7153e26061,"{""policy"":""P2"",""fixed_p"":15,""alpha"":1,""beta"":16,""ef_min"":8,""ef_max"":512}",1000,0.9913,0.9,15.0,15.0,8824.311,10228.05,1615.376,2503.05,2800.13,445.329,115.0,2994.349
P2,b99189219b10150b,"{""policy"":""P2"",""fixed_p"":15,""alpha"":1,""beta"":32,""ef_min"":8,""ef_max"":512}",1000,0.9935,0.9,15.0,15.0,12843.31,14782.15,1880.888,2828.05,3094.02,676.91,131.0,3970.662
P2,ec0c52a9af27456a,"{""policy"":""P2"",""fixed_p"":15,""alpha"":1,""beta"":64,""ef_min"":8,""ef_max"":512}",1000,0.9964,1.0,15.0,15.0,20299.377,23282.5,2403.351,3437.05,3772.04,1144.738,163.0,5828.917
P2,33cceaded0a4133d,"{""policy"":""P2"",""fixed_p"":15,""alpha"":2,""beta"":4,""ef_min"":8,""ef_max"":512}",1000,0.9939,0.9,15.0,15.0,8384.138,9864.0,2347.265,3825.05,4295.04,431.313,202.0,2919.996
P2,4ba347c2f4a08944,"{""policy"":""P2"",""fixed_p"":15,""alpha"":2,""beta"":8,""ef_min"":8,""ef_max"":512}",1000,0.9949,1.0,15.0,15.0,8741.959,10389.1,2406.684,3890.6499999999996,4377.139999999999,449.705,206.0,3005.077
P2,1823095ad55acddc,"{""policy"":""P2"",""fixed_p"":15,""alpha"":2,""beta"":16,""ef_min"":8,""ef_max"":512}",1000,0.9961,1.0,15.0,15.0,10560.995,12530.599999999999,2524.4,4026.1499999999996,4540.04,550.29,214.0,3446.731
P2,ddaef65407451f9a,"{""policy"":""P2"",""fixed_p"":15,""alpha"":2,""beta"":32,""ef_min"":8,""ef_max"":512}",1000,0.9967,1.0,15.0,15.0,14499.449,16985.35,2755.058,4325.549999999999,4821.1,782.591,230.0,4398.252
P2,968043c84b55e1b4,"{""policy"":""P2"",""fixed_p"":15,""alpha"":2,""beta"":64,""ef_min"":8,""ef_max"":512}",1000,0.9977,1.0,15.0,15.0,21820.95,25348.399999999998,3199.96,4854.2,5340.37,1250.85,262.0,6239.042
P2,c52a401c89372c00,"{""policy"":""P2"",""fixed_p"":15,""alpha"":4,""beta"":4,""ef_min"":8,""ef_max"":512}",1000,0.9977,1.0,15.0,15.0,11450.967,14061.15,3909.704,6518.05,7280.53,638.714,400.0,3735.327
P2,2dbd96cee20a4253,"{""policy"":""P2"",""fixed_p"":15,""alpha"":4,""beta"":8,""ef_min"":8,""ef_max"":512}",1000,0.9977,1.0,15.0,15.0,11852.415,14647.3,3958.915,6564.45,7337.4,660.589,404.0,3834.268
P2,ff8edb0ce68d3e90,"{""policy"":""P2"",""fixed_p"":15,""alpha"":4,""beta"":16,""ef_min"":8,""ef_max"":512}",1000,0.9977999999999999,1.0,15.0,15.0,13604.51,16738.15,4056.335,6669.5,7430.789999999999,761.707,412.0,4265.874
P2,0da0cf6c6888d769,"{""policy"":""P2"",""fixed_p"":15,""alpha"":4,""beta"":32,""ef_min"":8,""ef_max"":512}",1000,0.9977999999999999,1.0,15.0,15.0,17427.542,21049.699999999997,4246.504,6843.899999999998,7659.549999999999,994.742,428.0,5198.317
P2,7d387563fb595d18,"{""policy"":""P2"",""fixed_p"":15,""alpha"":4,""beta"":64,""ef_min"":8,""ef_max"":512}",1000,0.9984,1.0,15.0,15.0,24552.358,29201.15,4618.492,7284.25,8155.1,1463.303,460.0,6999.103
P2,b5287c197a1dce56,"{""policy"":""P2"",""fixed_p"":15,""alpha"":8,""beta"":4,""ef_min"":8,""ef_max"":512}",1000,0.998,1.0,15.0,15.0,16131.763,21340.5,5886.126,8959.05,9728.52,992.978,512.0,5025.529
P2,58aefc11220e76db,"{""policy"":""P2"",""fixed_p"":15,""alpha"":8,""beta"":8,""ef_min"":8,""ef_max"":512}",1000,0.9981,1.0,15.0,15.0,16525.841,22074.549999999996,5910.887,8959.05,9728.52,1015.429,512.0,5139.579
P2,4431443ff9c1b1c2,"{""policy"":""P2"",""fixed_p"":15,""alpha"":8,""beta"":16,""ef_min"":8,""ef_max"":512}",1000,0.9982000000000001,1.0,15.0,15.0,18166.483,24069.05,5959.565,8962.05,9780.26,1113.508,512.0,5534.915
P2,daa3f33f0c19254d,"{""policy"":""P2"",""fixed_p"":15,""alpha"":8,""beta"":32,""ef_min"":8,""ef_max"":512}",1000,0.9984,1.0,15.0,15.0,21776.786,28061.3,6053.805,8985.649999999998,9781.179999999998,1339.884,512.0,6429.172
P2,2dc4c2fdfd4af28f,"{""policy"":""P2"",""fixed_p"":15,""alpha"":8,""beta"":64,""ef_min"":8,""ef_max"":512}",1000,0.9985,1.0,15.0,15.0,28505.545,35621.049999999996,6222.938,9084.05,9781.179999999998,1792.488,512.0,8145.019
P2,3a278f12a62a912c,"{""policy"":""P2"",""fixed_p"":15,""alpha"":16,""beta"":4,""ef_min"":8,""ef_max"":512}",1000,0.9983,1.0,15.0,15.0,21363.193,32051.799999999996,6750.248,9342.35,9933.35,1406.686,513.0,6484.289
P2,305e1be624bf450e,"{""policy"":""P2"",""fixed_p"":15,""alpha"":16,""beta"":8,""ef_min"":8,""ef_max"":512}",1000,0.9984,1.0,15.0,15.0,21685.762,32580.1,6754.882,9349.449999999999,9933.35,1426.559,513.0,6571.059
P2,6bfbd682a06c9564,"{""policy"":""P2"",""fixed_p"":15,""alpha"":16,""beta"":16,""ef_min"":8,""ef_max"":512}",1000,0.9984,1.0,15.0,15.0,23183.5,34131.25,6764.525,9362.5,9933.35,1519.253,513.0,6949.474
P2,2e72f39b396e0e42,"{""policy"":""P2"",""fixed_p"":15,""alpha"":16,""beta"":32,""ef_min"":8,""ef_max"":512}",1000,0.9985,1.0,15.0,15.0,26531.726,37739.6,6781.577,9362.5,9933.35,1734.391,513.0,7770.019
P2,5266af6d0ef4e42c,"{""policy"":""P2"",""fixed_p"":15,""alpha"":16,""beta"":64,""ef_min"":8,""ef_max"":512}",1000,0.9985,1.0,15.0,15.0,32791.227,44302.649999999994,6811.9,9362.5,9968.13,2163.844,513.0,9381.938
P2,d29623778d6ed46c,"{""policy"":""P2"",""fixed_p"":16,""alpha"":1,""beta"":4,""ef_min"":8,""ef_max"":512}",1000,0.9822000000000001,0.9,16.0,16.0,7015.662,8086.4,1406.795,2266.3499999999995,2539.0,352.342,103.0,2621.683
P2,188408073397299f,"{""policy"":""P2"",""fixed_p"":16,""alpha"":1,""beta"":8,""ef_min"":8,""ef_max"":512}",1000,0.986,0.9,16.0,16.0,7318.853,8458.0,1476.887,2340.1,2614.1099999999997,367.041,107.0,2693.294
P2,e8bdd3525a69764b,"{""policy"":""P2"",""fixed_p"":16,""alpha"":1,""beta"":16,""ef_min"":8,""ef_max"":512}",1000,0.9914,0.9,16.0,16.0,9261.904,10660.949999999999,1615.419,2503.05,2800.13,472.591,115.0,3156.257
P2,232511264e97d6b5,"{""policy"":""P2"",""fixed_p"":16,""alpha"":1,""beta"":32,""ef_min"":8,""ef_max"":512}",1000,0.9936,0.9,16.0,16.0,13510.036,15411.65,1880.888,2828.05,3094.02,719.366,131.0,4192.205
P2,6c035a053cdd4ab6,"{""policy"":""P2"",""fixed_p"":16,""alpha"":1,""beta"":64,""ef_min"":8,""ef_max"":512}",1000,0.9965,1.0,16.0,16.0,21416.725,24355.5,2403.923,3437.05,3772.04,1218.055,163.0,6163.387
P2,7957e681fc97e045,"{""policy"":""P2"",""fixed_p"":16,""alpha"":2,""beta"":4,""ef_min"":8,""ef_max"":512}",1000,0.994,0.9,16.0,16.0,8724.434,10208.3,2347.265,3825.05,4295.04,452.366,202.0,3056.36
P2,7d7b22516c105ea4,"{""policy"":""P2"",""fixed_p"":16,""alpha"":2,""beta"":8,""ef_min"":8,""ef_max"":512}",1000,0.995,1.0,16.0,16.0,9082.255,10726.3,2406.684,3890.6499999999996,4377.139999999999,470.758,206.0,3141.441
P2,ca7d74c9103f873c,"{""policy"":""P2"",""fixed_p"":16,""alpha"":2,""beta"":16,""ef_min"":8,""ef_max"":512}",1000,0.9962000000000001,1.0,16.0,16.0,10998.588,12949.699999999999,2524.4,4026.1499999999996,4540.04,577.552,214.0,3608.639
P2,644339b30ce24622,"{""policy"":""P2"",""fixed_p"":16,""alpha"":2,""beta"":32,""ef_min"":8,""ef_max"":512}",1000,0.9967999999999999,1.0,16.0,16.0,15166.175,17608.449999999997,2755.058,4325.549999999999,4821.1,825.047,230.0,4619.795
P2,d578689bcb8e86a4,"{""policy"":""P2"",""fixed_p"":16,""alpha"":2,""beta"":64,""ef_min"":8,""ef_max"":512}",1000,0.9977999999999999,1.0,16.0,16.0,22938.298,26450.5,3199.96,4854.2,5340.37,1324.167,262.0,6573.512
P2,8d1646e80034b879,"{""policy"":""P2"",""fixed_p"":16,""alpha"":4,""beta"":4,""ef_min"":8,""ef_max"":512}",1000,0.9977999999999999,1.0,16.0,16.0,11791.263,14415.05,3909.704,6518.05,7280.53,659.767,400.0,3871.691
P2,83d803dc551989ca,"{""policy"":""P2"",""fixed_p"":16,""alpha"":4,""beta"":8,""ef_min"":8,""ef_max"":512}",1000,0.9977999999999999,1.0,16.0,16.0,12192.711,15015.8,3958.915,6564.45,7337.4,681.642,404.0,3970.632
P2,e55651b354682be3,"{""policy"":""P2"",""fixed_p"":16,""alpha"":4,""beta"":16,""ef_min"":8,""ef_max"":512}",1000,0.9979,1.0,16.0,16.0,14042.103,17143.35,4056.335,6669.5,7430.789999999999,788.969,412.0,4427.782
P2,89a970763e83ebc2,"{""policy"":""P2"",""fixed_p"":16,""alpha"":4,""beta"":32,""ef_min"":8,""ef_max"":512}",1000,0.9979,1.0,16.0,16.0,18094.268,21632.1,4246.504,6843.899999999998,7659.549999999999,1037.198,428.0,5419.86
P2,7225663eb8e702af,"{""policy"":""P2"",""fixed_p"":16,""alpha"":4,""beta"":64,""ef_min"":8,""ef_max"":512}",1000,0.9985,1.0,16.0,16.0,25669.706,30142.35,4618.492,7284.25,8155.1,1536.62,460.0,7333.573
P2,dd7a3b9ea39e9c0d,"{""policy"":""P2"",""fixed_p"":16,""alpha"":8,""beta"":4,""ef_min"":8,""ef_max"":512}",1000,0.9981,1.0,16.0,16.0,16472.059,21674.4,5886.126,8959.05,9728.52,1014.031,512.0,5161.893
P2,bae2e32d58e2ecab,"{""policy"":""P2"",""fixed_p"":16,""alpha"":8,""beta"":8,""ef_min"":8,""ef_max"":512}",1000,0.9982000000000001,1.0,16.0,16.0,16866.137,22431.199999999997,5910.887,8959.05,9728.52,1036.482,512.0,5275.943
P2,43ceaac1ec092683,"{""policy"":""P2"",""fixed_p"":16,""alpha"":8,""beta"":16,""ef_min"":8,""ef_max"":512}",1000,0.9983,1.0,16.0,16.0,18604.076,24478.899999999998,5959.565,8962.05,9780.26,1140.77,512.0,5696.823
P2,f5bd121099250b76,"{""policy"":""P2"",""fixed_p"":16,""alpha"":8,""beta"":32,""ef_min"":8,""ef_max"":512}",1000,0.9985,1.0,16.0,16.0,22443.512,28630.499999999996,6053.805,8985.649999999998,9781.179999999998,1382.34,512.0,6650.715
P2,31bbea0176539bb8,"{""policy"":""P2"",""fixed_p"":16,""alpha"":8,""beta"":64,""ef_min"":8,""ef_max"":512}",1000,0.9986,1.0,16.0,16.0,29622.893,36616.95,6222.938,9084.05,9781.179999999998,1865.805,512.0,8479.489
P2,4f160026ceffab2c,"{""policy"":""P2"",""fixed_p"":16,""alpha"":16,""beta"":4,""ef_min"":8,""ef_max"":512}",1000,0.9984,1.0,16.0,16.0,21703.489,32351.249999999996,6750.248,9342.35,9933.35,1427.739,513.0,6620.653
P2,7c3ec30181835b4b,"{""policy"":""P2"",""fixed_p"":16,""alpha"":16,""beta"":8,""ef_min"":8,""ef_max"":512}",1000,0.9985,1.0,16.0,16.0,22026.058,32928.1,6754.882,9349.449999999999,9933.35,1447.612,513.0,6707.423
P2,f8699b31c3b101a4,"{""policy"":""P2"",""fixed_p"":16,""alpha"":16,""beta"":16,""ef_min"":8,""ef_max"":512}",1000,0.9985,1.0,16.0,16.0,23621.093,34528.649999999994,6764.525,9362.5,9933.35,1546.515,513.0,7111.382
P2,1114e004bbbd7d97,"{""policy"":""P2"",""fixed_p"":16,""alpha"":16,""beta"":32,""ef_min"":8,""ef_max"":512}",1000,0.9986,1.0,16.0,16.0,27198.452,38388.24999999999,6781.577,9362.5,9933.35,1776.847,513.0,7991.562
P2,e8afd1f5d2b25e36,"{""policy"":""P2"",""fixed_p"":16,""alpha"":16,""beta"":64,""ef_min"":8,""ef_max"":512}",1000,0.9986,1.0,16.0,16.0,33908.575,45247.49999999999,6811.9,9362.5,9968.13,2237.161,513.0,9716.408
P2,15c7b6b53f0256d6,"{""policy"":""P2"",""fixed_p"":17,""alpha"":1,""beta"":4,""ef_min"":8,""ef_max"":512}",1000,0.9823,0.9,17.0,17.0,7349.421,8458.0,1406.795,2266.3499999999995,2539.0,373.066,103.0,2756.908
P2,010d968feb470d74,"{""policy"":""P2"",""fixed_p"":17,""alpha"":1,""beta"":8,""ef_min"":8,""ef_max"":512}",1000,0.9861,0.9,17.0,17.0,7652.612,8833.449999999999,1476.887,2340.1,2614.1099999999997,387.765,107.0,2828.519
P2,dbad67f229788130,"{""policy"":""P2"",""fixed_p"":17,""alpha"":1,""beta"":16,""ef_min"":8,""ef_max"":512}",1000,0.9915,0.9,17.0,17.0,9689.526,11112.8,1615.431,2503.05,2800.13,499.385,115.0,3315.123
P2,98b2c90550c1b859,"{""policy"":""P2"",""fixed_p"":17,""alpha"":1,""beta"":32,""ef_min"":8,""ef_max"":512}",1000,0.9937999999999999,0.9,17.0,17.0,14171.861,16129.15,1880.913,2828.05,3094.02,761.555,131.0,4408.983
P2,f4b36bca23f00acb,"{""policy"":""P2"",""fixed_p"":17,""alpha"":1,""beta"":64,""ef_min"":8,""ef_max"":512}",1000,0.9967,1.0,17.0,17.0,22531.036,25484.55,2405.355,3437.05,3772.04,1291.007,163.0,6497.898
P2,70e06c17c1a02fb8,"{""policy"":""P2"",""fixed_p"":17,""alpha"":2,""beta"":4,""ef_min"":8,""ef_max"":512}",1000,0.9941,0.9,17.0,17.0,9058.193,10586.2,2347.265,3825.05,4295.04,473.09,202.0,3191.585
P2,bf1c38e65835d6e5,"{""policy"":""P2"",""fixed_p"":17,""alpha"":2,""beta"":8,""ef_min"":8,""ef_max"":512}",1000,0.9951,1.0,17.0,17.0,9416.014,11068.05,2406.684,3890.6499999999996,4377.139999999999,491.482,206.0,3276.666
P2,cc3f1a30568b4c20,"{""policy"":""P2"",""fixed_p"":17,""alpha"":2,""beta"":16,""ef_min"":8,""ef_max"":512}",1000,0.9963,1.0,17.0,17.0,11426.21,13401.55,2524.4,4026.1499999999996,4540.04,604.346,214.0,3767.505
P2,7caee28dceb1c425,"{""policy"":""P2"",""fixed_p"":17,""alpha"":2,""beta"":32,""ef_min"":8,""ef_max"":512}",1000,0.997,1.0,17.0,17.0,15828.0,18309.15,2755.058,4325.549999999999,4821.1,867.236,230.0,4836.573
P2,6cbea6421666dc18,"{""policy"":""P2"",""fixed_p"":17,""alpha"":2,""beta"":64,""ef_min"":8,""ef_max"":512}",1000,0.998,1.0,17.0,17.0,24052.609,27578.3,3199.968,4854.2,5340.37,1397.119,262.0,6908.023
P2,24a15d0f30f7304b,"{""policy"":""P2"",""fixed_p"":17,""alpha"":4,""beta"":4,""ef_min"":8,""ef_max"":512}",1000,0.9979,1.0,17.0,17.0,12125.022,14776.749999999998,3909.704,6518.05,7280.53,680.491,400.0,4006.916
P2,fb978df9e492d73c,"{""policy"":""P2"",""fixed_p"":17,""alpha"":4,""beta"":8,""ef_min"":8,""ef_max"":512}",1000,0.9979,1.0,17.0,17.0,12526.47,15402.599999999999,3958.915,6564.45,7337.4,702.366,404.0,4105.857
P2,e1edf616a3c2178b,"{""policy"":""P2"",""fixed_p"":17,""alpha"":4,""beta"":16,""ef_min"":8,""ef_max"":512}",1000,0.998,1.0,17.0,17.0,14469.725,17588.0,4056.335,6669.5,7430.789999999999,815.763,412.0,4586.648
P2,bb306dd410343d62,"{""policy"":""P2"",""fixed_p"":17,""alpha"":4,""beta"":32,""ef_min"":8,""ef_max"":512}",1000,0.9981,1.0,17.0,17.0,18756.093,22320.25,4246.504,6843.899999999998,7659.549999999999,1079.387,428.0,5636.638
P2,ed3969fa259f1d70,"{""policy"":""P2"",""fixed_p"":17,""alpha"":4,""beta"":64,""ef_min"":8,""ef_max"":512}",1000,0.9987,1.0,17.0,17.0,26784.017,31262.5,4618.492,7284.25,8155.1,1609.572,460.0,7668.084
P2,11387e25b24fbe99,"{""policy"":""P2"",""fixed_p"":17,""alpha"":8,""beta"":4,""ef_min"":8,""ef_max"":512}",1000,0.9982000000000001,1.0,17.0,17.0,16805.818,22082.2,5886.126,8959.05,9728.52,1034.755,512.0,5297.118
P2,3a3fd8e31a9b0428,"{""policy"":""P2"",""fixed_p"":17,""alpha"":8,""beta"":8,""ef_min"":8,""ef_max"":512}",1000,0.9983,1.0,17.0,17.0,17199.896,22772.6,5910.887,8959.05,9728.52,1057.206,512.0,5411.168
P2,0e2fdc67a67a6142,"{""policy"":""P2"",""fixed_p"":17,""alpha"":8,""beta"":16,""ef_min"":8,""ef_max"":512}",1000,0.9984,1.0,17.0,17.0,19031.698,24913.05,5959.565,8962.05,9780.26,1167.564,512.0,5855.689
P2,bd135efae0ce4e21,"{""policy"":""P2"",""fixed_p"":17,""alpha"":8,""beta"":32,""ef_min"":8,""ef_max"":512}",1000,0.9987,1.0,17.0,17.0,23105.337,29360.95,6053.805,8985.649999999998,9781.179999999998,1424.529,512.0,6867.493
P2,495286f57d9682f5,"{""policy"":""P2"",""fixed_p"":17,""alpha"":8,""beta"":64,""ef_min"":8,""ef_max"":512}",1000,0.9987999999999999,1.0,17.0,17.0,30737.204,37751.1,6222.938,9084.05,9781.179999999998,1938.757,512.0,8814.0
P2,4df963fab8921864,"{""policy"":""P2"",""fixed_p"":17,""alpha"":16,""beta"":4,""ef_min"":8,""ef_max"":512}",1000,0.9985,1.0,17.0,17.0,22037.248,32647.199999999997,6750.248,9342.35,9933.35,1448.463,513.0,6755.878
P2,c1b837998aa85d54,"{""policy"":""P2"",""fixed_p"":17,""alpha"":16,""beta"":8,""ef_min"":8,""ef_max"":512}",1000,0.9986,1.0,17.0,17.0,22359.817,33180.9,6754.882,9349.449999999999,9933.35,1468.336,513.0,6842.648
P2,ea608fbb5563005f,"{""policy"":""P2"",""fixed_p"":17,""alpha"":16,""beta"":16,""ef_min"":8,""ef_max"":512}",1000,0.9986,1.0,17.0,17.0,24048.715,34901.99999999999,6764.525,9362.5,9933.35,1573.309,513.0,7270.248
P2,8fe35e1c4046a092,"{""policy"":""P2"",""fixed_p"":17,""alpha"":16,""beta"":32,""ef_min"":8,""ef_max"":512}",1000,0.9987999999999999,1.0,17.0,17.0,27860.277,39178.6,6781.577,9362.5,9933.35,1819.036,513.0,8208.34
P2,5e37c985ee620892,"{""policy"":""P2"",""fixed_p"":17,""alpha"":16,""beta"":64,""ef_min"":8,""ef_max"":512}",1000,0.9987999999999999,1.0,17.0,17.0,35022.886,46438.1,6811.9,9362.5,9968.13,2310.113,513.0,10050.919
P2,e1bae98709d02384,"{""policy"":""P2"",""fixed_p"":18,""alpha"":1,""beta"":4,""ef_min"":8,""ef_max"":512}",1000,0.9823999999999999,0.9,18.0,18.0,7685.028,8809.1,1406.795,2266.3499999999995,2539.0,393.64,103.0,2893.019
P2,c040a222af937873,"{""policy"":""P2"",""fixed_p"":18,""alpha"":1,""beta"":8,""ef_min"":8,""ef_max"":512}",1000,0.9862000000000001,0.9,18.0,18.0,7988.219,9181.3,1476.887,2340.1,2614.1099999999997,408.339,107.0,2964.63
P2,74314317dae8008d,"{""policy"":""P2"",""fixed_p"":18,""alpha"":1,""beta"":16,""ef_min"":8,""ef_max"":512}",1000,0.9916,0.9,18.0,18.0,10121.382,11578.4,1615.442,2503.05,2800.13,526.062,115.0,3476.359
P2,2c4ac655ba2c759b,"{""policy"":""P2"",""fixed_p"":18,""alpha"":1,""beta"":32,""ef_min"":8,""ef_max"":512}",1000,0.9939,0.9,18.0,18.0,14835.723,16765.3,1880.949,2828.05,3094.02,803.695,131.0,4628.297
P2,90566c0c8b26ed36,"{""policy"":""P2"",""fixed_p"":18,""alpha"":1,""beta"":64,""ef_min"":8,""ef_max"":512}",1000,0.9967999999999999,1.0,18.0,18.0,23641.871,26686.45,2405.454,3437.05,3772.04,1364.145,163.0,6833.524
P2,b8c9582d2a60719a,"{""policy"":""P2"",""fixed_p"":18,""alpha"":2,""beta"":4,""ef_min"":8,""ef_max"":512}",1000,0.9942000000000001,0.9,18.0,18.0,9393.8,10939.15,2347.265,3825.05,4295.04,493.664,202.0,3327.696
P2,a0ea7c896219580e,"{""policy"":""P2"",""fixed_p"":18,""alpha"":2,""beta"":8,""ef_min"":8,""ef_max"":512}",1000,0.9952000000000001,1.0,18.0,18.0,9751.621,11445.05,2406.684,3890.6499999999996,4377.139999999999,512.056,206.0,3412.777
P2,c815addc9b0ec6aa,"{""policy"":""P2"",""fixed_p"":18,""alpha"":2,""beta"":16,""ef_min"":8,""ef_max"":512}",1000,0.9964,1.0,18.0,18.0,11858.066,13824.449999999999,2524.4,4026.1499999999996,4540.04,631.023,214.0,3928.741
P2,299e073f285d41e5,"{""policy"":""P2"",""fixed_p"":18,""alpha"":2,""beta"":32,""ef_min"":8,""ef_max"":512}",1000,0.9971,1.0,18.0,18.0,16491.862,18950.35,2755.058,4325.549999999999,4821.1,909.376,230.0,5055.887
P2,10ce7762398ec3ee,"{""policy"":""P2"",""fixed_p"":18,""alpha"":2,""beta"":64,""ef_min"":8,""ef_max"":512}",1000,0.9981,1.0,18.0,18.0,25163.444,28654.4,3199.968,4854.2,5340.37,1470.257,262.0,7243.649
P2,94274ab312e537e4,"{""policy"":""P2"",""fixed_p"":18,""alpha"":4,""beta"":4,""ef_min"":8,""ef_max"":512}",1000,0.998,1.0,18.0,18.0,12460.629,15119.149999999998,3909.704,6518.05,7280.53,701.065,400.0,4143.027
P2,8b1bfb3570b70771,"{""policy"":""P2"",""fixed_p"":18,""alpha"":4,""beta"":8,""ef_min"":8,""ef_max"":512}",1000,0.998,1.0,18.0,18.0,12862.077,15735.75,3958.915,6564.45,7337.4,722.94,404.0,4241.968
P2,f16c4e865b47cb84,"{""policy"":""P2"",""fixed_p"":18,""alpha"":4,""beta"":16,""ef_min"":8,""ef_max"":512}",1000,0.9981,1.0,18.0,18.0,14901.581,18041.25,4056.335,6669.5,7430.789999999999,842.44,412.0,4747.884
P2,045cffb4e268ad49,"{""policy"":""P2"",""fixed_p"":18,""alpha"":4,""beta"":32,""ef_min"":8,""ef_max"":512}",1000,0.9982000000000001,1.0,18.0,18.0,19419.955,23017.2,4246.504,6843.899999999998,7659.549999999999,1121.527,428.0,5855.952
P2,d7c98fdb6da3e11a,"{""policy"":""P2"",""fixed_p"":18,""alpha"":4,""beta"":64,""ef_min"":8,""ef_max"":512}",1000,0.9987999999999999,1.0,18.0,18.0,27894.852,32430.55,4618.492,7284.25,8155.1,1682.71,460.0,8003.71
P2,bb826b84c5869f0c,"{""policy"":""P2"",""fixed_p"":18,""alpha"":8,""beta"":4,""ef_min"":8,""ef_max"":512}",1000,0.9983,1.0,18.0,18.0,17141.425,22461.85,5886.126,8959.05,9728.52,1055.329,512.0,5433.229
P2,46792ba656eaf539,"{""policy"":""P2"",""fixed_p"":18,""alpha"":8,""beta"":8,""ef_min"":8,""ef_max"":512}",1000,0.9984,1.0,18.0,18.0,17535.503,23203.0,5910.887,8959.05,9728.52,1077.78,512.0,5547.279
P2,e1318fa959d323f4,"{""policy"":""P2"",""fixed_p"":18,""alpha"":8,""beta"":16,""ef_min"":8,""ef_max"":512}",1000,0.9985,1.0,18.0,18.0,19463.554,25292.899999999998,5959.565,8962.05,9780.26,1194.241,512.0,6016.925
P2,92e54560c3aeec17,"{""policy"":""P2"",""fixed_p"":18,""alpha"":8,""beta"":32,""ef_min"":8,""ef_max"":512}",1000,0.9987999999999999,1.0,18.0,18.0,23769.199,29965.499999999996,6053.805,8985.649999999998,9781.179999999998,1466.669,512.0,7086.807
P2,4b4e6535212b6a8f,"{""policy"":""P2"",""fixed_p"":18,""alpha"":8,""beta"":64,""ef_min"":8,""ef_max"":512}",1000,0.9989,1.0,18.0,18.0,31848.039,38918.6,6222.938,9084.05,9781.179999999998,2011.895,512.0,9149.626
P2,080def81022b295d,"{""policy"":""P2"",""fixed_p"":18,""alpha"":16,""beta"":4,""ef_min"":8,""ef_max"":512}",1000,0.9986,1.0,18.0,18.0,22372.855,33099.5,6750.248,9342.35,9933.35,1469.037,513.0,6891.989
P2,93a4d12f18143eaf,"{""policy"":""P2"",""fixed_p"":18,""alpha"":16,""beta"":8,""ef_min"":8,""ef_max"":512}",1000,0.9987,1.0,18.0,18.0,22695.424,33607.45,6754.882,9349.449999999999,9933.35,1488.91,513.0,6978.759
P2,c4f3bf178edd7f57,"{""policy"":""P2"",""fixed_p"":18,""alpha"":16,""beta"":16,""ef_min"":8,""ef_max"":512}",1000,0.9987,1.0,18.0,18.0,24480.571,35465.0,6764.525,9362.5,9933.35,1599.986,513.0,7431.484
P2,985abc335f38698b,"{""policy"":""P2"",""fixed_p"":18,""alpha"":16,""beta"":32,""ef_min"":8,""ef_max"":512}",1000,0.9989,1.0,18.0,18.0,28524.139,39814.55,6781.577,9362.5,9933.35,1861.176,513.0,8427.654
P2,0c2db3dc1721a6fb,"{""policy"":""P2"",""fixed_p"":18,""alpha"":16,""beta"":64,""ef_min"":8,""ef_max"":512}",1000,0.9989,1.0,18.0,18.0,36133.721,47467.09999999999,6811.9,9362.5,9968.13,2383.251,513.0,10386.545
P2,e4233bf88cb659cd,"{""policy"":""P2"",""fixed_p"":19,""alpha"":1,""beta"":4,""ef_min"":8,""ef_max"":512}",1000,0.9823999999999999,0.9,19.0,19.0,8029.364,9162.4,1406.795,2266.3499999999995,2539.0,414.043,103.0,3032.689
P2,2695234633396502,"{""policy"":""P2"",""fixed_p"":19,""alpha"":1,""beta"":8,""ef_min"":8,""ef_max"":512}",1000,0.9862000000000001,0.9,19.0,19.0,8332.555,9568.1,1476.887,2340.1,2614.1099999999997,428.742,107.0,3104.3
P2,d8f3391225aaf19f,"{""policy"":""P2"",""fixed_p"":19,""alpha"":1,""beta"":16,""ef_min"":8,""ef_max"":512}",1000,0.9916,0.9,19.0,19.0,10564.427,12054.35,1615.442,2503.05,2800.13,552.599,115.0,3640.397
P2,3fcb9a9be368af31,"{""policy"":""P2"",""fixed_p"":19,""alpha"":1,""beta"":32,""ef_min"":8,""ef_max"":512}",1000,0.9939,0.9,19.0,19.0,15519.639,17519.85,1881.137,2828.05,3094.02,845.946,131.0,4856.42
P2,a475473dd54efc65,"{""policy"":""P2"",""fixed_p"":19,""alpha"":1,""beta"":64,""ef_min"":8,""ef_max"":512}",1000,0.9967999999999999,1.0,19.0,19.0,24778.654,27814.45,2405.626,3437.05,3772.04,1437.301,163.0,7177.889
P2,8e77434df76a92cd,"{""policy"":""P2"",""fixed_p"":19,""alpha"":2,""beta"":4,""ef_min"":8,""ef_max"":512}",1000,0.9942000000000001,0.9,19.0,19.0,9738.136,11318.55,2347.265,3825.05,4295.04,514.067,202.0,3467.366
P2,aa367a0d12eeaba1,"{""policy"":""P2"",""fixed_p"":19,""alpha"":2,""beta"":8,""ef_min"":8,""ef_max"":512}",1000,0.9952000000000001,1.0,19.0,19.0,10095.957,11838.05,2406.684,3890.6499999999996,4377.139999999999,532.459,206.0,3552.447
P2,4111d5c45ba5aaad,"{""policy"":""P2"",""fixed_p"":19,""alpha"":2,""beta"":16,""ef_min"":8,""ef_max"":512}",1000,0.9964,1.0,19.0,19.0,12301.111,14299.25,2524.4,4026.1499999999996,4540.04,657.56,214.0,4092.779
P2,490e4ab07a485d9c,"{""policy"":""P2"",""fixed_p"":19,""alpha"":2,""beta"":32,""ef_min"":8,""ef_max"":512}",1000,0.9971,1.0,19.0,19.0,17175.778,19748.499999999996,2755.117,4325.549999999999,4821.1,951.627,230.0,5284.01
P2,05f2aca1d14d6775,"{""policy"":""P2"",""fixed_p"":19,""alpha"":2,""beta"":64,""ef_min"":8,""ef_max"":512}",1000,0.9981,1.0,19.0,19.0,26300.227,29862.1,3200.003,4854.2,5340.37,1543.413,262.0,7588.014
P2,87520a239581a2b6,"{""policy"":""P2"",""fixed_p"":19,""alpha"":4,""beta"":4,""ef_min"":8,""ef_max"":512}",1000,0.998,1.0,19.0,19.0,12804.965,15522.0,3909.704,6518.05,7280.53,721.468,400.0,4282.697
P2,fa1f8dd000f72f17,"{""policy"":""P2"",""fixed_p"":19,""alpha"":4,""beta"":8,""ef_min"":8,""ef_max"":512}",1000,0.998,1.0,19.0,19.0,13206.413,16050.549999999997,3958.915,6564.45,7337.4,743.343,404.0,4381.638
P2,444283b4e146ed05,"{""policy"":""P2"",""fixed_p"":19,""alpha"":4,""beta"":16,""ef_min"":8,""ef_max"":512}",1000,0.9981,1.0,19.0,19.0,15344.626,18454.05,4056.335,6669.5,7430.789999999999,868.977,412.0,4911.922
P2,5b04fcea5b4196b0,"{""policy"":""P2"",""fixed_p"":19,""alpha"":4,""beta"":32,""ef_min"":8,""ef_max"":512}",1000,0.9982000000000001,1.0,19.0,19.0,20103.871,23672.6,4246.504,6843.899999999998,7659.549999999999,1163.778,428.0,6084.075
P2,df3d5600c75dc6d3,"{""policy"":""P2"",""fixed_p"":19,""alpha"":4,""beta"":64,""ef_min"":8,""ef_max"":512}",1000,0.9987999999999999,1.0,19.0,19.0,29031.635,33530.4,4618.492,7284.25,8155.1,1755.866,460.0,8348.075
P2,ef76e76635c13a4f,"{""policy"":""P2"",""fixed_p"":19,""alpha"":8,""beta"":4,""ef_min"":8,""ef_max"":512}",1000,0.9983,1.0,19.0,19.0,17485.761,22780.799999999996,5886.126,8959.05,9728.52,1075.732,512.0,5572.899
P2,a1a1351e13ba2e16,"{""policy"":""P2"",""fixed_p"":19,""alpha"":8,""beta"":8,""ef_min"":8,""ef_max"":512}",1000,0.9984,1.0,19.0,19.0,17879.839,23570.5,5910.887,8959.05,9728.52,1098.183,512.0,5686.949
P2,04a9f85901570446,"{""policy"":""P2"",""fixed_p"":19,""alpha"":8,""beta"":16,""ef_min"":8,""ef_max"":512}",1000,0.9985,1.0,19.0,19.0,19906.599,25795.0,5959.565,8962.05,9780.26,1220.778,512.0,6180.963
P2,1f4942ac43ae8c5c,"{""policy"":""P2"",""fixed_p"":19,""alpha"":8,""beta"":32,""ef_min"":8,""ef_max"":512}",1000,0.9987999999999999,1.0,19.0,19.0,24453.115,30627.5,6053.805,8985.649999999998,9781.179999999998,1508.92,512.0,7314.93
P2,8755662c95235120,"{""policy"":""P2"",""fixed_p"":19,""alpha"":8,""beta"":64,""ef_min"":8,""ef_max"":512}",1000,0.9989,1.0,19.0,19.0,32984.822,39937.75,6222.938,9084.05,9781.179999999998,2085.051,512.0,9493.991
P2,22d2ec78bdd98919,"{""policy"":""P2"",""fixed_p"":19,""alpha"":16,""beta"":4,""ef_min"":8,""ef_max"":512}",1000,0.9986,1.0,19.0,19.0,22717.191,33340.049999999996,6750.248,9342.35,9933.35,1489.44,513.0,7031.659
P2,e73a50faed83be60,"{""policy"":""P2"",""fixed_p"":19,""alpha"":16,""beta"":8,""ef_min"":8,""ef_max"":512}",1000,0.9987,1.0,19.0,19.0,23039.76,33898.0,6754.882,9349.449999999999,9933.35,1509.313,513.0,7118.429
P2,186dee9c478fe1ac,"{""policy"":""P2"",""fixed_p"":19,""alpha"":16,""beta"":16,""ef_min"":8,""ef_max"":512}",1000,0.9987,1.0,19.0,19.0,24923.616,35931.049999999996,6764.525,9362.5,9933.35,1626.523,513.0,7595.522
P2,6f1a477aab92c5cd,"{""policy"":""P2"",""fixed_p"":19,""alpha"":16,""beta"":32,""ef_min"":8,""ef_max"":512}",1000,0.9989,1.0,19.0,19.0,29208.055,40339.6,6781.577,9362.5,9933.35,1903.427,513.0,8655.777
P2,0bb187940b3f3d17,"{""policy"":""P2"",""fixed_p"":19,""alpha"":16,""beta"":64,""ef_min"":8,""ef_max"":512}",1000,0.9989,1.0,19.0,19.0,37270.504,48535.349999999984,6811.9,9362.5,9968.13,2456.407,513.0,10730.91
P2,38df1e4b5b50783f,"{""policy"":""P2"",""fixed_p"":20,""alpha"":1,""beta"":4,""ef_min"":8,""ef_max"":512}",1000,0.9823999999999999,0.9,20.0,20.0,8373.197,9510.3,1406.796,2266.3499999999995,2539.0,434.647,103.0,3170.91
P2,c209a45a50f510c9,"{""policy"":""P2"",""fixed_p"":20,""alpha"":1,""beta"":8,""ef_min"":8,""ef_max"":512}",1000,0.9862000000000001,0.9,20.0,20.0,8676.388,9906.1,1476.887,2340.1,2614.1099999999997,449.346,107.0,3242.521
P2,8b9959567347aeb2,"{""policy"":""P2"",""fixed_p"":20,""alpha"":1,""beta"":16,""ef_min"":8,""ef_max"":512}",1000,0.9916,0.9,20.0,20.0,11006.14,12500.05,1615.442,2503.05,2800.13,579.309,115.0,3802.979
P2,fd7820ddd8be799e,"{""policy"":""P2"",""fixed_p"":20,""alpha"":1,""beta"":32,""ef_min"":8,""ef_max"":512}",1000,0.9939,0.9,20.0,20.0,16202.327,18273.899999999998,1881.3,2828.05,3094.02,888.419,131.0,5083.432
P2,c9a14023177aaeab,"{""policy"":""P2"",""fixed_p"":20,""alpha"":1,""beta"":64,""ef_min"":8,""ef_max"":512}",1000,0.9967999999999999,1.0,20.0,20.0,25918.538,29012.4,2406.351,3437.05,3772.04,1510.565,163.0,7519.882
P2,7cdb25f72a6e5afe,"{""policy"":""P2"",""fixed_p"":20,""alpha"":2,""beta"":4,""ef_min"":8,""ef_max"":512}",1000,0.9942000000000001,0.9,20.0,20.0,10081.969,11633.4,2347.265,3825.05,4295.04,534.671,202.0,3605.587
P2,869fe34efc5c43b9,"{""policy"":""P2"",""fixed_p"":20,""alpha"":2,""beta"":8,""ef_min"":8,""ef_max"":512}",1000,0.9952000000000001,1.0,20.0,20.0,10439.79,12156.849999999999,2406.684,3890.6499999999996,4377.139999999999,553.063,206.0,3690.668
P2,aff4c8a7fbf547ca,"{""policy"":""P2"",""fixed_p"":20,""alpha"":2,""beta"":16,""ef_min"":8,""ef_max"":512}",1000,0.9964,1.0,20.0,20.0,12742.824,14760.65,2524.4,4026.1499999999996,4540.04,684.27,214.0,4255.361
P2,34be7ad4c85ef81e,"{""policy"":""P2"",""fixed_p"":20,""alpha"":2,""beta"":32,""ef_min"":8,""ef_max"":512}",1000,0.9971,1.0,20.0,20.0,17858.466,20467.899999999998,2755.191,4325.549999999999,4821.1,994.1,230.0,5511.022
P2,cfb31453a87aa4ec,"{""policy"":""P2"",""fixed_p"":20,""alpha"":2,""beta"":64,""ef_min"":8,""ef_max"":512}",1000,0.9981,1.0,20.0,20.0,27440.111,30963.25,3200.245,4854.2,5340.37,1616.677,262.0,7930.007
P2,80c11d343a17f1dd,"{""policy"":""P2"",""fixed_p"":20,""alpha"":4,""beta"":4,""ef_min"":8,""ef_max"":512}",1000,0.998,1.0,20.0,20.0,13148.798,15831.9,3909.704,6518.05,7280.53,742.072,400.0,4420.918
P2,c3b9b78387309be8,"{""policy"":""P2"",""fixed_p"":20,""alpha"":4,""beta"":8,""ef_min"":8,""ef_max"":512}",1000,0.998,1.0,20.0,20.0,13550.246,16433.75,3958.915,6564.45,7337.4,763.947,404.0,4519.859
P2,0d1b5919037b51d4,"{""policy"":""P2"",""fixed_p"":20,""alpha"":4,""beta"":16,""ef_min"":8,""ef_max"":512}",1000,0.9981,1.0,20.0,20.0,15786.339,18888.2,4056.335,6669.5,7430.789999999999,895.687,412.0,5074.504
P2,4195884a002adceb,"{""policy"":""P2"",""fixed_p"":20,""alpha"":4,""beta"":32,""ef_min"":8,""ef_max"":512}",1000,0.9982000000000001,1.0,20.0,20.0,20786.559,24344.3,4246.504,6843.899999999998,7659.549999999999,1206.251,428.0,6311.087
P2,e7d3d2621ec7bc3f,"{""policy"":""P2"",""fixed_p"":20,""alpha"":4,""beta"":64,""ef_min"":8,""ef_max"":512}",1000,0.9987999999999999,1.0,20.0,20.0,30171.519,34646.0,4618.526,7284.25,8155.1,1829.13,460.0,8690.068
P2,a822abdb75ba3347,"{""policy"":""P2"",""fixed_p"":20,""alpha"":8,""beta"":4,""ef_min"":8,""ef_max"":512}",1000,0.9983,1.0,20.0,20.0,17829.594,23136.4,5886.126,8959.05,9728.52,1096.336,512.0,5711.12
P2,5c2ec377d868f5a2,"{""policy"":""P2"",""fixed_p"":20,""alpha"":8,""beta"":8,""ef_min"":8,""ef_max"":512}",1000,0.9984,1.0,20.0,20.0,18223.672,23877.1,5910.887,8959.05,9728.52,1118.787,512.0,5825.17
P2,88967be34382b3d4,"{""policy"":""P2"",""fixed_p"":20,""alpha"":8,""beta"":16,""ef_min"":8,""ef_max"":512}",1000,0.9985,1.0,20.0,20.0,20348.312,26153.1,5959.565,8962.05,9780.26,1247.488,512.0,6343.545
P2,8517995726d62670,"{""policy"":""P2"",""fixed_p"":20,""alpha"":8,""beta"":32,""ef_min"":8,""ef_max"":512}",1000,0.9987999999999999,1.0,20.0,20.0,25135.803,31208.949999999997,6053.805,8985.649999999998,9781.179999999998,1551.393,512.0,7541.942
P2,77a940adc9754886,"{""policy"":""P2"",""fixed_p"":20,""alpha"":8,""beta"":64,""ef_min"":8,""ef_max"":512}",1000,0.9989,1.0,20.0,20.0,34124.706,40992.049999999996,6222.938,9084.05,9781.179999999998,2158.315,512.0,9835.984
P2,46e27e1be57117c4,"{""policy"":""P2"",""fixed_p"":20,""alpha"":16,""beta"":4,""ef_min"":8,""ef_max"":512}",1000,0.9986,1.0,20.0,20.0,23061.024,33629.1,6750.248,9342.35,9933.35,1510.044,513.0,7169.88
P2,a9a765ec51a8501f,"{""policy"":""P2"",""fixed_p"":20,""alpha"":16,""beta"":8,""ef_min"":8,""ef_max"":512}",1000,0.9987,1.0,20.0,20.0,23383.593,34157.6,6754.882,9349.449999999999,9933.35,1529.917,513.0,7256.65
P2,963488a3c5eb12b6,"{""policy"":""P2"",""fixed_p"":20,""alpha"":16,""beta"":16,""ef_min"":8,""ef_max"":512}",1000,0.9987,1.0,20.0,20.0,25365.329,36331.5,6764.525,9362.5,9933.35,1653.233,513.0,7758.104
P2,0999efe377bdc0d1,"{""policy"":""P2"",""fixed_p"":20,""alpha"":16,""beta"":32,""ef_min"":8,""ef_max"":512}",1000,0.9989,1.0,20.0,20.0,29890.743,41016.35,6781.577,9362.5,9933.35,1945.9,513.0,8882.789
P2,756cb4c3d2b23362,"{""policy"":""P2"",""fixed_p"":20,""alpha"":16,""beta"":64,""ef_min"":8,""ef_max"":512}",1000,0.9989,1.0,20.0,20.0,38410.388,49647.6,6811.9,9362.5,9968.13,2529.671,513.0,11072.903
P2,1611382ce99850df,"{""policy"":""P2"",""fixed_p"":21,""alpha"":1,""beta"":4,""ef_min"":8,""ef_max"":512}",1000,0.9823999999999999,0.9,21.0,21.0,8729.969,9904.0,1406.796,2266.3499999999995,2539.0,455.125,103.0,3310.48
P2,d183e78e5258877b,"{""policy"":""P2"",""fixed_p"":21,""alpha"":1,""beta"":8,""ef_min"":8,""ef_max"":512}",1000,0.9862000000000001,0.9,21.0,21.0,9033.16,10294.0,1476.887,2340.1,2614.1099999999997,469.824,107.0,3382.091
P2,5106e47c683632fe,"{""policy"":""P2"",""fixed_p"":21,""alpha"":1,""beta"":16,""ef_min"":8,""ef_max"":512}",1000,0.9916,0.9,21.0,21.0,11464.986,12994.75,1615.456,2503.05,2800.13,605.84,115.0,3968.156
P2,931594ffb4378024,"{""policy"":""P2"",""fixed_p"":21,""alpha"":1,""beta"":32,""ef_min"":8,""ef_max"":512}",1000,0.9939,0.9,21.0,21.0,16905.946,19044.35,1881.707,2828.05,3094.02,930.292,131.0,5310.621
P2,16375fb653810d3e,"{""policy"":""P2"",""fixed_p"":21,""alpha"":1,""beta"":64,""ef_min"":8,""ef_max"":512}",1000,0.9967999999999999,1.0,21.0,21.0,27097.697,30308.1,2407.089,3437.05,3772.04,1583.625,163.0,7864.711
P2,09f6e21fa76e078b,"{""policy"":""P2"",""fixed_p"":21,""alpha"":2,""beta"":4,""ef_min"":8,""ef_max"":512}",1000,0.9942000000000001,0.9,21.0,21.0,10438.741,12017.4,2347.265,3825.05,4295.04,555.149,202.0,3745.157
P2,9a95de84b176b950,"{""policy"":""P2"",""fixed_p"":21,""alpha"":2,""beta"":8,""ef_min"":8,""ef_max"":512}",1000,0.9952000000000001,1.0,21.0,21.0,10796.562,12581.25,2406.684,3890.6499999999996,4377.139999999999,573.541,206.0,3830.238
P2,777a73bf18ffbc35,"{""policy"":""P2"",""fixed_p"":21,""alpha"":2,""beta"":16,""ef_min"":8,""ef_max"":512}",1000,0.9964,1.0,21.0,21.0,13201.67,15235.35,2524.4,4026.1499999999996,4540.04,710.801,214.0,4420.538
P2,812be01c1bdcb766,"{""policy"":""P2"",""fixed_p"":21,""alpha"":2,""beta"":32,""ef_min"":8,""ef_max"":512}",1000,0.9971,1.0,21.0,21.0,18562.085,21226.45,2755.598,4325.549999999999,4821.1,1035.973,230.0,5738.211
P2,a3d0b9e766430800,"{""policy"":""P2"",""fixed_p"":21,""alpha"":2,""beta"":64,""ef_min"":8,""ef_max"":512}",1000,0.9981,1.0,21.0,21.0,28619.27,32227.1,3200.552,4854.2,5340.37,1689.737,262.0,8274.836
P2,c79496009601e384,"{""policy"":""P2"",""fixed_p"":21,""alpha"":4,""beta"":4,""ef_min"":8,""ef_max"":512}",1000,0.998,1.0,21.0,21.0,13505.57,16256.05,3909.704,6518.05,7280.53,762.55,400.0,4560.488
P2,9c4611fb589c3f0a,"{""policy"":""P2"",""fixed_p"":21,""alpha"":4,""beta"":8,""ef_min"":8,""ef_max"":512}",1000,0.998,1.0,21.0,21.0,13907.018,16886.0,3958.915,6564.45,7337.4,784.425,404.0,4659.429
P2,5120fec7915c37bf,"{""policy"":""P2"",""fixed_p"":21,""alpha"":4,""beta"":16,""ef_min"":8,""ef_max"":512}",1000,0.9981,1.0,21.0,21.0,16245.185,19332.55,4056.335,6669.5,7430.789999999999,922.218,412.0,5239.681
P2,b6a2ca2aad0b9957,"{""policy"":""P2"",""fixed_p"":21,""alpha"":4,""beta"":32,""ef_min"":8,""ef_max"":512}",1000,0.9982000000000001,1.0,21.0,21.0,21490.178,25066.45,4246.533,6843.899999999998,7659.549999999999,1248.124,428.0,6538.276
P2,c1848d28deef7551,"{""policy"":""P2"",""fixed_p"":21,""alpha"":4,""beta"":64,""ef_min"":8,""ef_max"":512}",1000,0.9987999999999999,1.0,21.0,21.0,31350.678,35791.049999999996,4618.747,7284.25,8155.1,1902.19,460.0,9034.897
P2,cd016d1fee0ab7a4,"{""policy"":""P2"",""fixed_p"":21,""alpha"":8,""beta"":4,""ef_min"":8,""ef_max"":512}",1000,0.9983,1.0,21.0,21.0,18186.366,23639.4,5886.126,8959.05,9728.52,1116.814,512.0,5850.69
P2,43418d713c62d63a,"{""policy"":""P2"",""fixed_p"":21,""alpha"":8,""beta"":8,""ef_min"":8,""ef_max"":512}",1000,0.9984,1.0,21.0,21.0,18580.444,24232.0,5910.887,8959.05,9728.52,1139.265,512.0,5964.74
P2,21100b3c0d961fc8,"{""policy"":""P2"",""fixed_p"":21,""alpha"":8,""beta"":16,""ef_min"":8,""ef_max"":512}",1000,0.9985,1.0,21.0,21.0,20807.158,26635.05,5959.565,8962.05,9780.26,1274.019,512.0,6508.722
P2,a91e00395cf4483b,"{""policy"":""P2"",""fixed_p"":21,""alpha"":8,""beta"":32,""ef_min"":8,""ef_max"":512}",1000,0.9987999999999999,1.0,21.0,21.0,25839.422,31892.25,6053.805,8985.649999999998,9781.179999999998,1593.266,512.0,7769.131
P2,bc7280cfeb7bb3c1,"{""policy"":""P2"",""fixed_p"":21,""alpha"":8,""beta"":64,""ef_min"":8,""ef_max"":512}",1000,0.9989,1.0,21.0,21.0,35303.865,42208.9,6222.938,9084.05,9781.179999999998,2231.375,512.0,10180.813
P2,81eff85206f02ee5,"{""policy"":""P2"",""fixed_p"":21,""alpha"":16,""beta"":4,""ef_min"":8,""ef_max"":512}",1000,0.9986,1.0,21.0,21.0,23417.796,33907.85,6750.248,9342.35,9933.35,1530.522,513.0,7309.45
P2,e181d4ef09543a51,"{""policy"":""P2"",""fixed_p"":21,""alpha"":16,""beta"":8,""ef_min"":8,""ef_max"":512}",1000,0.9987,1.0,21.0,21.0,23740.365,34511.15,6754.882,9349.449999999999,9933.35,1550.395,513.0,7396.22
P2,2e1f2e2e0cdca9b4,"{""policy"":""P2"",""fixed_p"":21,""alpha"":16,""beta"":16,""ef_min"":8,""ef_max"":512}",1000,0.9987,1.0,21.0,21.0,25824.175,36732.649999999994,6764.525,9362.5,9933.35,1679.764,513.0,7923.281
P2,1e03cee570e54a4b,"{""policy"":""P2"",""fixed_p"":21,""alpha"":16,""beta"":32,""ef_min"":8,""ef_max"":512}",1000,0.9989,1.0,21.0,21.0,30594.362,41643.75,6781.577,9362.5,9933.35,1987.773,513.0,9109.978
P2,a5209c7b43a4bc7e,"{""policy"":""P2"",""fixed_p"":21,""alpha"":16,""beta"":64,""ef_min"":8,""ef_max"":512}",1000,0.9989,1.0,21.0,21.0,39589.547,51095.549999999996,6811.9,9362.5,9968.13,2602.731,513.0,11417.732
P2,8ba8b25b53aa2b0f,"{""policy"":""P2"",""fixed_p"":22,""alpha"":1,""beta"":4,""ef_min"":8,""ef_max"":512}",1000,0.9823999999999999,0.9,22.0,22.0,9104.196,10309.1,1406.814,2266.3499999999995,2539.0,475.967,103.0,3453.173
P2,1af504205838ff7f,"{""policy"":""P2"",""fixed_p"":22,""alpha"":1,""beta"":8,""ef_min"":8,""ef_max"":512}",1000,0.9862000000000001,0.9,22.0,22.0,9407.387,10656.349999999999,1476.905,2340.1,2614.1099999999997,490.666,107.0,3524.784
P2,e2205ead2e2dacab,"{""policy"":""P2"",""fixed_p"":22,""alpha"":1,""beta"":16,""ef_min"":8,""ef_max"":512}",1000,0.9916,0.9,22.0,22.0,11946.906,13469.2,1615.556,2503.05,2800.13,632.637,115.0,4138.467
P2,0de161f478099995,"{""policy"":""P2"",""fixed_p"":22,""alpha"":1,""beta"":32,""ef_min"":8,""ef_max"":512}",1000,0.9939,0.9,22.0,22.0,17649.61,19711.649999999998,1881.813,2828.05,3094.02,972.461,131.0,5547.597
P2,a42cb6ce078b657c,"{""policy"":""P2"",""fixed_p"":22,""alpha"":1,""beta"":64,""ef_min"":8,""ef_max"":512}",1000,0.9967999999999999,1.0,22.0,22.0,28331.868,31415.85,2407.529,3437.05,3772.04,1656.8,163.0,8230.185
P2,04b7fedb2db07b2b,"{""policy"":""P2"",""fixed_p"":22,""alpha"":2,""beta"":4,""ef_min"":8,""ef_max"":512}",1000,0.9942000000000001,0.9,22.0,22.0,10812.968,12388.449999999999,2347.278,3825.05,4295.04,575.991,202.0,3887.85
P2,af24f1aff8b3075f,"{""policy"":""P2"",""fixed_p"":22,""alpha"":2,""beta"":8,""ef_min"":8,""ef_max"":512}",1000,0.9952000000000001,1.0,22.0,22.0,11170.789,12931.449999999999,2406.697,3890.6499999999996,4377.139999999999,594.383,206.0,3972.931
P2,eb145aaa6e3a7f35,"{""policy"":""P2"",""fixed_p"":22,""alpha"":2,""beta"":16,""ef_min"":8,""ef_max"":512}",1000,0.9964,1.0,22.0,22.0,13683.59,15762.9,2524.4,4026.1499999999996,4540.04,737.598,214.0,4590.849
P2,7b28fda65bb7a035,"{""policy"":""P2"",""fixed_p"":22,""alpha"":2,""beta"":32,""ef_min"":8,""ef_max"":512}",1000,0.9971,1.0,22.0,22.0,19305.749,21875.6,2755.649,4325.549999999999,4821.1,1078.142,230.0,5975.187
P2,14dbc0971a36f39f,"{""policy"":""P2"",""fixed_p"":22,""alpha"":2,""beta"":64,""ef_min"":8,""ef_max"":512}",1000,0.9981,1.0,22.0,22.0,29853.441,33438.9,3200.658,4854.2,5340.37,1762.912,262.0,8640.31
P2,c6943bd341278260,"{""policy"":""P2"",""fixed_p"":22,""alpha"":4,""beta"":4,""ef_min"":8,""ef_max"":512}",1000,0.998,1.0,22.0,22.0,13879.797,16652.25,3909.704,6518.05,7280.53,783.392,400.0,4703.181
P2,7c42417540a50b83,"{""policy"":""P2"",""fixed_p"":22,""alpha"":4,""beta"":8,""ef_min"":8,""ef_max"":512}",1000,0.998,1.0,22.0,22.0,14281.245,17255.649999999998,3958.915,6564.45,7337.4,805.267,404.0,4802.122
P2,626e35a0be5d5a59,"{""policy"":""P2"",""fixed_p"":22,""alpha"":4,""beta"":16,""ef_min"":8,""ef_max"":512}",1000,0.9981,1.0,22.0,22.0,16727.105,19879.45,4056.335,6669.5,7430.789999999999,949.015,412.0,5409.992
P2,edf1a63f76cbba5e,"{""policy"":""P2"",""fixed_p"":22,""alpha"":4,""beta"":32,""ef_min"":8,""ef_max"":512}",1000,0.9982000000000001,1.0,22.0,22.0,22233.842,25822.7,4246.552,6843.899999999998,7659.549999999999,1290.293,428.0,6775.252
P2,c3853c3ebd859ec2,"{""policy"":""P2"",""fixed_p"":22,""alpha"":4,""beta"":64,""ef_min"":8,""ef_max"":512}",1000,0.9987999999999999,1.0,22.0,22.0,32584.849,36967.85,4618.853,7284.25,8155.1,1975.365,460.0,9400.371
P2,35cc9762ddc4bf4f,"{""policy"":""P2"",""fixed_p"":22,""alpha"":8,""beta"":4,""ef_min"":8,""ef_max"":512}",1000,0.9983,1.0,22.0,22.0,18560.593,23949.749999999996,5886.126,8959.05,9728.52,1137.656,512.0,5993.383
P2,ab1b9841ae95a6e6,"{""policy"":""P2"",""fixed_p"":22,""alpha"":8,""beta"":8,""ef_min"":8,""ef_max"":512}",1000,0.9984,1.0,22.0,22.0,18954.671,24587.1,5910.887,8959.05,9728.52,1160.107,512.0,6107.433
P2,8ca1806e7c4de7f9,"{""policy"":""P2"",""fixed_p"":22,""alpha"":8,""beta"":16,""ef_min"":8,""ef_max"":512}",1000,0.9985,1.0,22.0,22.0,21289.078,27089.85,5959.565,8962.05,9780.26,1300.816,512.0,6679.033
P2,911d66f4ae7ab552,"{""policy"":""P2"",""fixed_p"":22,""alpha"":8,""beta"":32,""ef_min"":8,""ef_max"":512}",1000,0.9987999999999999,1.0,22.0,22.0,26583.086,32574.899999999998,6053.805,8985.649999999998,9781.179999999998,1635.435,512.0,8006.107
P2,88458eabfb427d9c,"{""policy"":""P2"",""fixed_p"":22,""alpha"":8,""beta"":64,""ef_min"":8,""ef_max"":512}",1000,0.9989,1.0,22.0,22.0,36538.036,43316.5,6222.938,9084.05,9781.179999999998,2304.55,512.0,10546.287
P2,4ae937d76515e274,"{""policy"":""P2"",""fixed_p"":22,""alpha"":16,""beta"":4,""ef_min"":8,""ef_max"":512}",1000,0.9986,1.0,22.0,22.0,23792.023,34292.6,6750.248,9342.35,9933.35,1551.364,513.0,7452.143
P2,c09d80bcbb1c6419,"{""policy"":""P2"",""fixed_p"":22,""alpha"":16,""beta"":8,""ef_min"":8,""ef_max"":512}",1000,0.9987,1.0,22.0,22.0,24114.592,34870.399999999994,6754.882,9349.449999999999,9933.35,1571.237,513.0,7538.913
P2,935be39db544489d,"{""policy"":""P2"",""fixed_p"":22,""alpha"":16,""beta"":16,""ef_min"":8,""ef_max"":512}",1000,0.9987,1.0,22.0,22.0,26306.095,37211.1,6764.525,9362.5,9933.35,1706.561,513.0,8093.592
P2,2e32e621baa7b88a,"{""policy"":""P2"",""fixed_p"":22,""alpha"":16,""beta"":32,""ef_min"":8,""ef_max"":512}",1000,0.9989,1.0,22.0,22.0,31338.026,42292.95,6781.577,9362.5,9933.35,2029.942,513.0,9346.954
P2,e4672497a439e8ed,"{""policy"":""P2"",""fixed_p"":22,""alpha"":16,""beta"":64,""ef_min"":8,""ef_max"":512}",1000,0.9989,1.0,22.0,22.0,40823.718,52052.2,6811.9,9362.5,9968.13,2675.906,513.0,11783.206
P2,3058afcb69b9616e,"{""policy"":""P2"",""fixed_p"":23,""alpha"":1,""beta"":4,""ef_min"":8,""ef_max"":512}",1000,0.9823999999999999,0.9,23.0,23.0,9456.87,10645.0,1406.905,2266.3499999999995,2539.0,496.992,103.0,3599.662
P2,01f8347176b48c82,"{""policy"":""P2"",""fixed_p"":23,""alpha"":1,""beta"":8,""ef_min"":8,""ef_max"":512}",1000,0.9862000000000001,0.9,23.0,23.0,9760.061,11024.0,1476.977,2340.1,2614.1099999999997,511.691,107.0,3671.273
P2,a3d9510b7cc27974,"{""policy"":""P2"",""fixed_p"":23,""alpha"":1,""beta"":16,""ef_min"":8,""ef_max"":512}",1000,0.9916,0.9,23.0,23.0,12399.408,13934.0,1615.831,2503.05,2800.13,659.85,115.0,4309.765
P2,9436098a06d77ecd,"{""policy"":""P2"",""fixed_p"":23,""alpha"":1,""beta"":32,""ef_min"":8,""ef_max"":512}",1000,0.9939,0.9,23.0,23.0,18346.032,20492.3,1882.373,2828.05,3094.02,1015.348,131.0,5784.334
P2,9e7bcf9f976b0f95,"{""policy"":""P2"",""fixed_p"":23,""alpha"":1,""beta"":64,""ef_min"":8,""ef_max"":512}",1000,0.9967999999999999,1.0,23.0,23.0,29496.643,32654.05,2408.835,3437.05,3772.04,1730.684,163.0,8593.8
P2,f8fa1510411990df,"{""policy"":""P2"",""fixed_p"":23,""alpha"":2,""beta"":4,""ef_min"":8,""ef_max"":512}",1000,0.9942000000000001,0.9,23.0,23.0,11165.642,12764.0,2347.345,3825.05,4295.04,597.016,202.0,4034.339
P2,df43472ed6f2fd08,"{""policy"":""P2"",""fixed_p"":23,""alpha"":2,""beta"":8,""ef_min"":8,""ef_max"":512}",1000,0.9952000000000001,1.0,23.0,23.0,11523.463,13308.35,2406.764,3890.6499999999996,4377.139999999999,615.408,206.0,4119.42
P2,e3d54074d7819027,"{""policy"":""P2"",""fixed_p"":23,""alpha"":2,""beta"":16,""ef_min"":8,""ef_max"":512}",1000,0.9964,1.0,23.0,23.0,14136.092,16187.3,2524.661,4026.1499999999996,4540.04,764.811,214.0,4762.147
P2,ed18bee3fe90dc0c,"{""policy"":""P2"",""fixed_p"":23,""alpha"":2,""beta"":32,""ef_min"":8,""ef_max"":512}",1000,0.9971,1.0,23.0,23.0,20002.171,22656.3,2755.988,4325.549999999999,4821.1,1121.029,230.0,6211.924
P2,05c739fd336c8350,"{""policy"":""P2"",""fixed_p"":23,""alpha"":2,""beta"":64,""ef_min"":8,""ef_max"":512}",1000,0.9981,1.0,23.0,23.0,31018.216,34554.2,3201.627,4854.2,5340.37,1836.796,262.0,9003.925
P2,c771f7e9e6f76aac,"{""policy"":""P2"",""fixed_p"":23,""alpha"":4,""beta"":4,""ef_min"":8,""ef_max"":512}",1000,0.998,1.0,23.0,23.0,14232.471,16980.7,3909.704,6518.05,7280.53,804.417,400.0,4849.67
P2,70c109dd4c998264,"{""policy"":""P2"",""fixed_p"":23,""alpha"":4,""beta"":8,""ef_min"":8,""ef_max"":512}",1000,0.998,1.0,23.0,23.0,14633.919,17550.1,3958.915,6564.45,7337.4,826.292,404.0,4948.611
P2,579a3a3888eecee4,"{""policy"":""P2"",""fixed_p"":23,""alpha"":4,""beta"":16,""ef_min"":8,""ef_max"":512}",1000,0.9981,1.0,23.0,23.0,17179.607,20332.55,4056.419,6669.5,7430.789999999999,976.228,412.0,5581.29
P2,fc66a2588040b439,"{""policy"":""P2"",""fixed_p"":23,""alpha"":4,""beta"":32,""ef_min"":8,""ef_max"":512}",1000,0.9982000000000001,1.0,23.0,23.0,22930.264,26552.15,4246.891,6843.899999999998,7659.549999999999,1333.18,428.0,7011.989
P2,78d27ff76c482ac9,"{""policy"":""P2"",""fixed_p"":23,""alpha"":4,""beta"":64,""ef_min"":8,""ef_max"":512}",1000,0.9987999999999999,1.0,23.0,23.0,33749.624,38196.649999999994,4619.678,7284.25,8155.1,2049.249,460.0,9763.986
P2,e29ed01f03120fd8,"{""policy"":""P2"",""fixed_p"":23,""alpha"":8,""beta"":4,""ef_min"":8,""ef_max"":512}",1000,0.9983,1.0,23.0,23.0,18913.267,24324.25,5886.126,8959.05,9728.52,1158.681,512.0,6139.872
P2,d0496cca3a1149ab,"{""policy"":""P2"",""fixed_p"":23,""alpha"":8,""beta"":8,""ef_min"":8,""ef_max"":512}",1000,0.9984,1.0,23.0,23.0,19307.345,24857.1,5910.887,8959.05,9728.52,1181.132,512.0,6253.922
P2,fb4a13b566ce9cb1,"{""policy"":""P2"",""fixed_p"":23,""alpha"":8,""beta"":16,""ef_min"":8,""ef_max"":512}",1000,0.9985,1.0,23.0,23.0,21741.58,27493.8,5959.565,8962.05,9780.26,1328.029,512.0,6850.331
P2,cf5e9a098d64ffc9,"{""policy"":""P2"",""fixed_p"":23,""alpha"":8,""beta"":32,""ef_min"":8,""ef_max"":512}",1000,0.9987999999999999,1.0,23.0,23.0,27279.508,33275.5,6053.876,8985.649999999998,9781.179999999998,1678.322,512.0,8242.844
P2,a992b76f602bf239,"{""policy"":""P2"",""fixed_p"":23,""alpha"":8,""beta"":64,""ef_min"":8,""ef_max"":512}",1000,0.9989,1.0,23.0,23.0,37702.811,44537.3,6223.26,9084.05,9781.179999999998,2378.434,512.0,10909.902
P2,3bc523c261210351,"{""policy"":""P2"",""fixed_p"":23,""alpha"":16,""beta"":4,""ef_min"":8,""ef_max"":512}",1000,0.9986,1.0,23.0,23.0,24144.697,34719.049999999996,6750.248,9342.35,9933.35,1572.389,513.0,7598.632
P2,73b37854cd9a90d7,"{""policy"":""P2"",""fixed_p"":23,""alpha"":16,""beta"":8,""ef_min"":8,""ef_max"":512}",1000,0.9987,1.0,23.0,23.0,24467.266,35307.15,6754.882,9349.449999999999,9933.35,1592.262,513.0,7685.402
P2,0841595cd0589272,"{""policy"":""P2"",""fixed_p"":23,""alpha"":16,""beta"":16,""ef_min"":8,""ef_max"":512}",1000,0.9987,1.0,23.0,23.0,26758.597,37780.45,6764.525,9362.5,9933.35,1733.774,513.0,8264.89
P2,5db6fd3d46fe0e35,"{""policy"":""P2"",""fixed_p"":23,""alpha"":16,""beta"":32,""ef_min"":8,""ef_max"":512}",1000,0.9989,1.0,23.0,23.0,32034.448,43122.95,6781.577,9362.5,9933.35,2072.829,513.0,9583.691
P2,54a324dc54cfda71,"{""policy"":""P2"",""fixed_p"":23,""alpha"":16,""beta"":64,""ef_min"":8,""ef_max"":512}",1000,0.9989,1.0,23.0,23.0,41988.493,53461.1,6811.9,9362.5,9968.13,2749.79,513.0,12146.821
P2,bef33ab3dcdb5e1b,"{""policy"":""P2"",""fixed_p"":24,""alpha"":1,""beta"":4,""ef_min"":8,""ef_max"":512}",1000,0.9823999999999999,0.9,24.0,24.0,9804.078,11010.1,1406.905,2266.3499999999995,2539.0,518.14,103.0,3745.07
P2,b8a12933999e55b2,"{""policy"":""P2"",""fixed_p"":24,""alpha"":1,""beta"":8,""ef_min"":8,""ef_max"":512}",1000,0.9862000000000001,0.9,24.0,24.0,10107.269,11356.15,1476.977,2340.1,2614.1099999999997,532.839,107.0,3816.681
P2,1b11d204d007d27c,"{""policy"":""P2"",""fixed_p"":24,""alpha"":1,""beta"":16,""ef_min"":8,""ef_max"":512}",1000,0.9916,0.9,24.0,24.0,12841.929,14398.0,1615.831,2503.05,2800.13,687.404,115.0,4482.061
P2,70fe83ba60b47c87,"{""policy"":""P2"",""fixed_p"":24,""alpha"":1,""beta"":32,""ef_min"":8,""ef_max"":512}",1000,0.9939,0.9,24.0,24.0,19012.826,21118.55,1883.003,2828.05,3094.02,1058.45,131.0,6017.017
P2,e70ef1573e46b6d6,"{""policy"":""P2"",""fixed_p"":24,""alpha"":1,""beta"":64,""ef_min"":8,""ef_max"":512}",1000,0.9967999999999999,1.0,24.0,24.0,30600.489,33809.4,2409.043,3437.05,3772.04,1804.476,163.0,8944.698
P2,edd951d04ddf758e,"{""policy"":""P2"",""fixed_p"":24,""alpha"":2,""beta"":4,""ef_min"":8,""ef_max"":512}",1000,0.9942000000000001,0.9,24.0,24.0,11512.85,13105.05,2347.345,3825.05,4295.04,618.164,202.0,4179.747
P2,be3b80bf0bc28a99,"{""policy"":""P2"",""fixed_p"":24,""alpha"":2,""beta"":8,""ef_min"":8,""ef_max"":512}",1000,0.9952000000000001,1.0,24.0,24.0,11870.671,13639.35,2406.764,3890.6499999999996,4377.139999999999,636.556,206.0,4264.828
P2,1c1bf08c84c4a8d0,"{""policy"":""P2"",""fixed_p"":24,""alpha"":2,""beta"":16,""ef_min"":8,""ef_max"":512}",1000,0.9964,1.0,24.0,24.0,14578.613,16621.649999999998,2524.661,4026.1499999999996,4540.04,792.365,214.0,4934.443
P2,442d321224743d87,"{""policy"":""P2"",""fixed_p"":24,""alpha"":2,""beta"":32,""ef_min"":8,""ef_max"":512}",1000,0.9971,1.0,24.0,24.0,20668.965,23279.15,2755.988,4325.549999999999,4821.1,1164.131,230.0,6444.607
P2,8cf6dcad5579eac6,"{""policy"":""P2"",""fixed_p"":24,""alpha"":2,""beta"":64,""ef_min"":8,""ef_max"":512}",1000,0.9981,1.0,24.0,24.0,32122.062,35721.25,3201.739,4854.2,5340.37,1910.588,262.0,9354.823
P2,002e0f120b25c8ed,"{""policy"":""P2"",""fixed_p"":24,""alpha"":4,""beta"":4,""ef_min"":8,""ef_max"":512}",1000,0.998,1.0,24.0,24.0,14579.679,17300.05,3909.704,6518.05,7280.53,825.565,400.0,4995.078
P2,dbb5837fd0bf88bf,"{""policy"":""P2"",""fixed_p"":24,""alpha"":4,""beta"":8,""ef_min"":8,""ef_max"":512}",1000,0.998,1.0,24.0,24.0,14981.127,17911.2,3958.915,6564.45,7337.4,847.44,404.0,5094.019
P2,771403e8872fd0a7,"{""policy"":""P2"",""fixed_p"":24,""alpha"":4,""beta"":16,""ef_min"":8,""ef_max"":512}",1000,0.9981,1.0,24.0,24.0,17622.128,20792.45,4056.419,6669.5,7430.789999999999,1003.782,412.0,5753.586
P2,b4f998bbcd69e287,"{""policy"":""P2"",""fixed_p"":24,""alpha"":4,""beta"":32,""ef_min"":8,""ef_max"":512}",1000,0.9982000000000001,1.0,24.0,24.0,23597.058,27163.649999999998,4246.891,6843.899999999998,7659.549999999999,1376.282,428.0,7244.672
P2,cf17127ab01c257e,"{""policy"":""P2"",""fixed_p"":24,""alpha"":4,""beta"":64,""ef_min"":8,""ef_max"":512}",1000,0.9987999999999999,1.0,24.0,24.0,34853.47,39382.95,4619.678,7284.25,8155.1,2123.041,460.0,10114.884
P2,1a9d955a35103c4d,"{""policy"":""P2"",""fixed_p"":24,""alpha"":8,""beta"":4,""ef_min"":8,""ef_max"":512}",1000,0.9983,1.0,24.0,24.0,19260.475,24674.3,5886.126,8959.05,9728.52,1179.829,512.0,6285.28
P2,14d5f2b3901ac34a,"{""policy"":""P2"",""fixed_p"":24,""alpha"":8,""beta"":8,""ef_min"":8,""ef_max"":512}",1000,0.9984,1.0,24.0,24.0,19654.553,25253.7,5910.887,8959.05,9728.52,1202.28,512.0,6399.33
P2,bfdf5b8d435dc39a,"{""policy"":""P2"",""fixed_p"":24,""alpha"":8,""beta"":16,""ef_min"":8,""ef_max"":512}",1000,0.9985,1.0,24.0,24.0,22184.101,27902.05,5959.565,8962.05,9780.26,1355.583,512.0,7022.627
P2,b2a532db1103a65b,"{""policy"":""P2"",""fixed_p"":24,""alpha"":8,""beta"":32,""ef_min"":8,""ef_max"":512}",1000,0.9987999999999999,1.0,24.0,24.0,27946.302,33889.7,6053.876,8985.649999999998,9781.179999999998,1721.424,512.0,8475.527
P2,bd4cf13a73cf1893,"{""policy"":""P2"",""fixed_p"":24,""alpha"":8,""beta"":64,""ef_min"":8,""ef_max"":512}",1000,0.9989,1.0,24.0,24.0,38806.657,45508.45,6223.26,9084.05,9781.179999999998,2452.226,512.0,11260.8
P2,cf5fcbf2a470f00c,"{""policy"":""P2"",""fixed_p"":24,""alpha"":16,""beta"":4,""ef_min"":8,""ef_max"":512}",1000,0.9986,1.0,24.0,24.0,24491.905,35020.65,6750.248,9342.35,9933.35,1593.537,513.0,7744.04
P2,f94762b0d40dcdf8,"{""policy"":""P2"",""fixed_p"":24,""alpha"":16,""beta"":8,""ef_min"":8,""ef_max"":512}",1000,0.9987,1.0,24.0,24.0,24814.474,35680.55,6754.882,9349.449999999999,9933.35,1613.41,513.0,7830.81
P2,d18b845422d4c541,"{""policy"":""P2"",""fixed_p"":24,""alpha"":16,""beta"":16,""ef_min"":8,""ef_max"":512}",1000,0.9987,1.0,24.0,24.0,27201.118,38195.2,6764.525,9362.5,9933.35,1761.328,513.0,8437.186
P2,b6096cb0cdcd3e70,"{""policy"":""P2"",""fixed_p"":24,""alpha"":16,""beta"":32,""ef_min"":8,""ef_max"":512}",1000,0.9989,1.0,24.0,24.0,32701.242,43870.25,6781.577,9362.5,9933.35,2115.931,513.0,9816.374
P2,8cf720fda95efbb2,"{""policy"":""P2"",""fixed_p"":24,""alpha"":16,""beta"":64,""ef_min"":8,""ef_max"":512}",1000,0.9989,1.0,24.0,24.0,43092.339,54422.25,6811.9,9362.5,9968.13,2823.582,513.0,12497.719
P2,f792644939d3b7dc,"{""policy"":""P2"",""fixed_p"":25,""alpha"":1,""beta"":4,""ef_min"":8,""ef_max"":512}",1000,0.9825,0.9,25.0,25.0,10133.276,11354.449999999999,1407.115,2266.3499999999995,2539.0,538.97,103.0,3877.698
P2,ae5b7e8a90d9b55c,"{""policy"":""P2"",""fixed_p"":25,""alpha"":1,""beta"":8,""ef_min"":8,""ef_max"":512}",1000,0.9863,0.9,25.0,25.0,10436.467,11674.199999999997,1477.145,2340.1,2614.1099999999997,553.669,107.0,3949.309
P2,65de0e82ddc43658,"{""policy"":""P2"",""fixed_p"":25,""alpha"":1,""beta"":16,""ef_min"":8,""ef_max"":512}",1000,0.9917,0.9,25.0,25.0,13261.846,14801.65,1615.831,2503.05,2800.13,714.4,115.0,4636.103
P2,b03f78a6dcad53c7,"{""policy"":""P2"",""fixed_p"":25,""alpha"":1,""beta"":32,""ef_min"":8,""ef_max"":512}",1000,0.994,0.9,25.0,25.0,19657.569,21763.25,1883.11,2828.05,3094.02,1100.918,131.0,6228.236
P2,42a556e929b86ac1,"{""policy"":""P2"",""fixed_p"":25,""alpha"":1,""beta"":64,""ef_min"":8,""ef_max"":512}",1000,0.9969,1.0,25.0,25.0,31689.254,34853.0,2409.33,3437.05,3772.04,1877.743,163.0,9266.469
P2,bde93068563447ff,"{""policy"":""P2"",""fixed_p"":25,""alpha"":2,""beta"":4,""ef_min"":8,""ef_max"":512}",1000,0.9943,0.9,25.0,25.0,11842.048,13445.05,2347.485,3825.05,4295.04,638.994,202.0,4312.375
P2,1236dad822475aa4,"{""policy"":""P2"",""fixed_p"":25,""alpha"":2,""beta"":8,""ef_min"":8,""ef_max"":512}",1000,0.9953,1.0,25.0,25.0,12199.869,13978.15,2406.904,3890.6499999999996,4377.139999999999,657.386,206.0,4397.456
P2,f8c8f82e1838c92e,"{""policy"":""P2"",""fixed_p"":25,""alpha"":2,""beta"":16,""ef_min"":8,""ef_max"":512}",1000,0.9965,1.0,25.0,25.0,14998.53,17024.649999999998,2524.661,4026.1499999999996,4540.04,819.361,214.0,5088.485
P2,d80ee453e7c1f488,"{""policy"":""P2"",""fixed_p"":25,""alpha"":2,""beta"":32,""ef_min"":8,""ef_max"":512}",1000,0.9972000000000001,1.0,25.0,25.0,21313.708,23927.6,2755.988,4325.549999999999,4821.1,1206.599,230.0,6655.826
P2,bdb5f2cd92bdf8a3,"{""policy"":""P2"",""fixed_p"":25,""alpha"":2,""beta"":64,""ef_min"":8,""ef_max"":512}",1000,0.9982000000000001,1.0,25.0,25.0,33210.827,36825.299999999996,3201.833,4854.2,5340.37,1983.855,262.0,9676.594
P2,9057a46523b05a49,"{""policy"":""P2"",""fixed_p"":25,""alpha"":4,""beta"":4,""ef_min"":8,""ef_max"":512}",1000,0.9981,1.0,25.0,25.0,14908.877,17622.1,3909.741,6518.05,7280.53,846.395,400.0,5127.706
P2,20b88a94e4a77a89,"{""policy"":""P2"",""fixed_p"":25,""alpha"":4,""beta"":8,""ef_min"":8,""ef_max"":512}",1000,0.9981,1.0,25.0,25.0,15310.325,18245.6,3958.933,6564.45,7337.4,868.27,404.0,5226.647
P2,ad92fd79157fffd0,"{""policy"":""P2"",""fixed_p"":25,""alpha"":4,""beta"":16,""ef_min"":8,""ef_max"":512}",1000,0.9982000000000001,1.0,25.0,25.0,18042.045,21194.5,4056.419,6669.5,7430.789999999999,1030.778,412.0,5907.628
P2,251a6e91b793ddd2,"{""policy"":""P2"",""fixed_p"":25,""alpha"":4,""beta"":32,""ef_min"":8,""ef_max"":512}",1000,0.9983,1.0,25.0,25.0,24241.801,27865.1,4246.891,6843.899999999998,7659.549999999999,1418.75,428.0,7455.891
P2,2104f01232a30a60,"{""policy"":""P2"",""fixed_p"":25,""alpha"":4,""beta"":64,""ef_min"":8,""ef_max"":512}",1000,0.9989,1.0,25.0,25.0,35942.235,40458.5,4619.678,7284.25,8155.1,2196.308,460.0,10436.655
P2,22ee0bd87e5541e2,"{""policy"":""P2"",""fixed_p"":25,""alpha"":8,""beta"":4,""ef_min"":8,""ef_max"":512}",1000,0.9984,1.0,25.0,25.0,19589.673,24958.3,5886.126,8959.05,9728.52,1200.659,512.0,6417.908
P2,016bc7f2d138c9df,"{""policy"":""P2"",""fixed_p"":25,""alpha"":8,""beta"":8,""ef_min"":8,""ef_max"":512}",1000,0.9985,1.0,25.0,25.0,19983.751,25528.85,5910.887,8959.05,9728.52,1223.11,512.0,6531.958
P2,e5064b0c14bbcfa2,"{""policy"":""P2"",""fixed_p"":25,""alpha"":8,""beta"":16,""ef_min"":8,""ef_max"":512}",1000,0.9986,1.0,25.0,25.0,22604.018,28311.35,5959.565,8962.05,9780.26,1382.579,512.0,7176.669
P2,dc12f014e5c39f6c,"{""policy"":""P2"",""fixed_p"":25,""alpha"":8,""beta"":32,""ef_min"":8,""ef_max"":512}",1000,0.9989,1.0,25.0,25.0,28591.045,34513.799999999996,6053.876,8985.649999999998,9781.179999999998,1763.892,512.0,8686.746
P2,a20033a6f8082164,"{""policy"":""P2"",""fixed_p"":25,""alpha"":8,""beta"":64,""ef_min"":8,""ef_max"":512}",1000,0.999,1.0,25.0,25.0,39895.422,46681.55,6223.26,9084.05,9781.179999999998,2525.493,512.0,11582.571
P2,e88206a6b1669081,"{""policy"":""P2"",""fixed_p"":25,""alpha"":16,""beta"":4,""ef_min"":8,""ef_max"":512}",1000,0.9987,1.0,25.0,25.0,24821.103,35335.9,6750.248,9342.35,9933.35,1614.367,513.0,7876.668
P2,67620c0719cc8117,"{""policy"":""P2"",""fixed_p"":25,""alpha"":16,""beta"":8,""ef_min"":8,""ef_max"":512}",1000,0.9987999999999999,1.0,25.0,25.0,25143.672,35971.65,6754.882,9349.449999999999,9933.35,1634.24,513.0,7963.438
P2,0bd4710eaa3cdf81,"{""policy"":""P2"",""fixed_p"":25,""alpha"":16,""beta"":16,""ef_min"":8,""ef_max"":512}",1000,0.9987999999999999,1.0,25.0,25.0,27621.035,38575.6,6764.525,9362.5,9933.35,1788.324,513.0,8591.228
P2,56820a37ba6e3c3d,"{""policy"":""P2"",""fixed_p"":25,""alpha"":16,""beta"":32,""ef_min"":8,""ef_max"":512}",1000,0.999,1.0,25.0,25.0,33345.985,44446.95,6781.577,9362.5,9933.35,2158.399,513.0,10027.593
P2,45bdfd9e06a4b16a,"{""policy"":""P2"",""fixed_p"":25,""alpha"":16,""beta"":64,""ef_min"":8,""ef_max"":512}",1000,0.999,1.0,25.0,25.0,44181.104,55548.2,6811.9,9362.5,9968.13,2896.849,513.0,12819.49
P2,9469b353c51c91ba,"{""policy"":""P2"",""fixed_p"":26,""alpha"":1,""beta"":4,""ef_min"":8,""ef_max"":512}",1000,0.9825,0.9,26.0,26.0,10442.326,11684.75,1407.115,2266.3499999999995,2539.0,558.962,103.0,4001.558
P2,615d31252f47fda0,"{""policy"":""P2"",""fixed_p"":26,""alpha"":1,""beta"":8,""ef_min"":8,""ef_max"":512}",1000,0.9863,0.9,26.0,26.0,10745.517,12049.2,1477.145,2340.1,2614.1099999999997,573.661,107.0,4073.169
P2,643e8c200ad1a54f,"{""policy"":""P2"",""fixed_p"":26,""alpha"":1,""beta"":16,""ef_min"":8,""ef_max"":512}",1000,0.9917,0.9,26.0,26.0,13666.319,15274.25,1615.831,2503.05,2800.13,740.581,115.0,4784.771
P2,c8da7c2e52c30003,"{""policy"":""P2"",""fixed_p"":26,""alpha"":1,""beta"":32,""ef_min"":8,""ef_max"":512}",1000,0.994,0.9,26.0,26.0,20298.865,22444.35,1883.175,2828.05,3094.02,1142.484,131.0,6433.386
P2,58870610e140549a,"{""policy"":""P2"",""fixed_p"":26,""alpha"":1,""beta"":64,""ef_min"":8,""ef_max"":512}",1000,0.9969,1.0,26.0,26.0,32791.009,35967.05,2409.379,3437.05,3772.04,1950.304,163.0,9585.357
P2,e362516c6b4532c9,"{""policy"":""P2"",""fixed_p"":26,""alpha"":2,""beta"":4,""ef_min"":8,""ef_max"":512}",1000,0.9943,0.9,26.0,26.0,12151.098,13779.05,2347.485,3825.05,4295.04,658.986,202.0,4436.235
P2,abe8d35294e0745a,"{""policy"":""P2"",""fixed_p"":26,""alpha"":2,""beta"":8,""ef_min"":8,""ef_max"":512}",1000,0.9953,1.0,26.0,26.0,12508.919,14292.199999999999,2406.904,3890.6499999999996,4377.139999999999,677.378,206.0,4521.316
P2,a3f84e7edc52e0c4,"{""policy"":""P2"",""fixed_p"":26,""alpha"":2,""beta"":16,""ef_min"":8,""ef_max"":512}",1000,0.9965,1.0,26.0,26.0,15403.003,17450.6,2524.661,4026.1499999999996,4540.04,845.542,214.0,5237.153
P2,fc75d7b029bd7631,"{""policy"":""P2"",""fixed_p"":26,""alpha"":2,""beta"":32,""ef_min"":8,""ef_max"":512}",1000,0.9972000000000001,1.0,26.0,26.0,21955.004,24531.1,2755.988,4325.549999999999,4821.1,1248.165,230.0,6860.976
P2,335c940f0e0bdd52,"{""policy"":""P2"",""fixed_p"":26,""alpha"":2,""beta"":64,""ef_min"":8,""ef_max"":512}",1000,0.9982000000000001,1.0,26.0,26.0,34312.582,37933.7,3201.833,4854.2,5340.37,2056.416,262.0,9995.482
P2,f2fff7f2ee0c27cc,"{""policy"":""P2"",""fixed_p"":26,""alpha"":4,""beta"":4,""ef_min"":8,""ef_max"":512}",1000,0.9981,1.0,26.0,26.0,15217.927,17919.5,3909.741,6518.05,7280.53,866.387,400.0,5251.566
P2,348e636bf3ff5aac,"{""policy"":""P2"",""fixed_p"":26,""alpha"":4,""beta"":8,""ef_min"":8,""ef_max"":512}",1000,0.9981,1.0,26.0,26.0,15619.375,18540.1,3958.933,6564.45,7337.4,888.262,404.0,5350.507
P2,61be53db4f77fa9f,"{""policy"":""P2"",""fixed_p"":26,""alpha"":4,""beta"":16,""ef_min"":8,""ef_max"":512}",1000,0.9982000000000001,1.0,26.0,26.0,18446.518,21562.249999999996,4056.419,6669.5,7430.789999999999,1056.959,412.0,6056.296
P2,b083e2c37423586d,"{""policy"":""P2"",""fixed_p"":26,""alpha"":4,""beta"":32,""ef_min"":8,""ef_max"":512}",1000,0.9983,1.0,26.0,26.0,24883.097,28490.45,4246.891,6843.899999999998,7659.549999999999,1460.316,428.0,7661.041
P2,292b9a6581765953,"{""policy"":""P2"",""fixed_p"":26,""alpha"":4,""beta"":64,""ef_min"":8,""ef_max"":512}",1000,0.9989,1.0,26.0,26.0,37043.99,41552.05,4619.678,7284.25,8155.1,2268.869,460.0,10755.543
P2,79670a8b7aac2bb0,"{""policy"":""P2"",""fixed_p"":26,""alpha"":8,""beta"":4,""ef_min"":8,""ef_max"":512}",1000,0.9984,1.0,26.0,26.0,19898.723,25233.25,5886.126,8959.05,9728.52,1220.651,512.0,6541.768
P2,5d6aa0570375d21a,"{""policy"":""P2"",""fixed_p"":26,""alpha"":8,""beta"":8,""ef_min"":8,""ef_max"":512}",1000,0.9985,1.0,26.0,26.0,20292.801,25840.0,5910.887,8959.05,9728.52,1243.102,512.0,6655.818
P2,8d080e048cbec046,"{""policy"":""P2"",""fixed_p"":26,""alpha"":8,""beta"":16,""ef_min"":8,""ef_max"":512}",1000,0.9986,1.0,26.0,26.0,23008.491,28707.5,5959.565,8962.05,9780.26,1408.76,512.0,7325.337
P2,745090567ca5c4ae,"{""policy"":""P2"",""fixed_p"":26,""alpha"":8,""beta"":32,""ef_min"":8,""ef_max"":512}",1000,0.9989,1.0,26.0,26.0,29232.341,35146.1,6053.876,8985.649999999998,9781.179999999998,1805.458,512.0,8891.896
P2,fc3b9927c1dd48db,"{""policy"":""P2"",""fixed_p"":26,""alpha"":8,""beta"":64,""ef_min"":8,""ef_max"":512}",1000,0.999,1.0,26.0,26.0,40997.177,47587.99999999999,6223.26,9084.05,9781.179999999998,2598.054,512.0,11901.459
P2,f5ebb568a3e6460d,"{""policy"":""P2"",""fixed_p"":26,""alpha"":16,""beta"":4,""ef_min"":8,""ef_max"":512}",1000,0.9987,1.0,26.0,26.0,25130.153,35671.85,6750.248,9342.35,9933.35,1634.359,513.0,8000.528
P2,c199e86dba7bc053,"{""policy"":""P2"",""fixed_p"":26,""alpha"":16,""beta"":8,""ef_min"":8,""ef_max"":512}",1000,0.9987999999999999,1.0,26.0,26.0,25452.722,36259.049999999996,6754.882,9349.449999999999,9933.35,1654.232,513.0,8087.298
P2,a73c705db8f06a9a,"{""policy"":""P2"",""fixed_p"":26,""alpha"":16,""beta"":16,""ef_min"":8,""ef_max"":512}",1000,0.9987999999999999,1.0,26.0,26.0,28025.508,38925.299999999996,6764.525,9362.5,9933.35,1814.505,513.0,8739.896
P2,110297d70d5528be,"{""policy"":""P2"",""fixed_p"":26,""alpha"":16,""beta"":32,""ef_min"":8,""ef_max"":512}",1000,0.999,1.0,26.0,26.0,33987.281,45030.65,6781.577,9362.5,9933.35,2199.965,513.0,10232.743
P2,e31cc9af6abccf2c,"{""policy"":""P2"",""fixed_p"":26,""alpha"":16,""beta"":64,""ef_min"":8,""ef_max"":512}",1000,0.999,1.0,26.0,26.0,45282.859,56598.25,6811.9,9362.5,9968.13,2969.41,513.0,13138.378
P2,13b252aa28383bd4,"{""policy"":""P2"",""fixed_p"":27,""alpha"":1,""beta"":4,""ef_min"":8,""ef_max"":512}",1000,0.9825,0.9,27.0,27.0,10774.108,12045.3,1407.12,2266.3499999999995,2539.0,579.447,103.0,4140.016
P2,3a2aa8e17b6eb8a3,"{""policy"":""P2"",""fixed_p"":27,""alpha"":1,""beta"":8,""ef_min"":8,""ef_max"":512}",1000,0.9863,0.9,27.0,27.0,11077.299,12404.0,1477.15,2340.1,2614.1099999999997,594.146,107.0,4211.627
P2,5b83ab331abd1026,"{""policy"":""P2"",""fixed_p"":27,""alpha"":1,""beta"":16,""ef_min"":8,""ef_max"":512}",1000,0.9917,0.9,27.0,27.0,14098.201,15804.05,1615.831,2503.05,2800.13,767.121,115.0,4947.758
P2,964b979fc73591df,"{""policy"":""P2"",""fixed_p"":27,""alpha"":1,""beta"":32,""ef_min"":8,""ef_max"":512}",1000,0.994,0.9,27.0,27.0,20986.504,23264.5,1883.175,2828.05,3094.02,1184.492,131.0,6661.774
P2,6c03e311fc520dfd,"{""policy"":""P2"",""fixed_p"":27,""alpha"":1,""beta"":64,""ef_min"":8,""ef_max"":512}",1000,0.9969,1.0,27.0,27.0,33965.222,37288.25,2409.593,3437.05,3772.04,2022.993,163.0,9938.263
P2,f8b0cfb04e77d745,"{""policy"":""P2"",""fixed_p"":27,""alpha"":2,""beta"":4,""ef_min"":8,""ef_max"":512}",1000,0.9943,0.9,27.0,27.0,12482.88,14161.35,2347.485,3825.05,4295.04,679.471,202.0,4574.693
P2,0ea36dff090bf5af,"{""policy"":""P2"",""fixed_p"":27,""alpha"":2,""beta"":8,""ef_min"":8,""ef_max"":512}",1000,0.9953,1.0,27.0,27.0,12840.701,14659.15,2406.904,3890.6499999999996,4377.139999999999,697.863,206.0,4659.774
P2,3e9bf5f05444a0ac,"{""policy"":""P2"",""fixed_p"":27,""alpha"":2,""beta"":16,""ef_min"":8,""ef_max"":512}",1000,0.9965,1.0,27.0,27.0,15834.885,17991.05,2524.661,4026.1499999999996,4540.04,872.082,214.0,5400.14
P2,819f00d329a0b051,"{""policy"":""P2"",""fixed_p"":27,""alpha"":2,""beta"":32,""ef_min"":8,""ef_max"":512}",1000,0.9972000000000001,1.0,27.0,27.0,22642.643,25309.1,2755.988,4325.549999999999,4821.1,1290.173,230.0,7089.364
P2,e41913c5696e0f99,"{""policy"":""P2"",""fixed_p"":27,""alpha"":2,""beta"":64,""ef_min"":8,""ef_max"":512}",1000,0.9982000000000001,1.0,27.0,27.0,35486.795,39176.1,3202.047,4854.2,5340.37,2129.105,262.0,10348.388
P2,424365bdab7e1b66,"{""policy"":""P2"",""fixed_p"":27,""alpha"":4,""beta"":4,""ef_min"":8,""ef_max"":512}",1000,0.9981,1.0,27.0,27.0,15549.709,18295.3,3909.741,6518.05,7280.53,886.872,400.0,5390.024
P2,5445b1320e282e83,"{""policy"":""P2"",""fixed_p"":27,""alpha"":4,""beta"":8,""ef_min"":8,""ef_max"":512}",1000,0.9981,1.0,27.0,27.0,15951.157,18854.3,3958.933,6564.45,7337.4,908.747,404.0,5488.965
P2,e994e82a5f2c1c9a,"{""policy"":""P2"",""fixed_p"":27,""alpha"":4,""beta"":16,""ef_min"":8,""ef_max"":512}",1000,0.9982000000000001,1.0,27.0,27.0,18878.4,22036.05,4056.419,6669.5,7430.789999999999,1083.499,412.0,6219.283
P2,1c6321d3ecd6411c,"{""policy"":""P2"",""fixed_p"":27,""alpha"":4,""beta"":32,""ef_min"":8,""ef_max"":512}",1000,0.9983,1.0,27.0,27.0,25570.736,29229.899999999998,4246.891,6843.899999999998,7659.549999999999,1502.324,428.0,7889.429
P2,d325bb8ad4b5c005,"{""policy"":""P2"",""fixed_p"":27,""alpha"":4,""beta"":64,""ef_min"":8,""ef_max"":512}",1000,0.9989,1.0,27.0,27.0,38218.203,42818.6,4619.678,7284.25,8155.1,2341.558,460.0,11108.449
P2,a743768ef3d9b07b,"{""policy"":""P2"",""fixed_p"":27,""alpha"":8,""beta"":4,""ef_min"":8,""ef_max"":512}",1000,0.9984,1.0,27.0,27.0,20230.505,25640.75,5886.126,8959.05,9728.52,1241.136,512.0,6680.226
P2,c6eb18c665e35686,"{""policy"":""P2"",""fixed_p"":27,""alpha"":8,""beta"":8,""ef_min"":8,""ef_max"":512}",1000,0.9985,1.0,27.0,27.0,20624.583,26197.8,5910.887,8959.05,9728.52,1263.587,512.0,6794.276
P2,2d434ec2e95b1ef7,"{""policy"":""P2"",""fixed_p"":27,""alpha"":8,""beta"":16,""ef_min"":8,""ef_max"":512}",1000,0.9986,1.0,27.0,27.0,23440.373,29110.15,5959.565,8962.05,9780.26,1435.3,512.0,7488.324
P2,9666dcf5ebccb24f,"{""policy"":""P2"",""fixed_p"":27,""alpha"":8,""beta"":32,""ef_min"":8,""ef_max"":512}",1000,0.9989,1.0,27.0,27.0,29919.98,35958.6,6053.876,8985.649999999998,9781.179999999998,1847.466,512.0,9120.284
P2,9672ff9f6738c31b,"{""policy"":""P2"",""fixed_p"":27,""alpha"":8,""beta"":64,""ef_min"":8,""ef_max"":512}",1000,0.999,1.0,27.0,27.0,42171.39,48925.75,6223.26,9084.05,9781.179999999998,2670.743,512.0,12254.365
P2,02b881512b62b90c,"{""policy"":""P2"",""fixed_p"":27,""alpha"":16,""beta"":4,""ef_min"":8,""ef_max"":512}",1000,0.9987,1.0,27.0,27.0,25461.935,36054.4,6750.248,9342.35,9933.35,1654.844,513.0,8138.986
P2,8f8b5060415e5d1f,"{""policy"":""P2"",""fixed_p"":27,""alpha"":16,""beta"":8,""ef_min"":8,""ef_max"":512}",1000,0.9987999999999999,1.0,27.0,27.0,25784.504,36583.75,6754.882,9349.449999999999,9933.35,1674.717,513.0,8225.756
P2,479e1952232381d2,"{""policy"":""P2"",""fixed_p"":27,""alpha"":16,""beta"":16,""ef_min"":8,""ef_max"":512}",1000,0.9987999999999999,1.0,27.0,27.0,28457.39,39407.299999999996,6764.525,9362.5,9933.35,1841.045,513.0,8902.883
P2,3f43a287859f966e,"{""policy"":""P2"",""fixed_p"":27,""alpha"":16,""beta"":32,""ef_min"":8,""ef_max"":512}",1000,0.999,1.0,27.0,27.0,34674.92,45660.6,6781.577,9362.5,9933.35,2241.973,513.0,10461.131
P2,4f346af57de8fc09,"{""policy"":""P2"",""fixed_p"":27,""alpha"":16,""beta"":64,""ef_min"":8,""ef_max"":512}",1000,0.999,1.0,27.0,27.0,46457.072,57534.649999999994,6811.9,9362.5,9968.13,3042.099,513.0,13491.284
P2,92a220d0bfa26aaf,"{""policy"":""P2"",""fixed_p"":28,""alpha"":1,""beta"":4,""ef_min"":8,""ef_max"":512}",1000,0.9826,0.9,28.0,28.0,11124.32,12454.05,1407.12,2266.3499999999995,2539.0,600.139,103.0,4282.324
P2,20393c4d8bcb7026,"{""policy"":""P2"",""fixed_p"":28,""alpha"":1,""beta"":8,""ef_min"":8,""ef_max"":512}",1000,0.9863999999999999,0.9,28.0,28.0,11427.511,12819.0,1477.15,2340.1,2614.1099999999997,614.838,107.0,4353.935
P2,53578cab4bad0fcd,"{""policy"":""P2"",""fixed_p"":28,""alpha"":1,""beta"":16,""ef_min"":8,""ef_max"":512}",1000,0.9917999999999999,0.9,28.0,28.0,14547.444,16280.15,1615.831,2503.05,2800.13,793.677,115.0,5116.461
P2,7a6cb4bed520a25b,"{""policy"":""P2"",""fixed_p"":28,""alpha"":1,""beta"":32,""ef_min"":8,""ef_max"":512}",1000,0.9941,0.9,28.0,28.0,21686.152,24082.2,1883.255,2828.05,3094.02,1226.331,131.0,6893.143
P2,7e817bb7f60a51f5,"{""policy"":""P2"",""fixed_p"":28,""alpha"":1,""beta"":64,""ef_min"":8,""ef_max"":512}",1000,0.997,1.0,28.0,28.0,35121.507,38661.6,2409.655,3437.05,3772.04,2095.913,163.0,10290.886
P2,865a55a0e7c84df1,"{""policy"":""P2"",""fixed_p"":28,""alpha"":2,""beta"":4,""ef_min"":8,""ef_max"":512}",1000,0.9944,0.9,28.0,28.0,12833.092,14591.449999999999,2347.485,3825.05,4295.04,700.163,202.0,4717.001
P2,19b1f548856eca69,"{""policy"":""P2"",""fixed_p"":28,""alpha"":2,""beta"":8,""ef_min"":8,""ef_max"":512}",1000,0.9954,1.0,28.0,28.0,13190.913,15068.35,2406.904,3890.6499999999996,4377.139999999999,718.555,206.0,4802.082
P2,0e95757edf6d1957,"{""policy"":""P2"",""fixed_p"":28,""alpha"":2,""beta"":16,""ef_min"":8,""ef_max"":512}",1000,0.9966,1.0,28.0,28.0,16284.128,18478.649999999998,2524.661,4026.1499999999996,4540.04,898.638,214.0,5568.843
P2,962a453bc8a68327,"{""policy"":""P2"",""fixed_p"":28,""alpha"":2,""beta"":32,""ef_min"":8,""ef_max"":512}",1000,0.9973,1.0,28.0,28.0,23342.291,26159.55,2756.068,4325.549999999999,4821.1,1332.012,230.0,7320.733
P2,8d5975290a8d8913,"{""policy"":""P2"",""fixed_p"":28,""alpha"":2,""beta"":64,""ef_min"":8,""ef_max"":512}",1000,0.9983,1.0,28.0,28.0,36643.08,40559.35,3202.109,4854.2,5340.37,2202.025,262.0,10701.011
P2,de01b97b25840964,"{""policy"":""P2"",""fixed_p"":28,""alpha"":4,""beta"":4,""ef_min"":8,""ef_max"":512}",1000,0.9982000000000001,1.0,28.0,28.0,15899.921,18672.8,3909.741,6518.05,7280.53,907.564,400.0,5532.332
P2,c80769a0804e89fe,"{""policy"":""P2"",""fixed_p"":28,""alpha"":4,""beta"":8,""ef_min"":8,""ef_max"":512}",1000,0.9982000000000001,1.0,28.0,28.0,16301.369,19225.349999999995,3958.933,6564.45,7337.4,929.439,404.0,5631.273
P2,eb587deff78761a3,"{""policy"":""P2"",""fixed_p"":28,""alpha"":4,""beta"":16,""ef_min"":8,""ef_max"":512}",1000,0.9983,1.0,28.0,28.0,19327.643,22532.8,4056.419,6669.5,7430.789999999999,1110.055,412.0,6387.986
P2,35052a354da36fb6,"{""policy"":""P2"",""fixed_p"":28,""alpha"":4,""beta"":32,""ef_min"":8,""ef_max"":512}",1000,0.9984,1.0,28.0,28.0,26270.384,30005.4,4246.971,6843.899999999998,7659.549999999999,1544.163,428.0,8120.798
P2,4ba808e3e4b44ef1,"{""policy"":""P2"",""fixed_p"":28,""alpha"":4,""beta"":64,""ef_min"":8,""ef_max"":512}",1000,0.999,1.0,28.0,28.0,39374.488,44108.149999999994,4619.74,7284.25,8155.1,2414.478,460.0,11461.072
P2,6caddce3f4114353,"{""policy"":""P2"",""fixed_p"":28,""alpha"":8,""beta"":4,""ef_min"":8,""ef_max"":512}",1000,0.9985,1.0,28.0,28.0,20580.717,25940.149999999998,5886.126,8959.05,9728.52,1261.828,512.0,6822.534
P2,cb4da41d7e169108,"{""policy"":""P2"",""fixed_p"":28,""alpha"":8,""beta"":8,""ef_min"":8,""ef_max"":512}",1000,0.9986,1.0,28.0,28.0,20974.795,26596.3,5910.887,8959.05,9728.52,1284.279,512.0,6936.584
P2,8ca1975c38b75424,"{""policy"":""P2"",""fixed_p"":28,""alpha"":8,""beta"":16,""ef_min"":8,""ef_max"":512}",1000,0.9987,1.0,28.0,28.0,23889.616,29563.35,5959.565,8962.05,9780.26,1461.856,512.0,7657.027
P2,724690247a2bc4e5,"{""policy"":""P2"",""fixed_p"":28,""alpha"":8,""beta"":32,""ef_min"":8,""ef_max"":512}",1000,0.999,1.0,28.0,28.0,30619.628,36572.0,6053.956,8985.649999999998,9781.179999999998,1889.305,512.0,9351.653
P2,c06f5e55da17d6e3,"{""policy"":""P2"",""fixed_p"":28,""alpha"":8,""beta"":64,""ef_min"":8,""ef_max"":512}",1000,0.9991,1.0,28.0,28.0,43327.675,50118.149999999994,6223.322,9084.05,9781.179999999998,2743.663,512.0,12606.988
P2,1e14974444b4dac8,"{""policy"":""P2"",""fixed_p"":28,""alpha"":16,""beta"":4,""ef_min"":8,""ef_max"":512}",1000,0.9987999999999999,1.0,28.0,28.0,25812.147,36345.49999999999,6750.248,9342.35,9933.35,1675.536,513.0,8281.294
P2,6cbf0bf9baba801b,"{""policy"":""P2"",""fixed_p"":28,""alpha"":16,""beta"":8,""ef_min"":8,""ef_max"":512}",1000,0.9989,1.0,28.0,28.0,26134.716,36898.5,6754.882,9349.449999999999,9933.35,1695.409,513.0,8368.064
P2,1e6c219090cefc3c,"{""policy"":""P2"",""fixed_p"":28,""alpha"":16,""beta"":16,""ef_min"":8,""ef_max"":512}",1000,0.9989,1.0,28.0,28.0,28906.633,39818.399999999994,6764.525,9362.5,9933.35,1867.601,513.0,9071.586
P2,7919d44e79e17029,"{""policy"":""P2"",""fixed_p"":28,""alpha"":16,""beta"":32,""ef_min"":8,""ef_max"":512}",1000,0.9991,1.0,28.0,28.0,35374.568,46276.049999999996,6781.577,9362.5,9933.35,2283.812,513.0,10692.5
P2,ac0859f2c2f04a41,"{""policy"":""P2"",""fixed_p"":28,""alpha"":16,""beta"":64,""ef_min"":8,""ef_max"":512}",1000,0.9991,1.0,28.0,28.0,47613.357,58659.7,6811.9,9362.5,9968.13,3115.019,513.0,13843.907
P2,ccafed9146a2b8b9,"{""policy"":""P2"",""fixed_p"":29,""alpha"":1,""beta"":4,""ef_min"":8,""ef_max"":512}",1000,0.9827,0.9,29.0,29.0,11456.345,12835.699999999999,1407.12,2266.3499999999995,2539.0,620.77,103.0,4411.054
P2,3141769e2fde0316,"{""policy"":""P2"",""fixed_p"":29,""alpha"":1,""beta"":8,""ef_min"":8,""ef_max"":512}",1000,0.9865,0.9,29.0,29.0,11759.536,13186.449999999999,1477.15,2340.1,2614.1099999999997,635.469,107.0,4482.665
P2,71d76f681e05aec9,"{""policy"":""P2"",""fixed_p"":29,""alpha"":1,""beta"":16,""ef_min"":8,""ef_max"":512}",1000,0.9919,0.9,29.0,29.0,14975.062,16826.649999999998,1615.838,2503.05,2800.13,820.486,115.0,5268.062
P2,f9b2bfd851d8c66f,"{""policy"":""P2"",""fixed_p"":29,""alpha"":1,""beta"":32,""ef_min"":8,""ef_max"":512}",1000,0.9942000000000001,0.9,29.0,29.0,22344.1,24897.55,1883.255,2828.05,3094.02,1268.791,131.0,7101.42
P2,b8271d96690f05d2,"{""policy"":""P2"",""fixed_p"":29,""alpha"":1,""beta"":64,""ef_min"":8,""ef_max"":512}",1000,0.9971,1.0,29.0,29.0,36205.583,39951.2,2409.69,3437.05,3772.04,2169.279,163.0,10603.803
P2,50df28128711ce31,"{""policy"":""P2"",""fixed_p"":29,""alpha"":2,""beta"":4,""ef_min"":8,""ef_max"":512}",1000,0.9945,0.9,29.0,29.0,13165.117,14952.25,2347.485,3825.05,4295.04,720.794,202.0,4845.731
P2,3bf025f528aad14f,"{""policy"":""P2"",""fixed_p"":29,""alpha"":2,""beta"":8,""ef_min"":8,""ef_max"":512}",1000,0.9955,1.0,29.0,29.0,13522.938,15374.25,2406.904,3890.6499999999996,4377.139999999999,739.186,206.0,4930.812
P2,22b5ac60db0ef9f7,"{""policy"":""P2"",""fixed_p"":29,""alpha"":2,""beta"":16,""ef_min"":8,""ef_max"":512}",1000,0.9967,1.0,29.0,29.0,16711.746,18958.05,2524.661,4026.1499999999996,4540.04,925.447,214.0,5720.444
P2,fee6478501fc4d0e,"{""policy"":""P2"",""fixed_p"":29,""alpha"":2,""beta"":32,""ef_min"":8,""ef_max"":512}",1000,0.9974,1.0,29.0,29.0,24000.239,27014.649999999998,2756.068,4325.549999999999,4821.1,1374.472,230.0,7529.01
P2,a03e0ce5b9b91171,"{""policy"":""P2"",""fixed_p"":29,""alpha"":2,""beta"":64,""ef_min"":8,""ef_max"":512}",1000,0.9984,1.0,29.0,29.0,37727.156,41850.85,3202.109,4854.2,5340.37,2275.391,262.0,11013.928
P2,49118099a33615b7,"{""policy"":""P2"",""fixed_p"":29,""alpha"":4,""beta"":4,""ef_min"":8,""ef_max"":512}",1000,0.9983,1.0,29.0,29.0,16231.946,19063.2,3909.741,6518.05,7280.53,928.195,400.0,5661.062
P2,1590f6d2471ff146,"{""policy"":""P2"",""fixed_p"":29,""alpha"":4,""beta"":8,""ef_min"":8,""ef_max"":512}",1000,0.9983,1.0,29.0,29.0,16633.394,19647.449999999997,3958.933,6564.45,7337.4,950.07,404.0,5760.003
P2,82993c040e8a2028,"{""policy"":""P2"",""fixed_p"":29,""alpha"":4,""beta"":16,""ef_min"":8,""ef_max"":512}",1000,0.9984,1.0,29.0,29.0,19755.261,22999.75,4056.419,6669.5,7430.789999999999,1136.864,412.0,6539.587
P2,b90e5ed84266125d,"{""policy"":""P2"",""fixed_p"":29,""alpha"":4,""beta"":32,""ef_min"":8,""ef_max"":512}",1000,0.9985,1.0,29.0,29.0,26928.332,30797.3,4246.971,6843.899999999998,7659.549999999999,1586.623,428.0,8329.075
P2,dc7ed54c33854ddd,"{""policy"":""P2"",""fixed_p"":29,""alpha"":4,""beta"":64,""ef_min"":8,""ef_max"":512}",1000,0.9991,1.0,29.0,29.0,40458.564,45402.05,4619.74,7284.25,8155.1,2487.844,460.0,11773.989
P2,35f057965d5f6e4e,"{""policy"":""P2"",""fixed_p"":29,""alpha"":8,""beta"":4,""ef_min"":8,""ef_max"":512}",1000,0.9986,1.0,29.0,29.0,20912.742,26365.149999999998,5886.126,8959.05,9728.52,1282.459,512.0,6951.264
P2,95636411b9ca0eaa,"{""policy"":""P2"",""fixed_p"":29,""alpha"":8,""beta"":8,""ef_min"":8,""ef_max"":512}",1000,0.9987,1.0,29.0,29.0,21306.82,26933.899999999998,5910.887,8959.05,9728.52,1304.91,512.0,7065.314
P2,12e5f8c2ee141b2b,"{""policy"":""P2"",""fixed_p"":29,""alpha"":8,""beta"":16,""ef_min"":8,""ef_max"":512}",1000,0.9987999999999999,1.0,29.0,29.0,24317.234,30083.2,5959.565,8962.05,9780.26,1488.665,512.0,7808.628
P2,3aabb0b007b21cf0,"{""policy"":""P2"",""fixed_p"":29,""alpha"":8,""beta"":32,""ef_min"":8,""ef_max"":512}",1000,0.9991,1.0,29.0,29.0,31277.576,37473.85,6053.956,8985.649999999998,9781.179999999998,1931.765,512.0,9559.93
P2,1f7ed0e66633c69d,"{""policy"":""P2"",""fixed_p"":29,""alpha"":8,""beta"":64,""ef_min"":8,""ef_max"":512}",1000,0.9992000000000001,1.0,29.0,29.0,44411.751,51365.799999999996,6223.322,9084.05,9781.179999999998,2817.029,512.0,12919.905
P2,ab3a4ad6e3a49794,"{""policy"":""P2"",""fixed_p"":29,""alpha"":16,""beta"":4,""ef_min"":8,""ef_max"":512}",1000,0.9989,1.0,29.0,29.0,26144.172,36754.4,6750.248,9342.35,9933.35,1696.167,513.0,8410.024
P2,de5781993ad5b442,"{""policy"":""P2"",""fixed_p"":29,""alpha"":16,""beta"":8,""ef_min"":8,""ef_max"":512}",1000,0.999,1.0,29.0,29.0,26466.741,37288.85,6754.882,9349.449999999999,9933.35,1716.04,513.0,8496.794
P2,e80d6c12c86fb123,"{""policy"":""P2"",""fixed_p"":29,""alpha"":16,""beta"":16,""ef_min"":8,""ef_max"":512}",1000,0.999,1.0,29.0,29.0,29334.251,40336.4,6764.525,9362.5,9933.35,1894.41,513.0,9223.187
P2,d79b1008bd1b9e99,"{""policy"":""P2"",""fixed_p"":29,""alpha"":16,""beta"":32,""ef_min"":8,""ef_max"":512}",1000,0.9992000000000001,1.0,29.0,29.0,36032.516,46936.69999999999,6781.577,9362.5,9933.35,2326.272,513.0,10900.777
P2,8cb7da2e4bc0072c,"{""policy"":""P2"",""fixed_p"":29,""alpha"":16,""beta"":64,""ef_min"":8,""ef_max"":512}",1000,0.9992000000000001,1.0,29.0,29.0,48697.433,59799.49999999999,6811.9,9362.5,9968.13,3188.385,513.0,14156.824
P2,25b268f1afa09fa2,"{""policy"":""P2"",""fixed_p"":30,""alpha"":1,""beta"":4,""ef_min"":8,""ef_max"":512}",1000,0.9828,0.9,30.0,30.0,11842.926,13227.15,1407.205,2266.3499999999995,2539.0,641.565,103.0,4559.814
P2,a9a9f95ba1dbed36,"{""policy"":""P2"",""fixed_p"":30,""alpha"":1,""beta"":8,""ef_min"":8,""ef_max"":512}",1000,0.9866,0.9,30.0,30.0,12146.117,13544.15,1477.177,2340.1,2614.1099999999997,656.264,107.0,4631.425
P2,b9ed1fed6aef62ad,"{""policy"":""P2"",""fixed_p"":30,""alpha"":1,""beta"":16,""ef_min"":8,""ef_max"":512}",1000,0.992,0.9,30.0,30.0,15476.486,17273.3,1616.225,2503.05,2800.13,847.186,115.0,5441.636
P2,7c83cfd81693481b,"{""policy"":""P2"",""fixed_p"":30,""alpha"":1,""beta"":32,""ef_min"":8,""ef_max"":512}",1000,0.9943,0.9,30.0,30.0,23128.371,25609.2,1883.695,2828.05,3094.02,1310.911,131.0,7345.276
P2,2c6ea61fe09c5640,"{""policy"":""P2"",""fixed_p"":30,""alpha"":1,""beta"":64,""ef_min"":8,""ef_max"":512}",1000,0.9972000000000001,1.0,30.0,30.0,37513.593,41161.1,2410.78,3437.05,3772.04,2242.67,163.0,10980.758
P2,4b3afae13de78e3e,"{""policy"":""P2"",""fixed_p"":30,""alpha"":2,""beta"":4,""ef_min"":8,""ef_max"":512}",1000,0.9946,0.9,30.0,30.0,13551.698,15272.199999999999,2347.485,3825.05,4295.04,741.589,202.0,4994.491
P2,af455987dc38b711,"{""policy"":""P2"",""fixed_p"":30,""alpha"":2,""beta"":8,""ef_min"":8,""ef_max"":512}",1000,0.9956,1.0,30.0,30.0,13909.519,15782.05,2406.904,3890.6499999999996,4377.139999999999,759.981,206.0,5079.572
P2,d1d47d6d19eb374d,"{""policy"":""P2"",""fixed_p"":30,""alpha"":2,""beta"":16,""ef_min"":8,""ef_max"":512}",1000,0.9967999999999999,1.0,30.0,30.0,17213.17,19467.7,2524.704,4026.1499999999996,4540.04,952.147,214.0,5894.018
P2,d0c962aa96c5cacf,"{""policy"":""P2"",""fixed_p"":30,""alpha"":2,""beta"":32,""ef_min"":8,""ef_max"":512}",1000,0.9975,1.0,30.0,30.0,24784.51,27688.8,2756.387,4325.549999999999,4821.1,1416.592,230.0,7772.866
P2,d376483941c6e505,"{""policy"":""P2"",""fixed_p"":30,""alpha"":2,""beta"":64,""ef_min"":8,""ef_max"":512}",1000,0.9985,1.0,30.0,30.0,39035.166,43031.4,3202.834,4854.2,5340.37,2348.782,262.0,11390.883
P2,37853415dc59da99,"{""policy"":""P2"",""fixed_p"":30,""alpha"":4,""beta"":4,""ef_min"":8,""ef_max"":512}",1000,0.9984,1.0,30.0,30.0,16618.527,19387.1,3909.741,6518.05,7280.53,948.99,400.0,5809.822
P2,02cdab7d480a499e,"{""policy"":""P2"",""fixed_p"":30,""alpha"":4,""beta"":8,""ef_min"":8,""ef_max"":512}",1000,0.9984,1.0,30.0,30.0,17019.975,20001.399999999998,3958.933,6564.45,7337.4,970.865,404.0,5908.763
P2,db3e3e60256fe329,"{""policy"":""P2"",""fixed_p"":30,""alpha"":4,""beta"":16,""ef_min"":8,""ef_max"":512}",1000,0.9985,1.0,30.0,30.0,20256.685,23490.1,4056.419,6669.5,7430.789999999999,1163.564,412.0,6713.161
P2,3aba4c0527c1fb9a,"{""policy"":""P2"",""fixed_p"":30,""alpha"":4,""beta"":32,""ef_min"":8,""ef_max"":512}",1000,0.9986,1.0,30.0,30.0,27712.603,31519.149999999998,4246.971,6843.899999999998,7659.549999999999,1628.743,428.0,8572.931
P2,56791582189388a5,"{""policy"":""P2"",""fixed_p"":30,""alpha"":4,""beta"":64,""ef_min"":8,""ef_max"":512}",1000,0.9992000000000001,1.0,30.0,30.0,41766.574,46621.0,4620.122,7284.25,8155.1,2561.235,460.0,12150.944
P2,146e8b4a2f0a36d6,"{""policy"":""P2"",""fixed_p"":30,""alpha"":8,""beta"":4,""ef_min"":8,""ef_max"":512}",1000,0.9987,1.0,30.0,30.0,21299.323,26718.8,5886.126,8959.05,9728.52,1303.254,512.0,7100.024
P2,c41230692367884b,"{""policy"":""P2"",""fixed_p"":30,""alpha"":8,""beta"":8,""ef_min"":8,""ef_max"":512}",1000,0.9987999999999999,1.0,30.0,30.0,21693.401,27343.35,5910.887,8959.05,9728.52,1325.705,512.0,7214.074
P2,88ab67752badcc2b,"{""policy"":""P2"",""fixed_p"":30,""alpha"":8,""beta"":16,""ef_min"":8,""ef_max"":512}",1000,0.9989,1.0,30.0,30.0,24818.658,30527.35,5959.565,8962.05,9780.26,1515.365,512.0,7982.202
P2,b4597d68f5e57023,"{""policy"":""P2"",""fixed_p"":30,""alpha"":8,""beta"":32,""ef_min"":8,""ef_max"":512}",1000,0.9992000000000001,1.0,30.0,30.0,32061.847,38187.24999999999,6053.956,8985.649999999998,9781.179999999998,1973.885,512.0,9803.786
P2,63ddcb2495e3fa38,"{""policy"":""P2"",""fixed_p"":30,""alpha"":8,""beta"":64,""ef_min"":8,""ef_max"":512}",1000,0.9993,1.0,30.0,30.0,45719.761,52659.85,6223.322,9084.05,9781.179999999998,2890.42,512.0,13296.86
P2,76673db94fc8927a,"{""policy"":""P2"",""fixed_p"":30,""alpha"":16,""beta"":4,""ef_min"":8,""ef_max"":512}",1000,0.999,1.0,30.0,30.0,26530.753,37118.74999999999,6750.248,9342.35,9933.35,1716.962,513.0,8558.784
P2,8f42c89065eca7da,"{""policy"":""P2"",""fixed_p"":30,""alpha"":16,""beta"":8,""ef_min"":8,""ef_max"":512}",1000,0.9991,1.0,30.0,30.0,26853.322,37742.049999999996,6754.882,9349.449999999999,9933.35,1736.835,513.0,8645.554
P2,f7e69c40cc58fecd,"{""policy"":""P2"",""fixed_p"":30,""alpha"":16,""beta"":16,""ef_min"":8,""ef_max"":512}",1000,0.9991,1.0,30.0,30.0,29835.675,40886.35,6764.525,9362.5,9933.35,1921.11,513.0,9396.761
P2,37bc0e3eb17963d0,"{""policy"":""P2"",""fixed_p"":30,""alpha"":16,""beta"":32,""ef_min"":8,""ef_max"":512}",1000,0.9993,1.0,30.0,30.0,36816.787,47826.649999999994,6781.577,9362.5,9933.35,2368.392,513.0,11144.633
P2,234a8acc4c4d7a4a,"{""policy"":""P2"",""fixed_p"":30,""alpha"":16,""beta"":64,""ef_min"":8,""ef_max"":512}",1000,0.9993,1.0,30.0,30.0,50005.443,61279.5,6811.9,9362.5,9968.13,3261.776,513.0,14533.779
P2,db2f996ce2f4c843,"{""policy"":""P2"",""fixed_p"":31,""alpha"":1,""beta"":4,""ef_min"":8,""ef_max"":512}",1000,0.9828,0.9,31.0,31.0,12163.994,13589.2,1407.27,2266.3499999999995,2539.0,662.117,103.0,4699.262
P2,613ee3e1dcb2b593,"{""policy"":""P2"",""fixed_p"":31,""alpha"":1,""beta"":8,""ef_min"":8,""ef_max"":512}",1000,0.9866,0.9,31.0,31.0,12467.185,13895.599999999999,1477.211,2340.1,2614.1099999999997,676.816,107.0,4770.873
P2,7be1beb7568024bd,"{""policy"":""P2"",""fixed_p"":31,""alpha"":1,""beta"":16,""ef_min"":8,""ef_max"":512}",1000,0.992,0.9,31.0,31.0,15896.726,17733.35,1616.323,2503.05,2800.13,873.969,115.0,5608.327
P2,ff5c24c592892187,"{""policy"":""P2"",""fixed_p"":31,""alpha"":1,""beta"":32,""ef_min"":8,""ef_max"":512}",1000,0.9943,0.9,31.0,31.0,23787.51,26275.45,1883.695,2828.05,3094.02,1353.39,131.0,7574.359
P2,4feb32c38f69fa5c,"{""policy"":""P2"",""fixed_p"":31,""alpha"":1,""beta"":64,""ef_min"":8,""ef_max"":512}",1000,0.9972000000000001,1.0,31.0,31.0,38632.474,42242.2,2410.792,3437.05,3772.04,2316.107,163.0,11332.077
P2,29015fd9c1c69e27,"{""policy"":""P2"",""fixed_p"":31,""alpha"":2,""beta"":4,""ef_min"":8,""ef_max"":512}",1000,0.9946,0.9,31.0,31.0,13872.766,15626.699999999999,2347.485,3825.05,4295.04,762.141,202.0,5133.939
P2,43c34e3a98c1442b,"{""policy"":""P2"",""fixed_p"":31,""alpha"":2,""beta"":8,""ef_min"":8,""ef_max"":512}",1000,0.9956,1.0,31.0,31.0,14230.587,16084.599999999999,2406.904,3890.6499999999996,4377.139999999999,780.533,206.0,5219.02
P2,1845b13a7f0c55be,"{""policy"":""P2"",""fixed_p"":31,""alpha"":2,""beta"":16,""ef_min"":8,""ef_max"":512}",1000,0.9967999999999999,1.0,31.0,31.0,17633.41,19841.15,2524.704,4026.1499999999996,4540.04,978.93,214.0,6060.709
P2,fa5016598a253112,"{""policy"":""P2"",""fixed_p"":31,""alpha"":2,""beta"":32,""ef_min"":8,""ef_max"":512}",1000,0.9975,1.0,31.0,31.0,25443.649,28390.3,2756.387,4325.549999999999,4821.1,1459.071,230.0,8001.949
P2,b47c084231b35529,"{""policy"":""P2"",""fixed_p"":31,""alpha"":2,""beta"":64,""ef_min"":8,""ef_max"":512}",1000,0.9985,1.0,31.0,31.0,40154.047,44122.45,3202.834,4854.2,5340.37,2422.219,262.0,11742.202
P2,3c8f89d78deb2b73,"{""policy"":""P2"",""fixed_p"":31,""alpha"":4,""beta"":4,""ef_min"":8,""ef_max"":512}",1000,0.9984,1.0,31.0,31.0,16939.595,19702.25,3909.741,6518.05,7280.53,969.542,400.0,5949.27
P2,5eebfcbfe099f462,"{""policy"":""P2"",""fixed_p"":31,""alpha"":4,""beta"":8,""ef_min"":8,""ef_max"":512}",1000,0.9984,1.0,31.0,31.0,17341.043,20285.75,3958.933,6564.45,7337.4,991.417,404.0,6048.211
P2,76378eeed907f5e8,"{""policy"":""P2"",""fixed_p"":31,""alpha"":4,""beta"":16,""ef_min"":8,""ef_max"":512}",1000,0.9985,1.0,31.0,31.0,20676.925,23897.0,4056.419,6669.5,7430.789999999999,1190.347,412.0,6879.852
P2,7266f3d9a4397c1c,"{""policy"":""P2"",""fixed_p"":31,""alpha"":4,""beta"":32,""ef_min"":8,""ef_max"":512}",1000,0.9986,1.0,31.0,31.0,28371.742,32197.5,4246.971,6843.899999999998,7659.549999999999,1671.222,428.0,8802.014
P2,cff6b6352272ea74,"{""policy"":""P2"",""fixed_p"":31,""alpha"":4,""beta"":64,""ef_min"":8,""ef_max"":512}",1000,0.9992000000000001,1.0,31.0,31.0,42885.455,47716.7,4620.122,7284.25,8155.1,2634.672,460.0,12502.263
P2,871cb512feabcc8c,"{""policy"":""P2"",""fixed_p"":31,""alpha"":8,""beta"":4,""ef_min"":8,""ef_max"":512}",1000,0.9987,1.0,31.0,31.0,21620.391,27036.649999999998,5886.126,8959.05,9728.52,1323.806,512.0,7239.472
P2,ac18f01c4a211b77,"{""policy"":""P2"",""fixed_p"":31,""alpha"":8,""beta"":8,""ef_min"":8,""ef_max"":512}",1000,0.9987999999999999,1.0,31.0,31.0,22014.469,27682.649999999998,5910.887,8959.05,9728.52,1346.257,512.0,7353.522
P2,677525180b8caaca,"{""policy"":""P2"",""fixed_p"":31,""alpha"":8,""beta"":16,""ef_min"":8,""ef_max"":512}",1000,0.9989,1.0,31.0,31.0,25238.898,30964.599999999995,5959.565,8962.05,9780.26,1542.148,512.0,8148.893
P2,211ee9551814cf73,"{""policy"":""P2"",""fixed_p"":31,""alpha"":8,""beta"":32,""ef_min"":8,""ef_max"":512}",1000,0.9992000000000001,1.0,31.0,31.0,32720.986,38913.6,6053.956,8985.649999999998,9781.179999999998,2016.364,512.0,10032.869
P2,79a1c55c177c642f,"{""policy"":""P2"",""fixed_p"":31,""alpha"":8,""beta"":64,""ef_min"":8,""ef_max"":512}",1000,0.9993,1.0,31.0,31.0,46838.642,53752.2,6223.322,9084.05,9781.179999999998,2963.857,512.0,13648.179
P2,8d0b20483266ff7a,"{""policy"":""P2"",""fixed_p"":31,""alpha"":16,""beta"":4,""ef_min"":8,""ef_max"":512}",1000,0.999,1.0,31.0,31.0,26851.821,37467.99999999999,6750.248,9342.35,9933.35,1737.514,513.0,8698.232
P2,64fef1b7b6563e4e,"{""policy"":""P2"",""fixed_p"":31,""alpha"":16,""beta"":8,""ef_min"":8,""ef_max"":512}",1000,0.9991,1.0,31.0,31.0,27174.39,38117.35,6754.882,9349.449999999999,9933.35,1757.387,513.0,8785.002
P2,0363796fcd307893,"{""policy"":""P2"",""fixed_p"":31,""alpha"":16,""beta"":16,""ef_min"":8,""ef_max"":512}",1000,0.9991,1.0,31.0,31.0,30255.915,41308.75,6764.525,9362.5,9933.35,1947.893,513.0,9563.452
P2,f746efb29d802157,"{""policy"":""P2"",""fixed_p"":31,""alpha"":16,""beta"":32,""ef_min"":8,""ef_max"":512}",1000,0.9993,1.0,31.0,31.0,37475.926,48537.84999999999,6781.577,9362.5,9933.35,2410.871,513.0,11373.716
P2,473d1e500ea63660,"{""policy"":""P2"",""fixed_p"":31,""alpha"":16,""beta"":64,""ef_min"":8,""ef_max"":512}",1000,0.9993,1.0,31.0,31.0,51124.324,62228.89999999999,6811.9,9362.5,9968.13,3335.213,513.0,14885.098
P2,6118b88e690cb23e,"{""policy"":""P2"",""fixed_p"":32,""alpha"":1,""beta"":4,""ef_min"":8,""ef_max"":512}",1000,0.9828,0.9,32.0,32.0,12503.834,13978.15,1407.27,2266.3499999999995,2539.0,682.179,103.0,4841.252
P2,71f2b37834665c7e,"{""policy"":""P2"",""fixed_p"":32,""alpha"":1,""beta"":8,""ef_min"":8,""ef_max"":512}",1000,0.9866,0.9,32.0,32.0,12807.025,14304.35,1477.211,2340.1,2614.1099999999997,696.878,107.0,4912.863
P2,3ca91c2f2891743c,"{""policy"":""P2"",""fixed_p"":32,""alpha"":1,""beta"":16,""ef_min"":8,""ef_max"":512}",1000,0.992,0.9,32.0,32.0,16340.109,18229.15,1616.328,2503.05,2800.13,900.12,115.0,5779.757
P2,75a6b715e366237d,"{""policy"":""P2"",""fixed_p"":32,""alpha"":1,""beta"":32,""ef_min"":8,""ef_max"":512}",1000,0.9943,0.9,32.0,32.0,24487.486,26982.95,1883.885,2828.05,3094.02,1394.884,131.0,7806.112
P2,4e44215a0d2ec613,"{""policy"":""P2"",""fixed_p"":32,""alpha"":1,""beta"":64,""ef_min"":8,""ef_max"":512}",1000,0.9973,1.0,32.0,32.0,39838.505,43589.3,2411.186,3437.05,3772.04,2388.686,163.0,11693.922
P2,c50b40ff2b61b671,"{""policy"":""P2"",""fixed_p"":32,""alpha"":2,""beta"":4,""ef_min"":8,""ef_max"":512}",1000,0.9946,0.9,32.0,32.0,14212.606,15985.2,2347.485,3825.05,4295.04,782.203,202.0,5275.929
P2,aa06eedb41293e6d,"{""policy"":""P2"",""fixed_p"":32,""alpha"":2,""beta"":8,""ef_min"":8,""ef_max"":512}",1000,0.9956,1.0,32.0,32.0,14570.427,16476.25,2406.904,3890.6499999999996,4377.139999999999,800.595,206.0,5361.01
P2,1ae23f8a93cb9e2d,"{""policy"":""P2"",""fixed_p"":32,""alpha"":2,""beta"":16,""ef_min"":8,""ef_max"":512}",1000,0.9967999999999999,1.0,32.0,32.0,18076.793,20371.45,2524.704,4026.1499999999996,4540.04,1005.081,214.0,6232.139
P2,c5ee57768d45975f,"{""policy"":""P2"",""fixed_p"":32,""alpha"":2,""beta"":32,""ef_min"":8,""ef_max"":512}",1000,0.9975,1.0,32.0,32.0,26143.625,29128.149999999998,2756.387,4325.549999999999,4821.1,1500.565,230.0,8233.702
P2,e2ea2a528ed8ca9c,"{""policy"":""P2"",""fixed_p"":32,""alpha"":2,""beta"":64,""ef_min"":8,""ef_max"":512}",1000,0.9986,1.0,32.0,32.0,41360.078,45435.7,3202.89,4854.2,5340.37,2494.798,262.0,12104.047
P2,eea5fda9caca2036,"{""policy"":""P2"",""fixed_p"":32,""alpha"":4,""beta"":4,""ef_min"":8,""ef_max"":512}",1000,0.9984,1.0,32.0,32.0,17279.435,20037.15,3909.741,6518.05,7280.53,989.604,400.0,6091.26
P2,b08196a48a6f3e38,"{""policy"":""P2"",""fixed_p"":32,""alpha"":4,""beta"":8,""ef_min"":8,""ef_max"":512}",1000,0.9984,1.0,32.0,32.0,17680.883,20656.35,3958.933,6564.45,7337.4,1011.479,404.0,6190.201
P2,f7f7d824e4601d54,"{""policy"":""P2"",""fixed_p"":32,""alpha"":4,""beta"":16,""ef_min"":8,""ef_max"":512}",1000,0.9985,1.0,32.0,32.0,21120.308,24396.5,4056.419,6669.5,7430.789999999999,1216.498,412.0,7051.282
P2,1190d4dbd48fda25,"{""policy"":""P2"",""fixed_p"":32,""alpha"":4,""beta"":32,""ef_min"":8,""ef_max"":512}",1000,0.9986,1.0,32.0,32.0,29071.718,32901.6,4246.971,6843.899999999998,7659.549999999999,1712.716,428.0,9033.767
P2,2187a1670ef8e6d0,"{""policy"":""P2"",""fixed_p"":32,""alpha"":4,""beta"":64,""ef_min"":8,""ef_max"":512}",1000,0.9993,1.0,32.0,32.0,44091.486,48952.05,4620.178,7284.25,8155.1,2707.251,460.0,12864.108
P2,1ca16e50827b9a0c,"{""policy"":""P2"",""fixed_p"":32,""alpha"":8,""beta"":4,""ef_min"":8,""ef_max"":512}",1000,0.9987,1.0,32.0,32.0,21960.231,27352.4,5886.126,8959.05,9728.52,1343.868,512.0,7381.462
P2,8e1efb129464310f,"{""policy"":""P2"",""fixed_p"":32,""alpha"":8,""beta"":8,""ef_min"":8,""ef_max"":512}",1000,0.9987999999999999,1.0,32.0,32.0,22354.309,27974.0,5910.887,8959.05,9728.52,1366.319,512.0,7495.512
P2,56992fee0be5277f,"{""policy"":""P2"",""fixed_p"":32,""alpha"":8,""beta"":16,""ef_min"":8,""ef_max"":512}",1000,0.9989,1.0,32.0,32.0,25682.281,31452.05,5959.565,8962.05,9780.26,1568.299,512.0,8320.323
P2,aad4bfe78109080c,"{""policy"":""P2"",""fixed_p"":32,""alpha"":8,""beta"":32,""ef_min"":8,""ef_max"":512}",1000,0.9992000000000001,1.0,32.0,32.0,33420.962,39532.85,6053.956,8985.649999999998,9781.179999999998,2057.858,512.0,10264.622
P2,2d74261af8367f9f,"{""policy"":""P2"",""fixed_p"":32,""alpha"":8,""beta"":64,""ef_min"":8,""ef_max"":512}",1000,0.9994,1.0,32.0,32.0,48044.673,54948.1,6223.322,9084.05,9781.179999999998,3036.436,512.0,14010.024
P2,32aa80efcc18c7c4,"{""policy"":""P2"",""fixed_p"":32,""alpha"":16,""beta"":4,""ef_min"":8,""ef_max"":512}",1000,0.999,1.0,32.0,32.0,27191.661,37818.25,6750.248,9342.35,9933.35,1757.576,513.0,8840.222
P2,bebbf9ff93f47bbb,"{""policy"":""P2"",""fixed_p"":32,""alpha"":16,""beta"":8,""ef_min"":8,""ef_max"":512}",1000,0.9991,1.0,32.0,32.0,27514.23,38410.399999999994,6754.882,9349.449999999999,9933.35,1777.449,513.0,8926.992
P2,8a54db155ba97fab,"{""policy"":""P2"",""fixed_p"":32,""alpha"":16,""beta"":16,""ef_min"":8,""ef_max"":512}",1000,0.9991,1.0,32.0,32.0,30699.298,41763.3,6764.525,9362.5,9933.35,1974.044,513.0,9734.882
P2,77ee446475224cf6,"{""policy"":""P2"",""fixed_p"":32,""alpha"":16,""beta"":32,""ef_min"":8,""ef_max"":512}",1000,0.9993,1.0,32.0,32.0,38175.902,49196.34999999999,6781.577,9362.5,9933.35,2452.365,513.0,11605.469
P2,a7e076b606fc3daf,"{""policy"":""P2"",""fixed_p"":32,""alpha"":16,""beta"":64,""ef_min"":8,""ef_max"":512}",1000,0.9994,1.0,32.0,32.0,52330.355,63328.69999999999,6811.9,9362.5,9968.13,3407.792,513.0,15246.943
P3,e7972f0fb23a4132,"{""policy"":""P3"",""alpha"":1,""beta"":4,""ef_min"":8,""ef_max"":512}",1000,0.9819,0.9,6.207,11.0,3628.692,5472.05,1406.514,2266.3499999999995,2539.0,151.16,103.0,1276.716
P3,d72ec85154fba925,"{""policy"":""P3"",""alpha"":1,""beta"":8,""ef_min"":8,""ef_max"":512}",1000,0.9857,0.9,6.207,11.0,3931.883,6075.4,1476.73,2340.1,2614.1099999999997,165.859,107.0,1348.327
P3,292d5183cbeaa920,"{""policy"":""P3"",""alpha"":1,""beta"":16,""ef_min"":8,""ef_max"":512}",1000,0.9911,0.9,6.207,11.0,4906.521,7817.0999999999985,1614.887,2503.05,2800.13,212.359,115.0,1568.086
P3,6393d4ec9e3896f2,"{""policy"":""P3"",""alpha"":1,""beta"":32,""ef_min"":8,""ef_max"":512}",1000,0.9933,0.9,6.207,11.0,6786.609,11245.649999999998,1877.737,2828.05,3094.02,308.52,131.0,2023.103
P3,6c90089b461b5375,"{""policy"":""P3"",""alpha"":1,""beta"":64,""ef_min"":8,""ef_max"":512}",1000,0.9962000000000001,1.0,6.207,11.0,10225.763,17392.249999999993,2379.445,3437.05,3772.04,505.239,163.0,2867.674
P3,344cb859294ea8f0,"{""policy"":""P3"",""alpha"":2,""beta"":4,""ef_min"":8,""ef_max"":512}",1000,0.9937,0.9,6.207,11.0,5337.464,7673.15,2347.233,3825.05,4295.04,251.184,202.0,1711.393
P3,25c7a9e29d8c4a1b,"{""policy"":""P3"",""alpha"":2,""beta"":8,""ef_min"":8,""ef_max"":512}",1000,0.9947,0.9950000000000003,6.207,11.0,5695.285,8392.75,2406.673,3890.6499999999996,4377.139999999999,269.576,206.0,1796.474
P3,78c7c8e25a68b85a,"{""policy"":""P3"",""alpha"":2,""beta"":16,""ef_min"":8,""ef_max"":512}",1000,0.9959,1.0,6.207,11.0,6643.205,10106.55,2524.4,4026.1499999999996,4540.04,317.32,214.0,2020.468
P3,be29b05e5d7897b3,"{""policy"":""P3"",""alpha"":2,""beta"":32,""ef_min"":8,""ef_max"":512}",1000,0.9965,1.0,6.207,11.0,8442.748,13410.3,2754.874,4325.549999999999,4821.1,414.201,230.0,2450.693
P3,2ea0b8de6fd0db5c,"{""policy"":""P3"",""alpha"":2,""beta"":64,""ef_min"":8,""ef_max"":512}",1000,0.9975,1.0,6.207,11.0,11747.336,19574.249999999996,3195.146,4854.2,5340.37,611.351,262.0,3277.799
P3,814d6720c48a72dd,"{""policy"":""P3"",""alpha"":4,""beta"":4,""ef_min"":8,""ef_max"":512}",1000,0.9975,1.0,6.207,11.0,8404.293,12080.2,3909.704,6518.05,7280.53,458.585,400.0,2526.724
P3,7c005f1374fb912b,"{""policy"":""P3"",""alpha"":4,""beta"":8,""ef_min"":8,""ef_max"":512}",1000,0.9975,1.0,6.207,11.0,8805.741,12816.949999999999,3958.915,6564.45,7337.4,480.46,404.0,2625.665
P3,358a491001887f24,"{""policy"":""P3"",""alpha"":4,""beta"":16,""ef_min"":8,""ef_max"":512}",1000,0.9976,1.0,6.207,11.0,9686.72,14326.499999999998,4056.335,6669.5,7430.789999999999,528.737,412.0,2839.611
P3,54157b37569f2f20,"{""policy"":""P3"",""alpha"":4,""beta"":32,""ef_min"":8,""ef_max"":512}",1000,0.9976,1.0,6.207,11.0,11370.841,17494.85,4246.504,6843.899999999998,7659.549999999999,626.352,428.0,3250.758
P3,2c4c5214ba1ae4e5,"{""policy"":""P3"",""alpha"":4,""beta"":64,""ef_min"":8,""ef_max"":512}",1000,0.9982000000000001,1.0,6.207,11.0,14478.744,23256.849999999995,4618.257,7284.25,8155.1,823.804,460.0,4037.86
P3,dd0c067bf87bc724,"{""policy"":""P3"",""alpha"":8,""beta"":4,""ef_min"":8,""ef_max"":512}",1000,0.9977999999999999,1.0,6.207,11.0,13085.089,19581.35,5886.126,8959.05,9728.52,812.849,512.0,3816.926
P3,0b91ed752bb6a7d1,"{""policy"":""P3"",""alpha"":8,""beta"":8,""ef_min"":8,""ef_max"":512}",1000,0.9979,1.0,6.207,11.0,13479.167,20183.049999999996,5910.887,8959.05,9728.52,835.3,512.0,3930.976
P3,ccc466d26ad2afba,"{""policy"":""P3"",""alpha"":8,""beta"":16,""ef_min"":8,""ef_max"":512}",1000,0.998,1.0,6.207,11.0,14248.693,21494.6,5959.565,8962.05,9780.26,880.538,512.0,4108.652
P3,d784bfe0d0b18bd6,"{""policy"":""P3"",""alpha"":8,""beta"":32,""ef_min"":8,""ef_max"":512}",1000,0.9982000000000001,1.0,6.207,11.0,15720.085,24224.1,6053.805,8985.649999999998,9781.179999999998,971.494,512.0,4481.613
P3,810fe91a31e09709,"{""policy"":""P3"",""alpha"":8,""beta"":64,""ef_min"":8,""ef_max"":512}",1000,0.9983,1.0,6.207,11.0,18431.931,29661.199999999993,6222.938,9084.05,9781.179999999998,1152.989,512.0,5183.776
P3,fdd1cea4e811c4f6,"{""policy"":""P3"",""alpha"":16,""beta"":4,""ef_min"":8,""ef_max"":512}",1000,0.9981,1.0,6.207,11.0,18316.519,29944.199999999997,6750.248,9342.35,9933.35,1226.557,513.0,5275.686
P3,52729bdd5babfc1b,"{""policy"":""P3"",""alpha"":16,""beta"":8,""ef_min"":8,""ef_max"":512}",1000,0.9982000000000001,1.0,6.207,11.0,18639.088,30510.499999999993,6754.882,9349.449999999999,9933.35,1246.43,513.0,5362.456
P3,5b8b43de6bcec348,"{""policy"":""P3"",""alpha"":16,""beta"":16,""ef_min"":8,""ef_max"":512}",1000,0.9982000000000001,1.0,6.207,11.0,19265.71,31770.249999999996,6764.525,9362.5,9933.35,1286.283,513.0,5523.211
P3,1bad3cd36c2f007b,"{""policy"":""P3"",""alpha"":16,""beta"":32,""ef_min"":8,""ef_max"":512}",1000,0.9983,1.0,6.207,11.0,20475.025,33877.85,6781.577,9362.5,9933.35,1366.001,513.0,5822.46
P3,32391ffa87f44c71,"{""policy"":""P3"",""alpha"":16,""beta"":64,""ef_min"":8,""ef_max"":512}",1000,0.9983,1.0,6.207,11.0,22717.613,37707.74999999999,6811.9,9362.5,9968.13,1524.345,513.0,6420.695
